[2026-01-21 16:37:25] production.ERROR: File not found at path: logs/logs/admin.log {"userId":497,"exception":"[object] (Illuminate\\Contracts\\Filesystem\\FileNotFoundException(code: 0): File not found at path: logs/logs/admin.log at /Users/nikita/Downloads/rustresort.com/vendor/laravel/framework/src/Illuminate/Filesystem/FilesystemAdapter.php:171)
[stacktrace]
#0 /Users/nikita/Downloads/rustresort.com/app/Http/Controllers/Backend/LogController.php(91): Illuminate\\Filesystem\\FilesystemAdapter->get('logs/logs/admin...')
#1 /Users/nikita/Downloads/rustresort.com/vendor/laravel/framework/src/Illuminate/Routing/Controller.php(54): App\\Http\\Controllers\\Backend\\LogController->adminlogs()
#2 /Users/nikita/Downloads/rustresort.com/vendor/laravel/framework/src/Illuminate/Routing/ControllerDispatcher.php(45): Illuminate\\Routing\\Controller->callAction('adminlogs', Array)
#3 /Users/nikita/Downloads/rustresort.com/vendor/laravel/framework/src/Illuminate/Routing/Route.php(261): Illuminate\\Routing\\ControllerDispatcher->dispatch(Object(Illuminate\\Routing\\Route), Object(App\\Http\\Controllers\\Backend\\LogController), 'adminlogs')
#4 /Users/nikita/Downloads/rustresort.com/vendor/laravel/framework/src/Illuminate/Routing/Route.php(205): Illuminate\\Routing\\Route->runController()
#5 /Users/nikita/Downloads/rustresort.com/vendor/laravel/framework/src/Illuminate/Routing/Router.php(721): Illuminate\\Routing\\Route->run()
#6 /Users/nikita/Downloads/rustresort.com/vendor/laravel/framework/src/Illuminate/Pipeline/Pipeline.php(128): Illuminate\\Routing\\Router->{closure:Illuminate\\Routing\\Router::runRouteWithinStack():719}(Object(Illuminate\\Http\\Request))
#7 /Users/nikita/Downloads/rustresort.com/vendor/laravel/framework/src/Illuminate/Auth/Middleware/Authorize.php(45): Illuminate\\Pipeline\\Pipeline->{closure:Illuminate\\Pipeline\\Pipeline::prepareDestination():126}(Object(Illuminate\\Http\\Request))
#8 /Users/nikita/Downloads/rustresort.com/vendor/laravel/framework/src/Illuminate/Pipeline/Pipeline.php(167): Illuminate\\Auth\\Middleware\\Authorize->handle(Object(Illuminate\\Http\\Request), Object(Closure), 'investor')
#9 /Users/nikita/Downloads/rustresort.com/app/Http/Middleware/ServerConfig.php(37): Illuminate\\Pipeline\\Pipeline->{closure:{closure:Illuminate\\Pipeline\\Pipeline::carry():142}:143}(Object(Illuminate\\Http\\Request))
#10 /Users/nikita/Downloads/rustresort.com/vendor/laravel/framework/src/Illuminate/Pipeline/Pipeline.php(167): App\\Http\\Middleware\\ServerConfig->handle(Object(Illuminate\\Http\\Request), Object(Closure))
#11 /Users/nikita/Downloads/rustresort.com/app/Http/Middleware/Localization.php(62): Illuminate\\Pipeline\\Pipeline->{closure:{closure:Illuminate\\Pipeline\\Pipeline::carry():142}:143}(Object(Illuminate\\Http\\Request))
#12 /Users/nikita/Downloads/rustresort.com/vendor/laravel/framework/src/Illuminate/Pipeline/Pipeline.php(167): App\\Http\\Middleware\\Localization->handle(Object(Illuminate\\Http\\Request), Object(Closure))
#13 /Users/nikita/Downloads/rustresort.com/vendor/laravel/framework/src/Illuminate/Routing/Middleware/SubstituteBindings.php(50): Illuminate\\Pipeline\\Pipeline->{closure:{closure:Illuminate\\Pipeline\\Pipeline::carry():142}:143}(Object(Illuminate\\Http\\Request))
#14 /Users/nikita/Downloads/rustresort.com/vendor/laravel/framework/src/Illuminate/Pipeline/Pipeline.php(167): Illuminate\\Routing\\Middleware\\SubstituteBindings->handle(Object(Illuminate\\Http\\Request), Object(Closure))
#15 /Users/nikita/Downloads/rustresort.com/vendor/laravel/framework/src/Illuminate/Foundation/Http/Middleware/VerifyCsrfToken.php(78): Illuminate\\Pipeline\\Pipeline->{closure:{closure:Illuminate\\Pipeline\\Pipeline::carry():142}:143}(Object(Illuminate\\Http\\Request))
#16 /Users/nikita/Downloads/rustresort.com/vendor/laravel/framework/src/Illuminate/Pipeline/Pipeline.php(167): Illuminate\\Foundation\\Http\\Middleware\\VerifyCsrfToken->handle(Object(Illuminate\\Http\\Request), Object(Closure))
#17 /Users/nikita/Downloads/rustresort.com/vendor/laravel/framework/src/Illuminate/Session/Middleware/AuthenticateSession.php(58): Illuminate\\Pipeline\\Pipeline->{closure:{closure:Illuminate\\Pipeline\\Pipeline::carry():142}:143}(Object(Illuminate\\Http\\Request))
#18 /Users/nikita/Downloads/rustresort.com/vendor/laravel/framework/src/Illuminate/Pipeline/Pipeline.php(167): Illuminate\\Session\\Middleware\\AuthenticateSession->handle(Object(Illuminate\\Http\\Request), Object(Closure))
#19 /Users/nikita/Downloads/rustresort.com/app/Http/Middleware/Backend.php(34): Illuminate\\Pipeline\\Pipeline->{closure:{closure:Illuminate\\Pipeline\\Pipeline::carry():142}:143}(Object(Illuminate\\Http\\Request))
#20 /Users/nikita/Downloads/rustresort.com/vendor/laravel/framework/src/Illuminate/Pipeline/Pipeline.php(167): App\\Http\\Middleware\\Backend->handle(Object(Illuminate\\Http\\Request), Object(Closure))
#21 /Users/nikita/Downloads/rustresort.com/vendor/laravel/framework/src/Illuminate/View/Middleware/ShareErrorsFromSession.php(49): Illuminate\\Pipeline\\Pipeline->{closure:{closure:Illuminate\\Pipeline\\Pipeline::carry():142}:143}(Object(Illuminate\\Http\\Request))
#22 /Users/nikita/Downloads/rustresort.com/vendor/laravel/framework/src/Illuminate/Pipeline/Pipeline.php(167): Illuminate\\View\\Middleware\\ShareErrorsFromSession->handle(Object(Illuminate\\Http\\Request), Object(Closure))
#23 /Users/nikita/Downloads/rustresort.com/vendor/laravel/framework/src/Illuminate/Cookie/Middleware/AddQueuedCookiesToResponse.php(37): Illuminate\\Pipeline\\Pipeline->{closure:{closure:Illuminate\\Pipeline\\Pipeline::carry():142}:143}(Object(Illuminate\\Http\\Request))
#24 /Users/nikita/Downloads/rustresort.com/vendor/laravel/framework/src/Illuminate/Pipeline/Pipeline.php(167): Illuminate\\Cookie\\Middleware\\AddQueuedCookiesToResponse->handle(Object(Illuminate\\Http\\Request), Object(Closure))
#25 /Users/nikita/Downloads/rustresort.com/vendor/laravel/framework/src/Illuminate/Cookie/Middleware/EncryptCookies.php(67): Illuminate\\Pipeline\\Pipeline->{closure:{closure:Illuminate\\Pipeline\\Pipeline::carry():142}:143}(Object(Illuminate\\Http\\Request))
#26 /Users/nikita/Downloads/rustresort.com/vendor/laravel/framework/src/Illuminate/Pipeline/Pipeline.php(167): Illuminate\\Cookie\\Middleware\\EncryptCookies->handle(Object(Illuminate\\Http\\Request), Object(Closure))
#27 /Users/nikita/Downloads/rustresort.com/vendor/laravel/framework/src/Illuminate/Pipeline/Pipeline.php(103): Illuminate\\Pipeline\\Pipeline->{closure:{closure:Illuminate\\Pipeline\\Pipeline::carry():142}:143}(Object(Illuminate\\Http\\Request))
#28 /Users/nikita/Downloads/rustresort.com/vendor/laravel/framework/src/Illuminate/Routing/Router.php(719): Illuminate\\Pipeline\\Pipeline->then(Object(Closure))
#29 /Users/nikita/Downloads/rustresort.com/vendor/laravel/framework/src/Illuminate/Routing/Router.php(698): Illuminate\\Routing\\Router->runRouteWithinStack(Object(Illuminate\\Routing\\Route), Object(Illuminate\\Http\\Request))
#30 /Users/nikita/Downloads/rustresort.com/vendor/laravel/framework/src/Illuminate/Routing/Router.php(662): Illuminate\\Routing\\Router->runRoute(Object(Illuminate\\Http\\Request), Object(Illuminate\\Routing\\Route))
#31 /Users/nikita/Downloads/rustresort.com/vendor/laravel/framework/src/Illuminate/Routing/Router.php(651): Illuminate\\Routing\\Router->dispatchToRoute(Object(Illuminate\\Http\\Request))
#32 /Users/nikita/Downloads/rustresort.com/vendor/laravel/framework/src/Illuminate/Foundation/Http/Kernel.php(167): Illuminate\\Routing\\Router->dispatch(Object(Illuminate\\Http\\Request))
#33 /Users/nikita/Downloads/rustresort.com/vendor/laravel/framework/src/Illuminate/Pipeline/Pipeline.php(128): Illuminate\\Foundation\\Http\\Kernel->{closure:Illuminate\\Foundation\\Http\\Kernel::dispatchToRouter():164}(Object(Illuminate\\Http\\Request))
#34 /Users/nikita/Downloads/rustresort.com/app/Http/Middleware/RemoveCookies.php(16): Illuminate\\Pipeline\\Pipeline->{closure:Illuminate\\Pipeline\\Pipeline::prepareDestination():126}(Object(Illuminate\\Http\\Request))
#35 /Users/nikita/Downloads/rustresort.com/vendor/laravel/framework/src/Illuminate/Pipeline/Pipeline.php(167): App\\Http\\Middleware\\RemoveCookies->handle(Object(Illuminate\\Http\\Request), Object(Closure))
#36 /Users/nikita/Downloads/rustresort.com/vendor/laravel/framework/src/Illuminate/Foundation/Http/Middleware/ValidatePostSize.php(27): Illuminate\\Pipeline\\Pipeline->{closure:{closure:Illuminate\\Pipeline\\Pipeline::carry():142}:143}(Object(Illuminate\\Http\\Request))
#37 /Users/nikita/Downloads/rustresort.com/vendor/laravel/framework/src/Illuminate/Pipeline/Pipeline.php(167): Illuminate\\Foundation\\Http\\Middleware\\ValidatePostSize->handle(Object(Illuminate\\Http\\Request), Object(Closure))
#38 /Users/nikita/Downloads/rustresort.com/app/Http/Middleware/CacheControlMiddleware.php(19): Illuminate\\Pipeline\\Pipeline->{closure:{closure:Illuminate\\Pipeline\\Pipeline::carry():142}:143}(Object(Illuminate\\Http\\Request))
#39 /Users/nikita/Downloads/rustresort.com/vendor/laravel/framework/src/Illuminate/Pipeline/Pipeline.php(167): App\\Http\\Middleware\\CacheControlMiddleware->handle(Object(Illuminate\\Http\\Request), Object(Closure))
#40 /Users/nikita/Downloads/rustresort.com/app/Http/Middleware/SiteConfig.php(74): Illuminate\\Pipeline\\Pipeline->{closure:{closure:Illuminate\\Pipeline\\Pipeline::carry():142}:143}(Object(Illuminate\\Http\\Request))
#41 /Users/nikita/Downloads/rustresort.com/vendor/laravel/framework/src/Illuminate/Pipeline/Pipeline.php(167): App\\Http\\Middleware\\SiteConfig->handle(Object(Illuminate\\Http\\Request), Object(Closure))
#42 /Users/nikita/Downloads/rustresort.com/app/Http/Middleware/CacheKiller.php(15): Illuminate\\Pipeline\\Pipeline->{closure:{closure:Illuminate\\Pipeline\\Pipeline::carry():142}:143}(Object(Illuminate\\Http\\Request))
#43 /Users/nikita/Downloads/rustresort.com/vendor/laravel/framework/src/Illuminate/Pipeline/Pipeline.php(167): App\\Http\\Middleware\\CacheKiller->handle(Object(Illuminate\\Http\\Request), Object(Closure))
#44 /Users/nikita/Downloads/rustresort.com/app/Http/Middleware/Background.php(60): Illuminate\\Pipeline\\Pipeline->{closure:{closure:Illuminate\\Pipeline\\Pipeline::carry():142}:143}(Object(Illuminate\\Http\\Request))
#45 /Users/nikita/Downloads/rustresort.com/vendor/laravel/framework/src/Illuminate/Pipeline/Pipeline.php(167): App\\Http\\Middleware\\Background->handle(Object(Illuminate\\Http\\Request), Object(Closure))
#46 /Users/nikita/Downloads/rustresort.com/app/Http/Middleware/Localization.php(62): Illuminate\\Pipeline\\Pipeline->{closure:{closure:Illuminate\\Pipeline\\Pipeline::carry():142}:143}(Object(Illuminate\\Http\\Request))
#47 /Users/nikita/Downloads/rustresort.com/vendor/laravel/framework/src/Illuminate/Pipeline/Pipeline.php(167): App\\Http\\Middleware\\Localization->handle(Object(Illuminate\\Http\\Request), Object(Closure))
#48 /Users/nikita/Downloads/rustresort.com/vendor/laravel/framework/src/Illuminate/Foundation/Http/Middleware/TransformsRequest.php(21): Illuminate\\Pipeline\\Pipeline->{closure:{closure:Illuminate\\Pipeline\\Pipeline::carry():142}:143}(Object(Illuminate\\Http\\Request))
#49 /Users/nikita/Downloads/rustresort.com/vendor/laravel/framework/src/Illuminate/Foundation/Http/Middleware/ConvertEmptyStringsToNull.php(31): Illuminate\\Foundation\\Http\\Middleware\\TransformsRequest->handle(Object(Illuminate\\Http\\Request), Object(Closure))
#50 /Users/nikita/Downloads/rustresort.com/vendor/laravel/framework/src/Illuminate/Pipeline/Pipeline.php(167): Illuminate\\Foundation\\Http\\Middleware\\ConvertEmptyStringsToNull->handle(Object(Illuminate\\Http\\Request), Object(Closure))
#51 /Users/nikita/Downloads/rustresort.com/vendor/laravel/framework/src/Illuminate/Foundation/Http/Middleware/TransformsRequest.php(21): Illuminate\\Pipeline\\Pipeline->{closure:{closure:Illuminate\\Pipeline\\Pipeline::carry():142}:143}(Object(Illuminate\\Http\\Request))
#52 /Users/nikita/Downloads/rustresort.com/vendor/laravel/framework/src/Illuminate/Foundation/Http/Middleware/TrimStrings.php(40): Illuminate\\Foundation\\Http\\Middleware\\TransformsRequest->handle(Object(Illuminate\\Http\\Request), Object(Closure))
#53 /Users/nikita/Downloads/rustresort.com/vendor/laravel/framework/src/Illuminate/Pipeline/Pipeline.php(167): Illuminate\\Foundation\\Http\\Middleware\\TrimStrings->handle(Object(Illuminate\\Http\\Request), Object(Closure))
#54 /Users/nikita/Downloads/rustresort.com/vendor/laravel/framework/src/Illuminate/Session/Middleware/StartSession.php(121): Illuminate\\Pipeline\\Pipeline->{closure:{closure:Illuminate\\Pipeline\\Pipeline::carry():142}:143}(Object(Illuminate\\Http\\Request))
#55 /Users/nikita/Downloads/rustresort.com/vendor/laravel/framework/src/Illuminate/Session/Middleware/StartSession.php(64): Illuminate\\Session\\Middleware\\StartSession->handleStatefulRequest(Object(Illuminate\\Http\\Request), Object(Illuminate\\Session\\Store), Object(Closure))
#56 /Users/nikita/Downloads/rustresort.com/vendor/laravel/framework/src/Illuminate/Pipeline/Pipeline.php(167): Illuminate\\Session\\Middleware\\StartSession->handle(Object(Illuminate\\Http\\Request), Object(Closure))
#57 /Users/nikita/Downloads/rustresort.com/vendor/laravel/framework/src/Illuminate/Foundation/Http/Middleware/PreventRequestsDuringMaintenance.php(86): Illuminate\\Pipeline\\Pipeline->{closure:{closure:Illuminate\\Pipeline\\Pipeline::carry():142}:143}(Object(Illuminate\\Http\\Request))
#58 /Users/nikita/Downloads/rustresort.com/vendor/laravel/framework/src/Illuminate/Pipeline/Pipeline.php(167): Illuminate\\Foundation\\Http\\Middleware\\PreventRequestsDuringMaintenance->handle(Object(Illuminate\\Http\\Request), Object(Closure))
#59 /Users/nikita/Downloads/rustresort.com/vendor/fruitcake/laravel-cors/src/HandleCors.php(38): Illuminate\\Pipeline\\Pipeline->{closure:{closure:Illuminate\\Pipeline\\Pipeline::carry():142}:143}(Object(Illuminate\\Http\\Request))
#60 /Users/nikita/Downloads/rustresort.com/vendor/laravel/framework/src/Illuminate/Pipeline/Pipeline.php(167): Fruitcake\\Cors\\HandleCors->handle(Object(Illuminate\\Http\\Request), Object(Closure))
#61 /Users/nikita/Downloads/rustresort.com/vendor/fideloper/proxy/src/TrustProxies.php(57): Illuminate\\Pipeline\\Pipeline->{closure:{closure:Illuminate\\Pipeline\\Pipeline::carry():142}:143}(Object(Illuminate\\Http\\Request))
#62 /Users/nikita/Downloads/rustresort.com/vendor/laravel/framework/src/Illuminate/Pipeline/Pipeline.php(167): Fideloper\\Proxy\\TrustProxies->handle(Object(Illuminate\\Http\\Request), Object(Closure))
#63 /Users/nikita/Downloads/rustresort.com/vendor/laravel/framework/src/Illuminate/Pipeline/Pipeline.php(103): Illuminate\\Pipeline\\Pipeline->{closure:{closure:Illuminate\\Pipeline\\Pipeline::carry():142}:143}(Object(Illuminate\\Http\\Request))
#64 /Users/nikita/Downloads/rustresort.com/vendor/laravel/framework/src/Illuminate/Foundation/Http/Kernel.php(142): Illuminate\\Pipeline\\Pipeline->then(Object(Closure))
#65 /Users/nikita/Downloads/rustresort.com/vendor/laravel/framework/src/Illuminate/Foundation/Http/Kernel.php(111): Illuminate\\Foundation\\Http\\Kernel->sendRequestThroughRouter(Object(Illuminate\\Http\\Request))
#66 /Users/nikita/Downloads/rustresort.com/public/index.php(52): Illuminate\\Foundation\\Http\\Kernel->handle(Object(Illuminate\\Http\\Request))
#67 /Users/nikita/Downloads/rustresort.com/server.php(21): require_once('/Users/nikita/D...')
#68 {main}

[previous exception] [object] (League\\Flysystem\\FileNotFoundException(code: 0): File not found at path: logs/logs/admin.log at /Users/nikita/Downloads/rustresort.com/vendor/league/flysystem/src/Filesystem.php:390)
[stacktrace]
#0 /Users/nikita/Downloads/rustresort.com/vendor/league/flysystem/src/Filesystem.php(180): League\\Flysystem\\Filesystem->assertPresent('logs/logs/admin...')
#1 /Users/nikita/Downloads/rustresort.com/vendor/laravel/framework/src/Illuminate/Filesystem/FilesystemAdapter.php(169): League\\Flysystem\\Filesystem->read('logs/logs/admin...')
#2 /Users/nikita/Downloads/rustresort.com/app/Http/Controllers/Backend/LogController.php(91): Illuminate\\Filesystem\\FilesystemAdapter->get('logs/logs/admin...')
#3 /Users/nikita/Downloads/rustresort.com/vendor/laravel/framework/src/Illuminate/Routing/Controller.php(54): App\\Http\\Controllers\\Backend\\LogController->adminlogs()
#4 /Users/nikita/Downloads/rustresort.com/vendor/laravel/framework/src/Illuminate/Routing/ControllerDispatcher.php(45): Illuminate\\Routing\\Controller->callAction('adminlogs', Array)
#5 /Users/nikita/Downloads/rustresort.com/vendor/laravel/framework/src/Illuminate/Routing/Route.php(261): Illuminate\\Routing\\ControllerDispatcher->dispatch(Object(Illuminate\\Routing\\Route), Object(App\\Http\\Controllers\\Backend\\LogController), 'adminlogs')
#6 /Users/nikita/Downloads/rustresort.com/vendor/laravel/framework/src/Illuminate/Routing/Route.php(205): Illuminate\\Routing\\Route->runController()
#7 /Users/nikita/Downloads/rustresort.com/vendor/laravel/framework/src/Illuminate/Routing/Router.php(721): Illuminate\\Routing\\Route->run()
#8 /Users/nikita/Downloads/rustresort.com/vendor/laravel/framework/src/Illuminate/Pipeline/Pipeline.php(128): Illuminate\\Routing\\Router->{closure:Illuminate\\Routing\\Router::runRouteWithinStack():719}(Object(Illuminate\\Http\\Request))
#9 /Users/nikita/Downloads/rustresort.com/vendor/laravel/framework/src/Illuminate/Auth/Middleware/Authorize.php(45): Illuminate\\Pipeline\\Pipeline->{closure:Illuminate\\Pipeline\\Pipeline::prepareDestination():126}(Object(Illuminate\\Http\\Request))
#10 /Users/nikita/Downloads/rustresort.com/vendor/laravel/framework/src/Illuminate/Pipeline/Pipeline.php(167): Illuminate\\Auth\\Middleware\\Authorize->handle(Object(Illuminate\\Http\\Request), Object(Closure), 'investor')
#11 /Users/nikita/Downloads/rustresort.com/app/Http/Middleware/ServerConfig.php(37): Illuminate\\Pipeline\\Pipeline->{closure:{closure:Illuminate\\Pipeline\\Pipeline::carry():142}:143}(Object(Illuminate\\Http\\Request))
#12 /Users/nikita/Downloads/rustresort.com/vendor/laravel/framework/src/Illuminate/Pipeline/Pipeline.php(167): App\\Http\\Middleware\\ServerConfig->handle(Object(Illuminate\\Http\\Request), Object(Closure))
#13 /Users/nikita/Downloads/rustresort.com/app/Http/Middleware/Localization.php(62): Illuminate\\Pipeline\\Pipeline->{closure:{closure:Illuminate\\Pipeline\\Pipeline::carry():142}:143}(Object(Illuminate\\Http\\Request))
#14 /Users/nikita/Downloads/rustresort.com/vendor/laravel/framework/src/Illuminate/Pipeline/Pipeline.php(167): App\\Http\\Middleware\\Localization->handle(Object(Illuminate\\Http\\Request), Object(Closure))
#15 /Users/nikita/Downloads/rustresort.com/vendor/laravel/framework/src/Illuminate/Routing/Middleware/SubstituteBindings.php(50): Illuminate\\Pipeline\\Pipeline->{closure:{closure:Illuminate\\Pipeline\\Pipeline::carry():142}:143}(Object(Illuminate\\Http\\Request))
#16 /Users/nikita/Downloads/rustresort.com/vendor/laravel/framework/src/Illuminate/Pipeline/Pipeline.php(167): Illuminate\\Routing\\Middleware\\SubstituteBindings->handle(Object(Illuminate\\Http\\Request), Object(Closure))
#17 /Users/nikita/Downloads/rustresort.com/vendor/laravel/framework/src/Illuminate/Foundation/Http/Middleware/VerifyCsrfToken.php(78): Illuminate\\Pipeline\\Pipeline->{closure:{closure:Illuminate\\Pipeline\\Pipeline::carry():142}:143}(Object(Illuminate\\Http\\Request))
#18 /Users/nikita/Downloads/rustresort.com/vendor/laravel/framework/src/Illuminate/Pipeline/Pipeline.php(167): Illuminate\\Foundation\\Http\\Middleware\\VerifyCsrfToken->handle(Object(Illuminate\\Http\\Request), Object(Closure))
#19 /Users/nikita/Downloads/rustresort.com/vendor/laravel/framework/src/Illuminate/Session/Middleware/AuthenticateSession.php(58): Illuminate\\Pipeline\\Pipeline->{closure:{closure:Illuminate\\Pipeline\\Pipeline::carry():142}:143}(Object(Illuminate\\Http\\Request))
#20 /Users/nikita/Downloads/rustresort.com/vendor/laravel/framework/src/Illuminate/Pipeline/Pipeline.php(167): Illuminate\\Session\\Middleware\\AuthenticateSession->handle(Object(Illuminate\\Http\\Request), Object(Closure))
#21 /Users/nikita/Downloads/rustresort.com/app/Http/Middleware/Backend.php(34): Illuminate\\Pipeline\\Pipeline->{closure:{closure:Illuminate\\Pipeline\\Pipeline::carry():142}:143}(Object(Illuminate\\Http\\Request))
#22 /Users/nikita/Downloads/rustresort.com/vendor/laravel/framework/src/Illuminate/Pipeline/Pipeline.php(167): App\\Http\\Middleware\\Backend->handle(Object(Illuminate\\Http\\Request), Object(Closure))
#23 /Users/nikita/Downloads/rustresort.com/vendor/laravel/framework/src/Illuminate/View/Middleware/ShareErrorsFromSession.php(49): Illuminate\\Pipeline\\Pipeline->{closure:{closure:Illuminate\\Pipeline\\Pipeline::carry():142}:143}(Object(Illuminate\\Http\\Request))
#24 /Users/nikita/Downloads/rustresort.com/vendor/laravel/framework/src/Illuminate/Pipeline/Pipeline.php(167): Illuminate\\View\\Middleware\\ShareErrorsFromSession->handle(Object(Illuminate\\Http\\Request), Object(Closure))
#25 /Users/nikita/Downloads/rustresort.com/vendor/laravel/framework/src/Illuminate/Cookie/Middleware/AddQueuedCookiesToResponse.php(37): Illuminate\\Pipeline\\Pipeline->{closure:{closure:Illuminate\\Pipeline\\Pipeline::carry():142}:143}(Object(Illuminate\\Http\\Request))
#26 /Users/nikita/Downloads/rustresort.com/vendor/laravel/framework/src/Illuminate/Pipeline/Pipeline.php(167): Illuminate\\Cookie\\Middleware\\AddQueuedCookiesToResponse->handle(Object(Illuminate\\Http\\Request), Object(Closure))
#27 /Users/nikita/Downloads/rustresort.com/vendor/laravel/framework/src/Illuminate/Cookie/Middleware/EncryptCookies.php(67): Illuminate\\Pipeline\\Pipeline->{closure:{closure:Illuminate\\Pipeline\\Pipeline::carry():142}:143}(Object(Illuminate\\Http\\Request))
#28 /Users/nikita/Downloads/rustresort.com/vendor/laravel/framework/src/Illuminate/Pipeline/Pipeline.php(167): Illuminate\\Cookie\\Middleware\\EncryptCookies->handle(Object(Illuminate\\Http\\Request), Object(Closure))
#29 /Users/nikita/Downloads/rustresort.com/vendor/laravel/framework/src/Illuminate/Pipeline/Pipeline.php(103): Illuminate\\Pipeline\\Pipeline->{closure:{closure:Illuminate\\Pipeline\\Pipeline::carry():142}:143}(Object(Illuminate\\Http\\Request))
#30 /Users/nikita/Downloads/rustresort.com/vendor/laravel/framework/src/Illuminate/Routing/Router.php(719): Illuminate\\Pipeline\\Pipeline->then(Object(Closure))
#31 /Users/nikita/Downloads/rustresort.com/vendor/laravel/framework/src/Illuminate/Routing/Router.php(698): Illuminate\\Routing\\Router->runRouteWithinStack(Object(Illuminate\\Routing\\Route), Object(Illuminate\\Http\\Request))
#32 /Users/nikita/Downloads/rustresort.com/vendor/laravel/framework/src/Illuminate/Routing/Router.php(662): Illuminate\\Routing\\Router->runRoute(Object(Illuminate\\Http\\Request), Object(Illuminate\\Routing\\Route))
#33 /Users/nikita/Downloads/rustresort.com/vendor/laravel/framework/src/Illuminate/Routing/Router.php(651): Illuminate\\Routing\\Router->dispatchToRoute(Object(Illuminate\\Http\\Request))
#34 /Users/nikita/Downloads/rustresort.com/vendor/laravel/framework/src/Illuminate/Foundation/Http/Kernel.php(167): Illuminate\\Routing\\Router->dispatch(Object(Illuminate\\Http\\Request))
#35 /Users/nikita/Downloads/rustresort.com/vendor/laravel/framework/src/Illuminate/Pipeline/Pipeline.php(128): Illuminate\\Foundation\\Http\\Kernel->{closure:Illuminate\\Foundation\\Http\\Kernel::dispatchToRouter():164}(Object(Illuminate\\Http\\Request))
#36 /Users/nikita/Downloads/rustresort.com/app/Http/Middleware/RemoveCookies.php(16): Illuminate\\Pipeline\\Pipeline->{closure:Illuminate\\Pipeline\\Pipeline::prepareDestination():126}(Object(Illuminate\\Http\\Request))
#37 /Users/nikita/Downloads/rustresort.com/vendor/laravel/framework/src/Illuminate/Pipeline/Pipeline.php(167): App\\Http\\Middleware\\RemoveCookies->handle(Object(Illuminate\\Http\\Request), Object(Closure))
#38 /Users/nikita/Downloads/rustresort.com/vendor/laravel/framework/src/Illuminate/Foundation/Http/Middleware/ValidatePostSize.php(27): Illuminate\\Pipeline\\Pipeline->{closure:{closure:Illuminate\\Pipeline\\Pipeline::carry():142}:143}(Object(Illuminate\\Http\\Request))
#39 /Users/nikita/Downloads/rustresort.com/vendor/laravel/framework/src/Illuminate/Pipeline/Pipeline.php(167): Illuminate\\Foundation\\Http\\Middleware\\ValidatePostSize->handle(Object(Illuminate\\Http\\Request), Object(Closure))
#40 /Users/nikita/Downloads/rustresort.com/app/Http/Middleware/CacheControlMiddleware.php(19): Illuminate\\Pipeline\\Pipeline->{closure:{closure:Illuminate\\Pipeline\\Pipeline::carry():142}:143}(Object(Illuminate\\Http\\Request))
#41 /Users/nikita/Downloads/rustresort.com/vendor/laravel/framework/src/Illuminate/Pipeline/Pipeline.php(167): App\\Http\\Middleware\\CacheControlMiddleware->handle(Object(Illuminate\\Http\\Request), Object(Closure))
#42 /Users/nikita/Downloads/rustresort.com/app/Http/Middleware/SiteConfig.php(74): Illuminate\\Pipeline\\Pipeline->{closure:{closure:Illuminate\\Pipeline\\Pipeline::carry():142}:143}(Object(Illuminate\\Http\\Request))
#43 /Users/nikita/Downloads/rustresort.com/vendor/laravel/framework/src/Illuminate/Pipeline/Pipeline.php(167): App\\Http\\Middleware\\SiteConfig->handle(Object(Illuminate\\Http\\Request), Object(Closure))
#44 /Users/nikita/Downloads/rustresort.com/app/Http/Middleware/CacheKiller.php(15): Illuminate\\Pipeline\\Pipeline->{closure:{closure:Illuminate\\Pipeline\\Pipeline::carry():142}:143}(Object(Illuminate\\Http\\Request))
#45 /Users/nikita/Downloads/rustresort.com/vendor/laravel/framework/src/Illuminate/Pipeline/Pipeline.php(167): App\\Http\\Middleware\\CacheKiller->handle(Object(Illuminate\\Http\\Request), Object(Closure))
#46 /Users/nikita/Downloads/rustresort.com/app/Http/Middleware/Background.php(60): Illuminate\\Pipeline\\Pipeline->{closure:{closure:Illuminate\\Pipeline\\Pipeline::carry():142}:143}(Object(Illuminate\\Http\\Request))
#47 /Users/nikita/Downloads/rustresort.com/vendor/laravel/framework/src/Illuminate/Pipeline/Pipeline.php(167): App\\Http\\Middleware\\Background->handle(Object(Illuminate\\Http\\Request), Object(Closure))
#48 /Users/nikita/Downloads/rustresort.com/app/Http/Middleware/Localization.php(62): Illuminate\\Pipeline\\Pipeline->{closure:{closure:Illuminate\\Pipeline\\Pipeline::carry():142}:143}(Object(Illuminate\\Http\\Request))
#49 /Users/nikita/Downloads/rustresort.com/vendor/laravel/framework/src/Illuminate/Pipeline/Pipeline.php(167): App\\Http\\Middleware\\Localization->handle(Object(Illuminate\\Http\\Request), Object(Closure))
#50 /Users/nikita/Downloads/rustresort.com/vendor/laravel/framework/src/Illuminate/Foundation/Http/Middleware/TransformsRequest.php(21): Illuminate\\Pipeline\\Pipeline->{closure:{closure:Illuminate\\Pipeline\\Pipeline::carry():142}:143}(Object(Illuminate\\Http\\Request))
#51 /Users/nikita/Downloads/rustresort.com/vendor/laravel/framework/src/Illuminate/Foundation/Http/Middleware/ConvertEmptyStringsToNull.php(31): Illuminate\\Foundation\\Http\\Middleware\\TransformsRequest->handle(Object(Illuminate\\Http\\Request), Object(Closure))
#52 /Users/nikita/Downloads/rustresort.com/vendor/laravel/framework/src/Illuminate/Pipeline/Pipeline.php(167): Illuminate\\Foundation\\Http\\Middleware\\ConvertEmptyStringsToNull->handle(Object(Illuminate\\Http\\Request), Object(Closure))
#53 /Users/nikita/Downloads/rustresort.com/vendor/laravel/framework/src/Illuminate/Foundation/Http/Middleware/TransformsRequest.php(21): Illuminate\\Pipeline\\Pipeline->{closure:{closure:Illuminate\\Pipeline\\Pipeline::carry():142}:143}(Object(Illuminate\\Http\\Request))
#54 /Users/nikita/Downloads/rustresort.com/vendor/laravel/framework/src/Illuminate/Foundation/Http/Middleware/TrimStrings.php(40): Illuminate\\Foundation\\Http\\Middleware\\TransformsRequest->handle(Object(Illuminate\\Http\\Request), Object(Closure))
#55 /Users/nikita/Downloads/rustresort.com/vendor/laravel/framework/src/Illuminate/Pipeline/Pipeline.php(167): Illuminate\\Foundation\\Http\\Middleware\\TrimStrings->handle(Object(Illuminate\\Http\\Request), Object(Closure))
#56 /Users/nikita/Downloads/rustresort.com/vendor/laravel/framework/src/Illuminate/Session/Middleware/StartSession.php(121): Illuminate\\Pipeline\\Pipeline->{closure:{closure:Illuminate\\Pipeline\\Pipeline::carry():142}:143}(Object(Illuminate\\Http\\Request))
#57 /Users/nikita/Downloads/rustresort.com/vendor/laravel/framework/src/Illuminate/Session/Middleware/StartSession.php(64): Illuminate\\Session\\Middleware\\StartSession->handleStatefulRequest(Object(Illuminate\\Http\\Request), Object(Illuminate\\Session\\Store), Object(Closure))
#58 /Users/nikita/Downloads/rustresort.com/vendor/laravel/framework/src/Illuminate/Pipeline/Pipeline.php(167): Illuminate\\Session\\Middleware\\StartSession->handle(Object(Illuminate\\Http\\Request), Object(Closure))
#59 /Users/nikita/Downloads/rustresort.com/vendor/laravel/framework/src/Illuminate/Foundation/Http/Middleware/PreventRequestsDuringMaintenance.php(86): Illuminate\\Pipeline\\Pipeline->{closure:{closure:Illuminate\\Pipeline\\Pipeline::carry():142}:143}(Object(Illuminate\\Http\\Request))
#60 /Users/nikita/Downloads/rustresort.com/vendor/laravel/framework/src/Illuminate/Pipeline/Pipeline.php(167): Illuminate\\Foundation\\Http\\Middleware\\PreventRequestsDuringMaintenance->handle(Object(Illuminate\\Http\\Request), Object(Closure))
#61 /Users/nikita/Downloads/rustresort.com/vendor/fruitcake/laravel-cors/src/HandleCors.php(38): Illuminate\\Pipeline\\Pipeline->{closure:{closure:Illuminate\\Pipeline\\Pipeline::carry():142}:143}(Object(Illuminate\\Http\\Request))
#62 /Users/nikita/Downloads/rustresort.com/vendor/laravel/framework/src/Illuminate/Pipeline/Pipeline.php(167): Fruitcake\\Cors\\HandleCors->handle(Object(Illuminate\\Http\\Request), Object(Closure))
#63 /Users/nikita/Downloads/rustresort.com/vendor/fideloper/proxy/src/TrustProxies.php(57): Illuminate\\Pipeline\\Pipeline->{closure:{closure:Illuminate\\Pipeline\\Pipeline::carry():142}:143}(Object(Illuminate\\Http\\Request))
#64 /Users/nikita/Downloads/rustresort.com/vendor/laravel/framework/src/Illuminate/Pipeline/Pipeline.php(167): Fideloper\\Proxy\\TrustProxies->handle(Object(Illuminate\\Http\\Request), Object(Closure))
#65 /Users/nikita/Downloads/rustresort.com/vendor/laravel/framework/src/Illuminate/Pipeline/Pipeline.php(103): Illuminate\\Pipeline\\Pipeline->{closure:{closure:Illuminate\\Pipeline\\Pipeline::carry():142}:143}(Object(Illuminate\\Http\\Request))
#66 /Users/nikita/Downloads/rustresort.com/vendor/laravel/framework/src/Illuminate/Foundation/Http/Kernel.php(142): Illuminate\\Pipeline\\Pipeline->then(Object(Closure))
#67 /Users/nikita/Downloads/rustresort.com/vendor/laravel/framework/src/Illuminate/Foundation/Http/Kernel.php(111): Illuminate\\Foundation\\Http\\Kernel->sendRequestThroughRouter(Object(Illuminate\\Http\\Request))
#68 /Users/nikita/Downloads/rustresort.com/public/index.php(52): Illuminate\\Foundation\\Http\\Kernel->handle(Object(Illuminate\\Http\\Request))
#69 /Users/nikita/Downloads/rustresort.com/server.php(21): require_once('/Users/nikita/D...')
#70 {main}
"} 
[2026-01-28 18:16:18] production.ERROR: SQLSTATE[42S22]: Column not found: 1054 Unknown column 'discount_percent' in 'field list' (SQL: update `shop_items` set `discount_percent` = 10, `shop_items`.`updated_at` = 2026-01-28 18:16:18 where `id` = 41) {"userId":497,"exception":"[object] (Illuminate\\Database\\QueryException(code: 42S22): SQLSTATE[42S22]: Column not found: 1054 Unknown column 'discount_percent' in 'field list' (SQL: update `shop_items` set `discount_percent` = 10, `shop_items`.`updated_at` = 2026-01-28 18:16:18 where `id` = 41) at /Users/nikita/Downloads/rustresort.com/vendor/laravel/framework/src/Illuminate/Database/Connection.php:712)
[stacktrace]
#0 /Users/nikita/Downloads/rustresort.com/vendor/laravel/framework/src/Illuminate/Database/Connection.php(672): Illuminate\\Database\\Connection->runQueryCallback('update `shop_it...', Array, Object(Closure))
#1 /Users/nikita/Downloads/rustresort.com/vendor/laravel/framework/src/Illuminate/Database/Connection.php(514): Illuminate\\Database\\Connection->run('update `shop_it...', Array, Object(Closure))
#2 /Users/nikita/Downloads/rustresort.com/vendor/laravel/framework/src/Illuminate/Database/Connection.php(466): Illuminate\\Database\\Connection->affectingStatement('update `shop_it...', Array)
#3 /Users/nikita/Downloads/rustresort.com/vendor/laravel/framework/src/Illuminate/Database/Query/Builder.php(3062): Illuminate\\Database\\Connection->update('update `shop_it...', Array)
#4 /Users/nikita/Downloads/rustresort.com/vendor/laravel/framework/src/Illuminate/Database/Eloquent/Builder.php(921): Illuminate\\Database\\Query\\Builder->update(Array)
#5 /Users/nikita/Downloads/rustresort.com/vendor/laravel/framework/src/Illuminate/Database/Eloquent/Model.php(1072): Illuminate\\Database\\Eloquent\\Builder->update(Array)
#6 /Users/nikita/Downloads/rustresort.com/vendor/laravel/framework/src/Illuminate/Database/Eloquent/Model.php(987): Illuminate\\Database\\Eloquent\\Model->performUpdate(Object(Illuminate\\Database\\Eloquent\\Builder))
#7 /Users/nikita/Downloads/rustresort.com/vendor/laravel/framework/src/Illuminate/Database/Eloquent/Model.php(885): Illuminate\\Database\\Eloquent\\Model->save(Array)
#8 /Users/nikita/Downloads/rustresort.com/app/Http/Controllers/Backend/ShopItemController.php(200): Illuminate\\Database\\Eloquent\\Model->update(Array)
#9 /Users/nikita/Downloads/rustresort.com/vendor/laravel/framework/src/Illuminate/Routing/Controller.php(54): App\\Http\\Controllers\\Backend\\ShopItemController->update(Object(App\\Http\\Requests\\ShopItemRequest), Object(App\\Models\\ShopItem))
#10 /Users/nikita/Downloads/rustresort.com/vendor/laravel/framework/src/Illuminate/Routing/ControllerDispatcher.php(45): Illuminate\\Routing\\Controller->callAction('update', Array)
#11 /Users/nikita/Downloads/rustresort.com/vendor/laravel/framework/src/Illuminate/Routing/Route.php(261): Illuminate\\Routing\\ControllerDispatcher->dispatch(Object(Illuminate\\Routing\\Route), Object(App\\Http\\Controllers\\Backend\\ShopItemController), 'update')
#12 /Users/nikita/Downloads/rustresort.com/vendor/laravel/framework/src/Illuminate/Routing/Route.php(205): Illuminate\\Routing\\Route->runController()
#13 /Users/nikita/Downloads/rustresort.com/vendor/laravel/framework/src/Illuminate/Routing/Router.php(721): Illuminate\\Routing\\Route->run()
#14 /Users/nikita/Downloads/rustresort.com/vendor/laravel/framework/src/Illuminate/Pipeline/Pipeline.php(128): Illuminate\\Routing\\Router->{closure:Illuminate\\Routing\\Router::runRouteWithinStack():719}(Object(Illuminate\\Http\\Request))
#15 /Users/nikita/Downloads/rustresort.com/vendor/laravel/framework/src/Illuminate/Auth/Middleware/Authorize.php(45): Illuminate\\Pipeline\\Pipeline->{closure:Illuminate\\Pipeline\\Pipeline::prepareDestination():126}(Object(Illuminate\\Http\\Request))
#16 /Users/nikita/Downloads/rustresort.com/vendor/laravel/framework/src/Illuminate/Pipeline/Pipeline.php(167): Illuminate\\Auth\\Middleware\\Authorize->handle(Object(Illuminate\\Http\\Request), Object(Closure), 'admin')
#17 /Users/nikita/Downloads/rustresort.com/app/Http/Middleware/ServerConfig.php(37): Illuminate\\Pipeline\\Pipeline->{closure:{closure:Illuminate\\Pipeline\\Pipeline::carry():142}:143}(Object(Illuminate\\Http\\Request))
#18 /Users/nikita/Downloads/rustresort.com/vendor/laravel/framework/src/Illuminate/Pipeline/Pipeline.php(167): App\\Http\\Middleware\\ServerConfig->handle(Object(Illuminate\\Http\\Request), Object(Closure))
#19 /Users/nikita/Downloads/rustresort.com/app/Http/Middleware/Localization.php(62): Illuminate\\Pipeline\\Pipeline->{closure:{closure:Illuminate\\Pipeline\\Pipeline::carry():142}:143}(Object(Illuminate\\Http\\Request))
#20 /Users/nikita/Downloads/rustresort.com/vendor/laravel/framework/src/Illuminate/Pipeline/Pipeline.php(167): App\\Http\\Middleware\\Localization->handle(Object(Illuminate\\Http\\Request), Object(Closure))
#21 /Users/nikita/Downloads/rustresort.com/vendor/laravel/framework/src/Illuminate/Routing/Middleware/SubstituteBindings.php(50): Illuminate\\Pipeline\\Pipeline->{closure:{closure:Illuminate\\Pipeline\\Pipeline::carry():142}:143}(Object(Illuminate\\Http\\Request))
#22 /Users/nikita/Downloads/rustresort.com/vendor/laravel/framework/src/Illuminate/Pipeline/Pipeline.php(167): Illuminate\\Routing\\Middleware\\SubstituteBindings->handle(Object(Illuminate\\Http\\Request), Object(Closure))
#23 /Users/nikita/Downloads/rustresort.com/vendor/laravel/framework/src/Illuminate/Foundation/Http/Middleware/VerifyCsrfToken.php(78): Illuminate\\Pipeline\\Pipeline->{closure:{closure:Illuminate\\Pipeline\\Pipeline::carry():142}:143}(Object(Illuminate\\Http\\Request))
#24 /Users/nikita/Downloads/rustresort.com/vendor/laravel/framework/src/Illuminate/Pipeline/Pipeline.php(167): Illuminate\\Foundation\\Http\\Middleware\\VerifyCsrfToken->handle(Object(Illuminate\\Http\\Request), Object(Closure))
#25 /Users/nikita/Downloads/rustresort.com/vendor/laravel/framework/src/Illuminate/Session/Middleware/AuthenticateSession.php(58): Illuminate\\Pipeline\\Pipeline->{closure:{closure:Illuminate\\Pipeline\\Pipeline::carry():142}:143}(Object(Illuminate\\Http\\Request))
#26 /Users/nikita/Downloads/rustresort.com/vendor/laravel/framework/src/Illuminate/Pipeline/Pipeline.php(167): Illuminate\\Session\\Middleware\\AuthenticateSession->handle(Object(Illuminate\\Http\\Request), Object(Closure))
#27 /Users/nikita/Downloads/rustresort.com/app/Http/Middleware/Backend.php(34): Illuminate\\Pipeline\\Pipeline->{closure:{closure:Illuminate\\Pipeline\\Pipeline::carry():142}:143}(Object(Illuminate\\Http\\Request))
#28 /Users/nikita/Downloads/rustresort.com/vendor/laravel/framework/src/Illuminate/Pipeline/Pipeline.php(167): App\\Http\\Middleware\\Backend->handle(Object(Illuminate\\Http\\Request), Object(Closure))
#29 /Users/nikita/Downloads/rustresort.com/vendor/laravel/framework/src/Illuminate/View/Middleware/ShareErrorsFromSession.php(49): Illuminate\\Pipeline\\Pipeline->{closure:{closure:Illuminate\\Pipeline\\Pipeline::carry():142}:143}(Object(Illuminate\\Http\\Request))
#30 /Users/nikita/Downloads/rustresort.com/vendor/laravel/framework/src/Illuminate/Pipeline/Pipeline.php(167): Illuminate\\View\\Middleware\\ShareErrorsFromSession->handle(Object(Illuminate\\Http\\Request), Object(Closure))
#31 /Users/nikita/Downloads/rustresort.com/vendor/laravel/framework/src/Illuminate/Cookie/Middleware/AddQueuedCookiesToResponse.php(37): Illuminate\\Pipeline\\Pipeline->{closure:{closure:Illuminate\\Pipeline\\Pipeline::carry():142}:143}(Object(Illuminate\\Http\\Request))
#32 /Users/nikita/Downloads/rustresort.com/vendor/laravel/framework/src/Illuminate/Pipeline/Pipeline.php(167): Illuminate\\Cookie\\Middleware\\AddQueuedCookiesToResponse->handle(Object(Illuminate\\Http\\Request), Object(Closure))
#33 /Users/nikita/Downloads/rustresort.com/vendor/laravel/framework/src/Illuminate/Cookie/Middleware/EncryptCookies.php(67): Illuminate\\Pipeline\\Pipeline->{closure:{closure:Illuminate\\Pipeline\\Pipeline::carry():142}:143}(Object(Illuminate\\Http\\Request))
#34 /Users/nikita/Downloads/rustresort.com/vendor/laravel/framework/src/Illuminate/Pipeline/Pipeline.php(167): Illuminate\\Cookie\\Middleware\\EncryptCookies->handle(Object(Illuminate\\Http\\Request), Object(Closure))
#35 /Users/nikita/Downloads/rustresort.com/vendor/laravel/framework/src/Illuminate/Pipeline/Pipeline.php(103): Illuminate\\Pipeline\\Pipeline->{closure:{closure:Illuminate\\Pipeline\\Pipeline::carry():142}:143}(Object(Illuminate\\Http\\Request))
#36 /Users/nikita/Downloads/rustresort.com/vendor/laravel/framework/src/Illuminate/Routing/Router.php(719): Illuminate\\Pipeline\\Pipeline->then(Object(Closure))
#37 /Users/nikita/Downloads/rustresort.com/vendor/laravel/framework/src/Illuminate/Routing/Router.php(698): Illuminate\\Routing\\Router->runRouteWithinStack(Object(Illuminate\\Routing\\Route), Object(Illuminate\\Http\\Request))
#38 /Users/nikita/Downloads/rustresort.com/vendor/laravel/framework/src/Illuminate/Routing/Router.php(662): Illuminate\\Routing\\Router->runRoute(Object(Illuminate\\Http\\Request), Object(Illuminate\\Routing\\Route))
#39 /Users/nikita/Downloads/rustresort.com/vendor/laravel/framework/src/Illuminate/Routing/Router.php(651): Illuminate\\Routing\\Router->dispatchToRoute(Object(Illuminate\\Http\\Request))
#40 /Users/nikita/Downloads/rustresort.com/vendor/laravel/framework/src/Illuminate/Foundation/Http/Kernel.php(167): Illuminate\\Routing\\Router->dispatch(Object(Illuminate\\Http\\Request))
#41 /Users/nikita/Downloads/rustresort.com/vendor/laravel/framework/src/Illuminate/Pipeline/Pipeline.php(128): Illuminate\\Foundation\\Http\\Kernel->{closure:Illuminate\\Foundation\\Http\\Kernel::dispatchToRouter():164}(Object(Illuminate\\Http\\Request))
#42 /Users/nikita/Downloads/rustresort.com/app/Http/Middleware/RemoveCookies.php(16): Illuminate\\Pipeline\\Pipeline->{closure:Illuminate\\Pipeline\\Pipeline::prepareDestination():126}(Object(Illuminate\\Http\\Request))
#43 /Users/nikita/Downloads/rustresort.com/vendor/laravel/framework/src/Illuminate/Pipeline/Pipeline.php(167): App\\Http\\Middleware\\RemoveCookies->handle(Object(Illuminate\\Http\\Request), Object(Closure))
#44 /Users/nikita/Downloads/rustresort.com/vendor/laravel/framework/src/Illuminate/Foundation/Http/Middleware/ValidatePostSize.php(27): Illuminate\\Pipeline\\Pipeline->{closure:{closure:Illuminate\\Pipeline\\Pipeline::carry():142}:143}(Object(Illuminate\\Http\\Request))
#45 /Users/nikita/Downloads/rustresort.com/vendor/laravel/framework/src/Illuminate/Pipeline/Pipeline.php(167): Illuminate\\Foundation\\Http\\Middleware\\ValidatePostSize->handle(Object(Illuminate\\Http\\Request), Object(Closure))
#46 /Users/nikita/Downloads/rustresort.com/app/Http/Middleware/CacheControlMiddleware.php(19): Illuminate\\Pipeline\\Pipeline->{closure:{closure:Illuminate\\Pipeline\\Pipeline::carry():142}:143}(Object(Illuminate\\Http\\Request))
#47 /Users/nikita/Downloads/rustresort.com/vendor/laravel/framework/src/Illuminate/Pipeline/Pipeline.php(167): App\\Http\\Middleware\\CacheControlMiddleware->handle(Object(Illuminate\\Http\\Request), Object(Closure))
#48 /Users/nikita/Downloads/rustresort.com/app/Http/Middleware/SiteConfig.php(74): Illuminate\\Pipeline\\Pipeline->{closure:{closure:Illuminate\\Pipeline\\Pipeline::carry():142}:143}(Object(Illuminate\\Http\\Request))
#49 /Users/nikita/Downloads/rustresort.com/vendor/laravel/framework/src/Illuminate/Pipeline/Pipeline.php(167): App\\Http\\Middleware\\SiteConfig->handle(Object(Illuminate\\Http\\Request), Object(Closure))
#50 /Users/nikita/Downloads/rustresort.com/app/Http/Middleware/CacheKiller.php(15): Illuminate\\Pipeline\\Pipeline->{closure:{closure:Illuminate\\Pipeline\\Pipeline::carry():142}:143}(Object(Illuminate\\Http\\Request))
#51 /Users/nikita/Downloads/rustresort.com/vendor/laravel/framework/src/Illuminate/Pipeline/Pipeline.php(167): App\\Http\\Middleware\\CacheKiller->handle(Object(Illuminate\\Http\\Request), Object(Closure))
#52 /Users/nikita/Downloads/rustresort.com/app/Http/Middleware/Background.php(60): Illuminate\\Pipeline\\Pipeline->{closure:{closure:Illuminate\\Pipeline\\Pipeline::carry():142}:143}(Object(Illuminate\\Http\\Request))
#53 /Users/nikita/Downloads/rustresort.com/vendor/laravel/framework/src/Illuminate/Pipeline/Pipeline.php(167): App\\Http\\Middleware\\Background->handle(Object(Illuminate\\Http\\Request), Object(Closure))
#54 /Users/nikita/Downloads/rustresort.com/app/Http/Middleware/Localization.php(62): Illuminate\\Pipeline\\Pipeline->{closure:{closure:Illuminate\\Pipeline\\Pipeline::carry():142}:143}(Object(Illuminate\\Http\\Request))
#55 /Users/nikita/Downloads/rustresort.com/vendor/laravel/framework/src/Illuminate/Pipeline/Pipeline.php(167): App\\Http\\Middleware\\Localization->handle(Object(Illuminate\\Http\\Request), Object(Closure))
#56 /Users/nikita/Downloads/rustresort.com/vendor/laravel/framework/src/Illuminate/Foundation/Http/Middleware/TransformsRequest.php(21): Illuminate\\Pipeline\\Pipeline->{closure:{closure:Illuminate\\Pipeline\\Pipeline::carry():142}:143}(Object(Illuminate\\Http\\Request))
#57 /Users/nikita/Downloads/rustresort.com/vendor/laravel/framework/src/Illuminate/Foundation/Http/Middleware/ConvertEmptyStringsToNull.php(31): Illuminate\\Foundation\\Http\\Middleware\\TransformsRequest->handle(Object(Illuminate\\Http\\Request), Object(Closure))
#58 /Users/nikita/Downloads/rustresort.com/vendor/laravel/framework/src/Illuminate/Pipeline/Pipeline.php(167): Illuminate\\Foundation\\Http\\Middleware\\ConvertEmptyStringsToNull->handle(Object(Illuminate\\Http\\Request), Object(Closure))
#59 /Users/nikita/Downloads/rustresort.com/vendor/laravel/framework/src/Illuminate/Foundation/Http/Middleware/TransformsRequest.php(21): Illuminate\\Pipeline\\Pipeline->{closure:{closure:Illuminate\\Pipeline\\Pipeline::carry():142}:143}(Object(Illuminate\\Http\\Request))
#60 /Users/nikita/Downloads/rustresort.com/vendor/laravel/framework/src/Illuminate/Foundation/Http/Middleware/TrimStrings.php(40): Illuminate\\Foundation\\Http\\Middleware\\TransformsRequest->handle(Object(Illuminate\\Http\\Request), Object(Closure))
#61 /Users/nikita/Downloads/rustresort.com/vendor/laravel/framework/src/Illuminate/Pipeline/Pipeline.php(167): Illuminate\\Foundation\\Http\\Middleware\\TrimStrings->handle(Object(Illuminate\\Http\\Request), Object(Closure))
#62 /Users/nikita/Downloads/rustresort.com/vendor/laravel/framework/src/Illuminate/Session/Middleware/StartSession.php(121): Illuminate\\Pipeline\\Pipeline->{closure:{closure:Illuminate\\Pipeline\\Pipeline::carry():142}:143}(Object(Illuminate\\Http\\Request))
#63 /Users/nikita/Downloads/rustresort.com/vendor/laravel/framework/src/Illuminate/Session/Middleware/StartSession.php(64): Illuminate\\Session\\Middleware\\StartSession->handleStatefulRequest(Object(Illuminate\\Http\\Request), Object(Illuminate\\Session\\Store), Object(Closure))
#64 /Users/nikita/Downloads/rustresort.com/vendor/laravel/framework/src/Illuminate/Pipeline/Pipeline.php(167): Illuminate\\Session\\Middleware\\StartSession->handle(Object(Illuminate\\Http\\Request), Object(Closure))
#65 /Users/nikita/Downloads/rustresort.com/vendor/laravel/framework/src/Illuminate/Foundation/Http/Middleware/PreventRequestsDuringMaintenance.php(86): Illuminate\\Pipeline\\Pipeline->{closure:{closure:Illuminate\\Pipeline\\Pipeline::carry():142}:143}(Object(Illuminate\\Http\\Request))
#66 /Users/nikita/Downloads/rustresort.com/vendor/laravel/framework/src/Illuminate/Pipeline/Pipeline.php(167): Illuminate\\Foundation\\Http\\Middleware\\PreventRequestsDuringMaintenance->handle(Object(Illuminate\\Http\\Request), Object(Closure))
#67 /Users/nikita/Downloads/rustresort.com/vendor/fruitcake/laravel-cors/src/HandleCors.php(38): Illuminate\\Pipeline\\Pipeline->{closure:{closure:Illuminate\\Pipeline\\Pipeline::carry():142}:143}(Object(Illuminate\\Http\\Request))
#68 /Users/nikita/Downloads/rustresort.com/vendor/laravel/framework/src/Illuminate/Pipeline/Pipeline.php(167): Fruitcake\\Cors\\HandleCors->handle(Object(Illuminate\\Http\\Request), Object(Closure))
#69 /Users/nikita/Downloads/rustresort.com/vendor/fideloper/proxy/src/TrustProxies.php(57): Illuminate\\Pipeline\\Pipeline->{closure:{closure:Illuminate\\Pipeline\\Pipeline::carry():142}:143}(Object(Illuminate\\Http\\Request))
#70 /Users/nikita/Downloads/rustresort.com/vendor/laravel/framework/src/Illuminate/Pipeline/Pipeline.php(167): Fideloper\\Proxy\\TrustProxies->handle(Object(Illuminate\\Http\\Request), Object(Closure))
#71 /Users/nikita/Downloads/rustresort.com/vendor/laravel/framework/src/Illuminate/Pipeline/Pipeline.php(103): Illuminate\\Pipeline\\Pipeline->{closure:{closure:Illuminate\\Pipeline\\Pipeline::carry():142}:143}(Object(Illuminate\\Http\\Request))
#72 /Users/nikita/Downloads/rustresort.com/vendor/laravel/framework/src/Illuminate/Foundation/Http/Kernel.php(142): Illuminate\\Pipeline\\Pipeline->then(Object(Closure))
#73 /Users/nikita/Downloads/rustresort.com/vendor/laravel/framework/src/Illuminate/Foundation/Http/Kernel.php(111): Illuminate\\Foundation\\Http\\Kernel->sendRequestThroughRouter(Object(Illuminate\\Http\\Request))
#74 /Users/nikita/Downloads/rustresort.com/public/index.php(52): Illuminate\\Foundation\\Http\\Kernel->handle(Object(Illuminate\\Http\\Request))
#75 /Users/nikita/Downloads/rustresort.com/server.php(21): require_once('/Users/nikita/D...')
#76 {main}

[previous exception] [object] (PDOException(code: 42S22): SQLSTATE[42S22]: Column not found: 1054 Unknown column 'discount_percent' in 'field list' at /Users/nikita/Downloads/rustresort.com/vendor/laravel/framework/src/Illuminate/Database/Connection.php:522)
[stacktrace]
#0 /Users/nikita/Downloads/rustresort.com/vendor/laravel/framework/src/Illuminate/Database/Connection.php(522): PDO->prepare('update `shop_it...')
#1 /Users/nikita/Downloads/rustresort.com/vendor/laravel/framework/src/Illuminate/Database/Connection.php(705): Illuminate\\Database\\Connection->{closure:Illuminate\\Database\\Connection::affectingStatement():514}('update `shop_it...', Array)
#2 /Users/nikita/Downloads/rustresort.com/vendor/laravel/framework/src/Illuminate/Database/Connection.php(672): Illuminate\\Database\\Connection->runQueryCallback('update `shop_it...', Array, Object(Closure))
#3 /Users/nikita/Downloads/rustresort.com/vendor/laravel/framework/src/Illuminate/Database/Connection.php(514): Illuminate\\Database\\Connection->run('update `shop_it...', Array, Object(Closure))
#4 /Users/nikita/Downloads/rustresort.com/vendor/laravel/framework/src/Illuminate/Database/Connection.php(466): Illuminate\\Database\\Connection->affectingStatement('update `shop_it...', Array)
#5 /Users/nikita/Downloads/rustresort.com/vendor/laravel/framework/src/Illuminate/Database/Query/Builder.php(3062): Illuminate\\Database\\Connection->update('update `shop_it...', Array)
#6 /Users/nikita/Downloads/rustresort.com/vendor/laravel/framework/src/Illuminate/Database/Eloquent/Builder.php(921): Illuminate\\Database\\Query\\Builder->update(Array)
#7 /Users/nikita/Downloads/rustresort.com/vendor/laravel/framework/src/Illuminate/Database/Eloquent/Model.php(1072): Illuminate\\Database\\Eloquent\\Builder->update(Array)
#8 /Users/nikita/Downloads/rustresort.com/vendor/laravel/framework/src/Illuminate/Database/Eloquent/Model.php(987): Illuminate\\Database\\Eloquent\\Model->performUpdate(Object(Illuminate\\Database\\Eloquent\\Builder))
#9 /Users/nikita/Downloads/rustresort.com/vendor/laravel/framework/src/Illuminate/Database/Eloquent/Model.php(885): Illuminate\\Database\\Eloquent\\Model->save(Array)
#10 /Users/nikita/Downloads/rustresort.com/app/Http/Controllers/Backend/ShopItemController.php(200): Illuminate\\Database\\Eloquent\\Model->update(Array)
#11 /Users/nikita/Downloads/rustresort.com/vendor/laravel/framework/src/Illuminate/Routing/Controller.php(54): App\\Http\\Controllers\\Backend\\ShopItemController->update(Object(App\\Http\\Requests\\ShopItemRequest), Object(App\\Models\\ShopItem))
#12 /Users/nikita/Downloads/rustresort.com/vendor/laravel/framework/src/Illuminate/Routing/ControllerDispatcher.php(45): Illuminate\\Routing\\Controller->callAction('update', Array)
#13 /Users/nikita/Downloads/rustresort.com/vendor/laravel/framework/src/Illuminate/Routing/Route.php(261): Illuminate\\Routing\\ControllerDispatcher->dispatch(Object(Illuminate\\Routing\\Route), Object(App\\Http\\Controllers\\Backend\\ShopItemController), 'update')
#14 /Users/nikita/Downloads/rustresort.com/vendor/laravel/framework/src/Illuminate/Routing/Route.php(205): Illuminate\\Routing\\Route->runController()
#15 /Users/nikita/Downloads/rustresort.com/vendor/laravel/framework/src/Illuminate/Routing/Router.php(721): Illuminate\\Routing\\Route->run()
#16 /Users/nikita/Downloads/rustresort.com/vendor/laravel/framework/src/Illuminate/Pipeline/Pipeline.php(128): Illuminate\\Routing\\Router->{closure:Illuminate\\Routing\\Router::runRouteWithinStack():719}(Object(Illuminate\\Http\\Request))
#17 /Users/nikita/Downloads/rustresort.com/vendor/laravel/framework/src/Illuminate/Auth/Middleware/Authorize.php(45): Illuminate\\Pipeline\\Pipeline->{closure:Illuminate\\Pipeline\\Pipeline::prepareDestination():126}(Object(Illuminate\\Http\\Request))
#18 /Users/nikita/Downloads/rustresort.com/vendor/laravel/framework/src/Illuminate/Pipeline/Pipeline.php(167): Illuminate\\Auth\\Middleware\\Authorize->handle(Object(Illuminate\\Http\\Request), Object(Closure), 'admin')
#19 /Users/nikita/Downloads/rustresort.com/app/Http/Middleware/ServerConfig.php(37): Illuminate\\Pipeline\\Pipeline->{closure:{closure:Illuminate\\Pipeline\\Pipeline::carry():142}:143}(Object(Illuminate\\Http\\Request))
#20 /Users/nikita/Downloads/rustresort.com/vendor/laravel/framework/src/Illuminate/Pipeline/Pipeline.php(167): App\\Http\\Middleware\\ServerConfig->handle(Object(Illuminate\\Http\\Request), Object(Closure))
#21 /Users/nikita/Downloads/rustresort.com/app/Http/Middleware/Localization.php(62): Illuminate\\Pipeline\\Pipeline->{closure:{closure:Illuminate\\Pipeline\\Pipeline::carry():142}:143}(Object(Illuminate\\Http\\Request))
#22 /Users/nikita/Downloads/rustresort.com/vendor/laravel/framework/src/Illuminate/Pipeline/Pipeline.php(167): App\\Http\\Middleware\\Localization->handle(Object(Illuminate\\Http\\Request), Object(Closure))
#23 /Users/nikita/Downloads/rustresort.com/vendor/laravel/framework/src/Illuminate/Routing/Middleware/SubstituteBindings.php(50): Illuminate\\Pipeline\\Pipeline->{closure:{closure:Illuminate\\Pipeline\\Pipeline::carry():142}:143}(Object(Illuminate\\Http\\Request))
#24 /Users/nikita/Downloads/rustresort.com/vendor/laravel/framework/src/Illuminate/Pipeline/Pipeline.php(167): Illuminate\\Routing\\Middleware\\SubstituteBindings->handle(Object(Illuminate\\Http\\Request), Object(Closure))
#25 /Users/nikita/Downloads/rustresort.com/vendor/laravel/framework/src/Illuminate/Foundation/Http/Middleware/VerifyCsrfToken.php(78): Illuminate\\Pipeline\\Pipeline->{closure:{closure:Illuminate\\Pipeline\\Pipeline::carry():142}:143}(Object(Illuminate\\Http\\Request))
#26 /Users/nikita/Downloads/rustresort.com/vendor/laravel/framework/src/Illuminate/Pipeline/Pipeline.php(167): Illuminate\\Foundation\\Http\\Middleware\\VerifyCsrfToken->handle(Object(Illuminate\\Http\\Request), Object(Closure))
#27 /Users/nikita/Downloads/rustresort.com/vendor/laravel/framework/src/Illuminate/Session/Middleware/AuthenticateSession.php(58): Illuminate\\Pipeline\\Pipeline->{closure:{closure:Illuminate\\Pipeline\\Pipeline::carry():142}:143}(Object(Illuminate\\Http\\Request))
#28 /Users/nikita/Downloads/rustresort.com/vendor/laravel/framework/src/Illuminate/Pipeline/Pipeline.php(167): Illuminate\\Session\\Middleware\\AuthenticateSession->handle(Object(Illuminate\\Http\\Request), Object(Closure))
#29 /Users/nikita/Downloads/rustresort.com/app/Http/Middleware/Backend.php(34): Illuminate\\Pipeline\\Pipeline->{closure:{closure:Illuminate\\Pipeline\\Pipeline::carry():142}:143}(Object(Illuminate\\Http\\Request))
#30 /Users/nikita/Downloads/rustresort.com/vendor/laravel/framework/src/Illuminate/Pipeline/Pipeline.php(167): App\\Http\\Middleware\\Backend->handle(Object(Illuminate\\Http\\Request), Object(Closure))
#31 /Users/nikita/Downloads/rustresort.com/vendor/laravel/framework/src/Illuminate/View/Middleware/ShareErrorsFromSession.php(49): Illuminate\\Pipeline\\Pipeline->{closure:{closure:Illuminate\\Pipeline\\Pipeline::carry():142}:143}(Object(Illuminate\\Http\\Request))
#32 /Users/nikita/Downloads/rustresort.com/vendor/laravel/framework/src/Illuminate/Pipeline/Pipeline.php(167): Illuminate\\View\\Middleware\\ShareErrorsFromSession->handle(Object(Illuminate\\Http\\Request), Object(Closure))
#33 /Users/nikita/Downloads/rustresort.com/vendor/laravel/framework/src/Illuminate/Cookie/Middleware/AddQueuedCookiesToResponse.php(37): Illuminate\\Pipeline\\Pipeline->{closure:{closure:Illuminate\\Pipeline\\Pipeline::carry():142}:143}(Object(Illuminate\\Http\\Request))
#34 /Users/nikita/Downloads/rustresort.com/vendor/laravel/framework/src/Illuminate/Pipeline/Pipeline.php(167): Illuminate\\Cookie\\Middleware\\AddQueuedCookiesToResponse->handle(Object(Illuminate\\Http\\Request), Object(Closure))
#35 /Users/nikita/Downloads/rustresort.com/vendor/laravel/framework/src/Illuminate/Cookie/Middleware/EncryptCookies.php(67): Illuminate\\Pipeline\\Pipeline->{closure:{closure:Illuminate\\Pipeline\\Pipeline::carry():142}:143}(Object(Illuminate\\Http\\Request))
#36 /Users/nikita/Downloads/rustresort.com/vendor/laravel/framework/src/Illuminate/Pipeline/Pipeline.php(167): Illuminate\\Cookie\\Middleware\\EncryptCookies->handle(Object(Illuminate\\Http\\Request), Object(Closure))
#37 /Users/nikita/Downloads/rustresort.com/vendor/laravel/framework/src/Illuminate/Pipeline/Pipeline.php(103): Illuminate\\Pipeline\\Pipeline->{closure:{closure:Illuminate\\Pipeline\\Pipeline::carry():142}:143}(Object(Illuminate\\Http\\Request))
#38 /Users/nikita/Downloads/rustresort.com/vendor/laravel/framework/src/Illuminate/Routing/Router.php(719): Illuminate\\Pipeline\\Pipeline->then(Object(Closure))
#39 /Users/nikita/Downloads/rustresort.com/vendor/laravel/framework/src/Illuminate/Routing/Router.php(698): Illuminate\\Routing\\Router->runRouteWithinStack(Object(Illuminate\\Routing\\Route), Object(Illuminate\\Http\\Request))
#40 /Users/nikita/Downloads/rustresort.com/vendor/laravel/framework/src/Illuminate/Routing/Router.php(662): Illuminate\\Routing\\Router->runRoute(Object(Illuminate\\Http\\Request), Object(Illuminate\\Routing\\Route))
#41 /Users/nikita/Downloads/rustresort.com/vendor/laravel/framework/src/Illuminate/Routing/Router.php(651): Illuminate\\Routing\\Router->dispatchToRoute(Object(Illuminate\\Http\\Request))
#42 /Users/nikita/Downloads/rustresort.com/vendor/laravel/framework/src/Illuminate/Foundation/Http/Kernel.php(167): Illuminate\\Routing\\Router->dispatch(Object(Illuminate\\Http\\Request))
#43 /Users/nikita/Downloads/rustresort.com/vendor/laravel/framework/src/Illuminate/Pipeline/Pipeline.php(128): Illuminate\\Foundation\\Http\\Kernel->{closure:Illuminate\\Foundation\\Http\\Kernel::dispatchToRouter():164}(Object(Illuminate\\Http\\Request))
#44 /Users/nikita/Downloads/rustresort.com/app/Http/Middleware/RemoveCookies.php(16): Illuminate\\Pipeline\\Pipeline->{closure:Illuminate\\Pipeline\\Pipeline::prepareDestination():126}(Object(Illuminate\\Http\\Request))
#45 /Users/nikita/Downloads/rustresort.com/vendor/laravel/framework/src/Illuminate/Pipeline/Pipeline.php(167): App\\Http\\Middleware\\RemoveCookies->handle(Object(Illuminate\\Http\\Request), Object(Closure))
#46 /Users/nikita/Downloads/rustresort.com/vendor/laravel/framework/src/Illuminate/Foundation/Http/Middleware/ValidatePostSize.php(27): Illuminate\\Pipeline\\Pipeline->{closure:{closure:Illuminate\\Pipeline\\Pipeline::carry():142}:143}(Object(Illuminate\\Http\\Request))
#47 /Users/nikita/Downloads/rustresort.com/vendor/laravel/framework/src/Illuminate/Pipeline/Pipeline.php(167): Illuminate\\Foundation\\Http\\Middleware\\ValidatePostSize->handle(Object(Illuminate\\Http\\Request), Object(Closure))
#48 /Users/nikita/Downloads/rustresort.com/app/Http/Middleware/CacheControlMiddleware.php(19): Illuminate\\Pipeline\\Pipeline->{closure:{closure:Illuminate\\Pipeline\\Pipeline::carry():142}:143}(Object(Illuminate\\Http\\Request))
#49 /Users/nikita/Downloads/rustresort.com/vendor/laravel/framework/src/Illuminate/Pipeline/Pipeline.php(167): App\\Http\\Middleware\\CacheControlMiddleware->handle(Object(Illuminate\\Http\\Request), Object(Closure))
#50 /Users/nikita/Downloads/rustresort.com/app/Http/Middleware/SiteConfig.php(74): Illuminate\\Pipeline\\Pipeline->{closure:{closure:Illuminate\\Pipeline\\Pipeline::carry():142}:143}(Object(Illuminate\\Http\\Request))
#51 /Users/nikita/Downloads/rustresort.com/vendor/laravel/framework/src/Illuminate/Pipeline/Pipeline.php(167): App\\Http\\Middleware\\SiteConfig->handle(Object(Illuminate\\Http\\Request), Object(Closure))
#52 /Users/nikita/Downloads/rustresort.com/app/Http/Middleware/CacheKiller.php(15): Illuminate\\Pipeline\\Pipeline->{closure:{closure:Illuminate\\Pipeline\\Pipeline::carry():142}:143}(Object(Illuminate\\Http\\Request))
#53 /Users/nikita/Downloads/rustresort.com/vendor/laravel/framework/src/Illuminate/Pipeline/Pipeline.php(167): App\\Http\\Middleware\\CacheKiller->handle(Object(Illuminate\\Http\\Request), Object(Closure))
#54 /Users/nikita/Downloads/rustresort.com/app/Http/Middleware/Background.php(60): Illuminate\\Pipeline\\Pipeline->{closure:{closure:Illuminate\\Pipeline\\Pipeline::carry():142}:143}(Object(Illuminate\\Http\\Request))
#55 /Users/nikita/Downloads/rustresort.com/vendor/laravel/framework/src/Illuminate/Pipeline/Pipeline.php(167): App\\Http\\Middleware\\Background->handle(Object(Illuminate\\Http\\Request), Object(Closure))
#56 /Users/nikita/Downloads/rustresort.com/app/Http/Middleware/Localization.php(62): Illuminate\\Pipeline\\Pipeline->{closure:{closure:Illuminate\\Pipeline\\Pipeline::carry():142}:143}(Object(Illuminate\\Http\\Request))
#57 /Users/nikita/Downloads/rustresort.com/vendor/laravel/framework/src/Illuminate/Pipeline/Pipeline.php(167): App\\Http\\Middleware\\Localization->handle(Object(Illuminate\\Http\\Request), Object(Closure))
#58 /Users/nikita/Downloads/rustresort.com/vendor/laravel/framework/src/Illuminate/Foundation/Http/Middleware/TransformsRequest.php(21): Illuminate\\Pipeline\\Pipeline->{closure:{closure:Illuminate\\Pipeline\\Pipeline::carry():142}:143}(Object(Illuminate\\Http\\Request))
#59 /Users/nikita/Downloads/rustresort.com/vendor/laravel/framework/src/Illuminate/Foundation/Http/Middleware/ConvertEmptyStringsToNull.php(31): Illuminate\\Foundation\\Http\\Middleware\\TransformsRequest->handle(Object(Illuminate\\Http\\Request), Object(Closure))
#60 /Users/nikita/Downloads/rustresort.com/vendor/laravel/framework/src/Illuminate/Pipeline/Pipeline.php(167): Illuminate\\Foundation\\Http\\Middleware\\ConvertEmptyStringsToNull->handle(Object(Illuminate\\Http\\Request), Object(Closure))
#61 /Users/nikita/Downloads/rustresort.com/vendor/laravel/framework/src/Illuminate/Foundation/Http/Middleware/TransformsRequest.php(21): Illuminate\\Pipeline\\Pipeline->{closure:{closure:Illuminate\\Pipeline\\Pipeline::carry():142}:143}(Object(Illuminate\\Http\\Request))
#62 /Users/nikita/Downloads/rustresort.com/vendor/laravel/framework/src/Illuminate/Foundation/Http/Middleware/TrimStrings.php(40): Illuminate\\Foundation\\Http\\Middleware\\TransformsRequest->handle(Object(Illuminate\\Http\\Request), Object(Closure))
#63 /Users/nikita/Downloads/rustresort.com/vendor/laravel/framework/src/Illuminate/Pipeline/Pipeline.php(167): Illuminate\\Foundation\\Http\\Middleware\\TrimStrings->handle(Object(Illuminate\\Http\\Request), Object(Closure))
#64 /Users/nikita/Downloads/rustresort.com/vendor/laravel/framework/src/Illuminate/Session/Middleware/StartSession.php(121): Illuminate\\Pipeline\\Pipeline->{closure:{closure:Illuminate\\Pipeline\\Pipeline::carry():142}:143}(Object(Illuminate\\Http\\Request))
#65 /Users/nikita/Downloads/rustresort.com/vendor/laravel/framework/src/Illuminate/Session/Middleware/StartSession.php(64): Illuminate\\Session\\Middleware\\StartSession->handleStatefulRequest(Object(Illuminate\\Http\\Request), Object(Illuminate\\Session\\Store), Object(Closure))
#66 /Users/nikita/Downloads/rustresort.com/vendor/laravel/framework/src/Illuminate/Pipeline/Pipeline.php(167): Illuminate\\Session\\Middleware\\StartSession->handle(Object(Illuminate\\Http\\Request), Object(Closure))
#67 /Users/nikita/Downloads/rustresort.com/vendor/laravel/framework/src/Illuminate/Foundation/Http/Middleware/PreventRequestsDuringMaintenance.php(86): Illuminate\\Pipeline\\Pipeline->{closure:{closure:Illuminate\\Pipeline\\Pipeline::carry():142}:143}(Object(Illuminate\\Http\\Request))
#68 /Users/nikita/Downloads/rustresort.com/vendor/laravel/framework/src/Illuminate/Pipeline/Pipeline.php(167): Illuminate\\Foundation\\Http\\Middleware\\PreventRequestsDuringMaintenance->handle(Object(Illuminate\\Http\\Request), Object(Closure))
#69 /Users/nikita/Downloads/rustresort.com/vendor/fruitcake/laravel-cors/src/HandleCors.php(38): Illuminate\\Pipeline\\Pipeline->{closure:{closure:Illuminate\\Pipeline\\Pipeline::carry():142}:143}(Object(Illuminate\\Http\\Request))
#70 /Users/nikita/Downloads/rustresort.com/vendor/laravel/framework/src/Illuminate/Pipeline/Pipeline.php(167): Fruitcake\\Cors\\HandleCors->handle(Object(Illuminate\\Http\\Request), Object(Closure))
#71 /Users/nikita/Downloads/rustresort.com/vendor/fideloper/proxy/src/TrustProxies.php(57): Illuminate\\Pipeline\\Pipeline->{closure:{closure:Illuminate\\Pipeline\\Pipeline::carry():142}:143}(Object(Illuminate\\Http\\Request))
#72 /Users/nikita/Downloads/rustresort.com/vendor/laravel/framework/src/Illuminate/Pipeline/Pipeline.php(167): Fideloper\\Proxy\\TrustProxies->handle(Object(Illuminate\\Http\\Request), Object(Closure))
#73 /Users/nikita/Downloads/rustresort.com/vendor/laravel/framework/src/Illuminate/Pipeline/Pipeline.php(103): Illuminate\\Pipeline\\Pipeline->{closure:{closure:Illuminate\\Pipeline\\Pipeline::carry():142}:143}(Object(Illuminate\\Http\\Request))
#74 /Users/nikita/Downloads/rustresort.com/vendor/laravel/framework/src/Illuminate/Foundation/Http/Kernel.php(142): Illuminate\\Pipeline\\Pipeline->then(Object(Closure))
#75 /Users/nikita/Downloads/rustresort.com/vendor/laravel/framework/src/Illuminate/Foundation/Http/Kernel.php(111): Illuminate\\Foundation\\Http\\Kernel->sendRequestThroughRouter(Object(Illuminate\\Http\\Request))
#76 /Users/nikita/Downloads/rustresort.com/public/index.php(52): Illuminate\\Foundation\\Http\\Kernel->handle(Object(Illuminate\\Http\\Request))
#77 /Users/nikita/Downloads/rustresort.com/server.php(21): require_once('/Users/nikita/D...')
#78 {main}
"} 
[2026-01-28 18:25:18] production.ERROR: Cannot end a section without first starting one. (View: /Users/nikita/Downloads/rustresort.com/resources/views/pages/cabinet/shop/full.blade.php) {"view":{"view":"/Users/nikita/Downloads/rustresort.com/vendor/laravel/framework/src/Illuminate/View/Concerns/ManagesLayouts.php","data":[]},"userId":497,"exception":"[object] (Facade\\Ignition\\Exceptions\\ViewException(code: 0): Cannot end a section without first starting one. (View: /Users/nikita/Downloads/rustresort.com/resources/views/pages/cabinet/shop/full.blade.php) at /Users/nikita/Downloads/rustresort.com/vendor/laravel/framework/src/Illuminate/View/Concerns/ManagesLayouts.php:94)
[stacktrace]
#0 /Users/nikita/Downloads/rustresort.com/resources/views/pages/cabinet/shop/full.blade.php(1390): Illuminate\\View\\Factory->stopSection()
#1 /Users/nikita/Downloads/rustresort.com/vendor/laravel/framework/src/Illuminate/Filesystem/Filesystem.php(107): require('/Users/nikita/D...')
#2 /Users/nikita/Downloads/rustresort.com/vendor/laravel/framework/src/Illuminate/Filesystem/Filesystem.php(108): Illuminate\\Filesystem\\Filesystem::{closure:Illuminate\\Filesystem\\Filesystem::getRequire():104}()
#3 /Users/nikita/Downloads/rustresort.com/vendor/laravel/framework/src/Illuminate/View/Engines/PhpEngine.php(58): Illuminate\\Filesystem\\Filesystem->getRequire('/Users/nikita/D...', Array)
#4 /Users/nikita/Downloads/rustresort.com/vendor/laravel/framework/src/Illuminate/View/Engines/CompilerEngine.php(61): Illuminate\\View\\Engines\\PhpEngine->evaluatePath('/Users/nikita/D...', Array)
#5 /Users/nikita/Downloads/rustresort.com/vendor/facade/ignition/src/Views/Engines/CompilerEngine.php(37): Illuminate\\View\\Engines\\CompilerEngine->get('/Users/nikita/D...', Array)
#6 /Users/nikita/Downloads/rustresort.com/vendor/laravel/framework/src/Illuminate/View/View.php(139): Facade\\Ignition\\Views\\Engines\\CompilerEngine->get('/Users/nikita/D...', Array)
#7 /Users/nikita/Downloads/rustresort.com/vendor/laravel/framework/src/Illuminate/View/View.php(122): Illuminate\\View\\View->getContents()
#8 /Users/nikita/Downloads/rustresort.com/vendor/laravel/framework/src/Illuminate/View/View.php(91): Illuminate\\View\\View->renderContents()
#9 /Users/nikita/Downloads/rustresort.com/vendor/laravel/framework/src/Illuminate/Http/Response.php(69): Illuminate\\View\\View->render()
#10 /Users/nikita/Downloads/rustresort.com/vendor/laravel/framework/src/Illuminate/Http/Response.php(35): Illuminate\\Http\\Response->setContent(Object(Illuminate\\View\\View))
#11 /Users/nikita/Downloads/rustresort.com/vendor/laravel/framework/src/Illuminate/Routing/Router.php(820): Illuminate\\Http\\Response->__construct(Object(Illuminate\\View\\View), 200, Array)
#12 /Users/nikita/Downloads/rustresort.com/vendor/laravel/framework/src/Illuminate/Routing/Router.php(789): Illuminate\\Routing\\Router::toResponse(Object(Illuminate\\Http\\Request), Object(Illuminate\\View\\View))
#13 /Users/nikita/Downloads/rustresort.com/vendor/laravel/framework/src/Illuminate/Routing/Router.php(720): Illuminate\\Routing\\Router->prepareResponse(Object(Illuminate\\Http\\Request), Object(Illuminate\\View\\View))
#14 /Users/nikita/Downloads/rustresort.com/vendor/laravel/framework/src/Illuminate/Pipeline/Pipeline.php(128): Illuminate\\Routing\\Router->{closure:Illuminate\\Routing\\Router::runRouteWithinStack():719}(Object(Illuminate\\Http\\Request))
#15 /Users/nikita/Downloads/rustresort.com/app/Http/Middleware/ServerStatusMiddleware.php(19): Illuminate\\Pipeline\\Pipeline->{closure:Illuminate\\Pipeline\\Pipeline::prepareDestination():126}(Object(Illuminate\\Http\\Request))
#16 /Users/nikita/Downloads/rustresort.com/vendor/laravel/framework/src/Illuminate/Pipeline/Pipeline.php(167): App\\Http\\Middleware\\ServerStatusMiddleware->handle(Object(Illuminate\\Http\\Request), Object(Closure))
#17 /Users/nikita/Downloads/rustresort.com/app/Http/Middleware/VisitStatistics.php(25): Illuminate\\Pipeline\\Pipeline->{closure:{closure:Illuminate\\Pipeline\\Pipeline::carry():142}:143}(Object(Illuminate\\Http\\Request))
#18 /Users/nikita/Downloads/rustresort.com/vendor/laravel/framework/src/Illuminate/Pipeline/Pipeline.php(167): App\\Http\\Middleware\\VisitStatistics->handle(Object(Illuminate\\Http\\Request), Object(Closure))
#19 /Users/nikita/Downloads/rustresort.com/app/Http/Middleware/ServerConfig.php(37): Illuminate\\Pipeline\\Pipeline->{closure:{closure:Illuminate\\Pipeline\\Pipeline::carry():142}:143}(Object(Illuminate\\Http\\Request))
#20 /Users/nikita/Downloads/rustresort.com/vendor/laravel/framework/src/Illuminate/Pipeline/Pipeline.php(167): App\\Http\\Middleware\\ServerConfig->handle(Object(Illuminate\\Http\\Request), Object(Closure))
#21 /Users/nikita/Downloads/rustresort.com/app/Http/Middleware/Localization.php(62): Illuminate\\Pipeline\\Pipeline->{closure:{closure:Illuminate\\Pipeline\\Pipeline::carry():142}:143}(Object(Illuminate\\Http\\Request))
#22 /Users/nikita/Downloads/rustresort.com/vendor/laravel/framework/src/Illuminate/Pipeline/Pipeline.php(167): App\\Http\\Middleware\\Localization->handle(Object(Illuminate\\Http\\Request), Object(Closure))
#23 /Users/nikita/Downloads/rustresort.com/vendor/laravel/framework/src/Illuminate/Routing/Middleware/SubstituteBindings.php(50): Illuminate\\Pipeline\\Pipeline->{closure:{closure:Illuminate\\Pipeline\\Pipeline::carry():142}:143}(Object(Illuminate\\Http\\Request))
#24 /Users/nikita/Downloads/rustresort.com/vendor/laravel/framework/src/Illuminate/Pipeline/Pipeline.php(167): Illuminate\\Routing\\Middleware\\SubstituteBindings->handle(Object(Illuminate\\Http\\Request), Object(Closure))
#25 /Users/nikita/Downloads/rustresort.com/vendor/laravel/framework/src/Illuminate/Foundation/Http/Middleware/VerifyCsrfToken.php(78): Illuminate\\Pipeline\\Pipeline->{closure:{closure:Illuminate\\Pipeline\\Pipeline::carry():142}:143}(Object(Illuminate\\Http\\Request))
#26 /Users/nikita/Downloads/rustresort.com/vendor/laravel/framework/src/Illuminate/Pipeline/Pipeline.php(167): Illuminate\\Foundation\\Http\\Middleware\\VerifyCsrfToken->handle(Object(Illuminate\\Http\\Request), Object(Closure))
#27 /Users/nikita/Downloads/rustresort.com/vendor/laravel/framework/src/Illuminate/Session/Middleware/AuthenticateSession.php(58): Illuminate\\Pipeline\\Pipeline->{closure:{closure:Illuminate\\Pipeline\\Pipeline::carry():142}:143}(Object(Illuminate\\Http\\Request))
#28 /Users/nikita/Downloads/rustresort.com/vendor/laravel/framework/src/Illuminate/Pipeline/Pipeline.php(167): Illuminate\\Session\\Middleware\\AuthenticateSession->handle(Object(Illuminate\\Http\\Request), Object(Closure))
#29 /Users/nikita/Downloads/rustresort.com/vendor/laravel/framework/src/Illuminate/View/Middleware/ShareErrorsFromSession.php(49): Illuminate\\Pipeline\\Pipeline->{closure:{closure:Illuminate\\Pipeline\\Pipeline::carry():142}:143}(Object(Illuminate\\Http\\Request))
#30 /Users/nikita/Downloads/rustresort.com/vendor/laravel/framework/src/Illuminate/Pipeline/Pipeline.php(167): Illuminate\\View\\Middleware\\ShareErrorsFromSession->handle(Object(Illuminate\\Http\\Request), Object(Closure))
#31 /Users/nikita/Downloads/rustresort.com/vendor/laravel/framework/src/Illuminate/Cookie/Middleware/AddQueuedCookiesToResponse.php(37): Illuminate\\Pipeline\\Pipeline->{closure:{closure:Illuminate\\Pipeline\\Pipeline::carry():142}:143}(Object(Illuminate\\Http\\Request))
#32 /Users/nikita/Downloads/rustresort.com/vendor/laravel/framework/src/Illuminate/Pipeline/Pipeline.php(167): Illuminate\\Cookie\\Middleware\\AddQueuedCookiesToResponse->handle(Object(Illuminate\\Http\\Request), Object(Closure))
#33 /Users/nikita/Downloads/rustresort.com/vendor/laravel/framework/src/Illuminate/Cookie/Middleware/EncryptCookies.php(67): Illuminate\\Pipeline\\Pipeline->{closure:{closure:Illuminate\\Pipeline\\Pipeline::carry():142}:143}(Object(Illuminate\\Http\\Request))
#34 /Users/nikita/Downloads/rustresort.com/vendor/laravel/framework/src/Illuminate/Pipeline/Pipeline.php(167): Illuminate\\Cookie\\Middleware\\EncryptCookies->handle(Object(Illuminate\\Http\\Request), Object(Closure))
#35 /Users/nikita/Downloads/rustresort.com/vendor/laravel/framework/src/Illuminate/Pipeline/Pipeline.php(103): Illuminate\\Pipeline\\Pipeline->{closure:{closure:Illuminate\\Pipeline\\Pipeline::carry():142}:143}(Object(Illuminate\\Http\\Request))
#36 /Users/nikita/Downloads/rustresort.com/vendor/laravel/framework/src/Illuminate/Routing/Router.php(719): Illuminate\\Pipeline\\Pipeline->then(Object(Closure))
#37 /Users/nikita/Downloads/rustresort.com/vendor/laravel/framework/src/Illuminate/Routing/Router.php(698): Illuminate\\Routing\\Router->runRouteWithinStack(Object(Illuminate\\Routing\\Route), Object(Illuminate\\Http\\Request))
#38 /Users/nikita/Downloads/rustresort.com/vendor/laravel/framework/src/Illuminate/Routing/Router.php(662): Illuminate\\Routing\\Router->runRoute(Object(Illuminate\\Http\\Request), Object(Illuminate\\Routing\\Route))
#39 /Users/nikita/Downloads/rustresort.com/vendor/laravel/framework/src/Illuminate/Routing/Router.php(651): Illuminate\\Routing\\Router->dispatchToRoute(Object(Illuminate\\Http\\Request))
#40 /Users/nikita/Downloads/rustresort.com/vendor/laravel/framework/src/Illuminate/Foundation/Http/Kernel.php(167): Illuminate\\Routing\\Router->dispatch(Object(Illuminate\\Http\\Request))
#41 /Users/nikita/Downloads/rustresort.com/vendor/laravel/framework/src/Illuminate/Pipeline/Pipeline.php(128): Illuminate\\Foundation\\Http\\Kernel->{closure:Illuminate\\Foundation\\Http\\Kernel::dispatchToRouter():164}(Object(Illuminate\\Http\\Request))
#42 /Users/nikita/Downloads/rustresort.com/app/Http/Middleware/RemoveCookies.php(16): Illuminate\\Pipeline\\Pipeline->{closure:Illuminate\\Pipeline\\Pipeline::prepareDestination():126}(Object(Illuminate\\Http\\Request))
#43 /Users/nikita/Downloads/rustresort.com/vendor/laravel/framework/src/Illuminate/Pipeline/Pipeline.php(167): App\\Http\\Middleware\\RemoveCookies->handle(Object(Illuminate\\Http\\Request), Object(Closure))
#44 /Users/nikita/Downloads/rustresort.com/vendor/laravel/framework/src/Illuminate/Foundation/Http/Middleware/ValidatePostSize.php(27): Illuminate\\Pipeline\\Pipeline->{closure:{closure:Illuminate\\Pipeline\\Pipeline::carry():142}:143}(Object(Illuminate\\Http\\Request))
#45 /Users/nikita/Downloads/rustresort.com/vendor/laravel/framework/src/Illuminate/Pipeline/Pipeline.php(167): Illuminate\\Foundation\\Http\\Middleware\\ValidatePostSize->handle(Object(Illuminate\\Http\\Request), Object(Closure))
#46 /Users/nikita/Downloads/rustresort.com/app/Http/Middleware/CacheControlMiddleware.php(19): Illuminate\\Pipeline\\Pipeline->{closure:{closure:Illuminate\\Pipeline\\Pipeline::carry():142}:143}(Object(Illuminate\\Http\\Request))
#47 /Users/nikita/Downloads/rustresort.com/vendor/laravel/framework/src/Illuminate/Pipeline/Pipeline.php(167): App\\Http\\Middleware\\CacheControlMiddleware->handle(Object(Illuminate\\Http\\Request), Object(Closure))
#48 /Users/nikita/Downloads/rustresort.com/app/Http/Middleware/SiteConfig.php(74): Illuminate\\Pipeline\\Pipeline->{closure:{closure:Illuminate\\Pipeline\\Pipeline::carry():142}:143}(Object(Illuminate\\Http\\Request))
#49 /Users/nikita/Downloads/rustresort.com/vendor/laravel/framework/src/Illuminate/Pipeline/Pipeline.php(167): App\\Http\\Middleware\\SiteConfig->handle(Object(Illuminate\\Http\\Request), Object(Closure))
#50 /Users/nikita/Downloads/rustresort.com/app/Http/Middleware/CacheKiller.php(15): Illuminate\\Pipeline\\Pipeline->{closure:{closure:Illuminate\\Pipeline\\Pipeline::carry():142}:143}(Object(Illuminate\\Http\\Request))
#51 /Users/nikita/Downloads/rustresort.com/vendor/laravel/framework/src/Illuminate/Pipeline/Pipeline.php(167): App\\Http\\Middleware\\CacheKiller->handle(Object(Illuminate\\Http\\Request), Object(Closure))
#52 /Users/nikita/Downloads/rustresort.com/app/Http/Middleware/Background.php(60): Illuminate\\Pipeline\\Pipeline->{closure:{closure:Illuminate\\Pipeline\\Pipeline::carry():142}:143}(Object(Illuminate\\Http\\Request))
#53 /Users/nikita/Downloads/rustresort.com/vendor/laravel/framework/src/Illuminate/Pipeline/Pipeline.php(167): App\\Http\\Middleware\\Background->handle(Object(Illuminate\\Http\\Request), Object(Closure))
#54 /Users/nikita/Downloads/rustresort.com/app/Http/Middleware/Localization.php(62): Illuminate\\Pipeline\\Pipeline->{closure:{closure:Illuminate\\Pipeline\\Pipeline::carry():142}:143}(Object(Illuminate\\Http\\Request))
#55 /Users/nikita/Downloads/rustresort.com/vendor/laravel/framework/src/Illuminate/Pipeline/Pipeline.php(167): App\\Http\\Middleware\\Localization->handle(Object(Illuminate\\Http\\Request), Object(Closure))
#56 /Users/nikita/Downloads/rustresort.com/vendor/laravel/framework/src/Illuminate/Foundation/Http/Middleware/TransformsRequest.php(21): Illuminate\\Pipeline\\Pipeline->{closure:{closure:Illuminate\\Pipeline\\Pipeline::carry():142}:143}(Object(Illuminate\\Http\\Request))
#57 /Users/nikita/Downloads/rustresort.com/vendor/laravel/framework/src/Illuminate/Foundation/Http/Middleware/ConvertEmptyStringsToNull.php(31): Illuminate\\Foundation\\Http\\Middleware\\TransformsRequest->handle(Object(Illuminate\\Http\\Request), Object(Closure))
#58 /Users/nikita/Downloads/rustresort.com/vendor/laravel/framework/src/Illuminate/Pipeline/Pipeline.php(167): Illuminate\\Foundation\\Http\\Middleware\\ConvertEmptyStringsToNull->handle(Object(Illuminate\\Http\\Request), Object(Closure))
#59 /Users/nikita/Downloads/rustresort.com/vendor/laravel/framework/src/Illuminate/Foundation/Http/Middleware/TransformsRequest.php(21): Illuminate\\Pipeline\\Pipeline->{closure:{closure:Illuminate\\Pipeline\\Pipeline::carry():142}:143}(Object(Illuminate\\Http\\Request))
#60 /Users/nikita/Downloads/rustresort.com/vendor/laravel/framework/src/Illuminate/Foundation/Http/Middleware/TrimStrings.php(40): Illuminate\\Foundation\\Http\\Middleware\\TransformsRequest->handle(Object(Illuminate\\Http\\Request), Object(Closure))
#61 /Users/nikita/Downloads/rustresort.com/vendor/laravel/framework/src/Illuminate/Pipeline/Pipeline.php(167): Illuminate\\Foundation\\Http\\Middleware\\TrimStrings->handle(Object(Illuminate\\Http\\Request), Object(Closure))
#62 /Users/nikita/Downloads/rustresort.com/vendor/laravel/framework/src/Illuminate/Session/Middleware/StartSession.php(121): Illuminate\\Pipeline\\Pipeline->{closure:{closure:Illuminate\\Pipeline\\Pipeline::carry():142}:143}(Object(Illuminate\\Http\\Request))
#63 /Users/nikita/Downloads/rustresort.com/vendor/laravel/framework/src/Illuminate/Session/Middleware/StartSession.php(64): Illuminate\\Session\\Middleware\\StartSession->handleStatefulRequest(Object(Illuminate\\Http\\Request), Object(Illuminate\\Session\\Store), Object(Closure))
#64 /Users/nikita/Downloads/rustresort.com/vendor/laravel/framework/src/Illuminate/Pipeline/Pipeline.php(167): Illuminate\\Session\\Middleware\\StartSession->handle(Object(Illuminate\\Http\\Request), Object(Closure))
#65 /Users/nikita/Downloads/rustresort.com/vendor/laravel/framework/src/Illuminate/Foundation/Http/Middleware/PreventRequestsDuringMaintenance.php(86): Illuminate\\Pipeline\\Pipeline->{closure:{closure:Illuminate\\Pipeline\\Pipeline::carry():142}:143}(Object(Illuminate\\Http\\Request))
#66 /Users/nikita/Downloads/rustresort.com/vendor/laravel/framework/src/Illuminate/Pipeline/Pipeline.php(167): Illuminate\\Foundation\\Http\\Middleware\\PreventRequestsDuringMaintenance->handle(Object(Illuminate\\Http\\Request), Object(Closure))
#67 /Users/nikita/Downloads/rustresort.com/vendor/fruitcake/laravel-cors/src/HandleCors.php(38): Illuminate\\Pipeline\\Pipeline->{closure:{closure:Illuminate\\Pipeline\\Pipeline::carry():142}:143}(Object(Illuminate\\Http\\Request))
#68 /Users/nikita/Downloads/rustresort.com/vendor/laravel/framework/src/Illuminate/Pipeline/Pipeline.php(167): Fruitcake\\Cors\\HandleCors->handle(Object(Illuminate\\Http\\Request), Object(Closure))
#69 /Users/nikita/Downloads/rustresort.com/vendor/fideloper/proxy/src/TrustProxies.php(57): Illuminate\\Pipeline\\Pipeline->{closure:{closure:Illuminate\\Pipeline\\Pipeline::carry():142}:143}(Object(Illuminate\\Http\\Request))
#70 /Users/nikita/Downloads/rustresort.com/vendor/laravel/framework/src/Illuminate/Pipeline/Pipeline.php(167): Fideloper\\Proxy\\TrustProxies->handle(Object(Illuminate\\Http\\Request), Object(Closure))
#71 /Users/nikita/Downloads/rustresort.com/vendor/laravel/framework/src/Illuminate/Pipeline/Pipeline.php(103): Illuminate\\Pipeline\\Pipeline->{closure:{closure:Illuminate\\Pipeline\\Pipeline::carry():142}:143}(Object(Illuminate\\Http\\Request))
#72 /Users/nikita/Downloads/rustresort.com/vendor/laravel/framework/src/Illuminate/Foundation/Http/Kernel.php(142): Illuminate\\Pipeline\\Pipeline->then(Object(Closure))
#73 /Users/nikita/Downloads/rustresort.com/vendor/laravel/framework/src/Illuminate/Foundation/Http/Kernel.php(111): Illuminate\\Foundation\\Http\\Kernel->sendRequestThroughRouter(Object(Illuminate\\Http\\Request))
#74 /Users/nikita/Downloads/rustresort.com/public/index.php(52): Illuminate\\Foundation\\Http\\Kernel->handle(Object(Illuminate\\Http\\Request))
#75 /Users/nikita/Downloads/rustresort.com/server.php(21): require_once('/Users/nikita/D...')
#76 {main}

[previous exception] [object] (InvalidArgumentException(code: 0): Cannot end a section without first starting one. at /Users/nikita/Downloads/rustresort.com/vendor/laravel/framework/src/Illuminate/View/Concerns/ManagesLayouts.php:94)
[stacktrace]
#0 /Users/nikita/Downloads/rustresort.com/storage/framework/views/731146bb9d2add8ff8d3462f6f31f2578c440c86.php(1347): Illuminate\\View\\Factory->stopSection()
#1 /Users/nikita/Downloads/rustresort.com/vendor/laravel/framework/src/Illuminate/Filesystem/Filesystem.php(107): require('/Users/nikita/D...')
#2 /Users/nikita/Downloads/rustresort.com/vendor/laravel/framework/src/Illuminate/Filesystem/Filesystem.php(108): Illuminate\\Filesystem\\Filesystem::{closure:Illuminate\\Filesystem\\Filesystem::getRequire():104}()
#3 /Users/nikita/Downloads/rustresort.com/vendor/laravel/framework/src/Illuminate/View/Engines/PhpEngine.php(58): Illuminate\\Filesystem\\Filesystem->getRequire('/Users/nikita/D...', Array)
#4 /Users/nikita/Downloads/rustresort.com/vendor/laravel/framework/src/Illuminate/View/Engines/CompilerEngine.php(61): Illuminate\\View\\Engines\\PhpEngine->evaluatePath('/Users/nikita/D...', Array)
#5 /Users/nikita/Downloads/rustresort.com/vendor/facade/ignition/src/Views/Engines/CompilerEngine.php(37): Illuminate\\View\\Engines\\CompilerEngine->get('/Users/nikita/D...', Array)
#6 /Users/nikita/Downloads/rustresort.com/vendor/laravel/framework/src/Illuminate/View/View.php(139): Facade\\Ignition\\Views\\Engines\\CompilerEngine->get('/Users/nikita/D...', Array)
#7 /Users/nikita/Downloads/rustresort.com/vendor/laravel/framework/src/Illuminate/View/View.php(122): Illuminate\\View\\View->getContents()
#8 /Users/nikita/Downloads/rustresort.com/vendor/laravel/framework/src/Illuminate/View/View.php(91): Illuminate\\View\\View->renderContents()
#9 /Users/nikita/Downloads/rustresort.com/vendor/laravel/framework/src/Illuminate/Http/Response.php(69): Illuminate\\View\\View->render()
#10 /Users/nikita/Downloads/rustresort.com/vendor/laravel/framework/src/Illuminate/Http/Response.php(35): Illuminate\\Http\\Response->setContent(Object(Illuminate\\View\\View))
#11 /Users/nikita/Downloads/rustresort.com/vendor/laravel/framework/src/Illuminate/Routing/Router.php(820): Illuminate\\Http\\Response->__construct(Object(Illuminate\\View\\View), 200, Array)
#12 /Users/nikita/Downloads/rustresort.com/vendor/laravel/framework/src/Illuminate/Routing/Router.php(789): Illuminate\\Routing\\Router::toResponse(Object(Illuminate\\Http\\Request), Object(Illuminate\\View\\View))
#13 /Users/nikita/Downloads/rustresort.com/vendor/laravel/framework/src/Illuminate/Routing/Router.php(720): Illuminate\\Routing\\Router->prepareResponse(Object(Illuminate\\Http\\Request), Object(Illuminate\\View\\View))
#14 /Users/nikita/Downloads/rustresort.com/vendor/laravel/framework/src/Illuminate/Pipeline/Pipeline.php(128): Illuminate\\Routing\\Router->{closure:Illuminate\\Routing\\Router::runRouteWithinStack():719}(Object(Illuminate\\Http\\Request))
#15 /Users/nikita/Downloads/rustresort.com/app/Http/Middleware/ServerStatusMiddleware.php(19): Illuminate\\Pipeline\\Pipeline->{closure:Illuminate\\Pipeline\\Pipeline::prepareDestination():126}(Object(Illuminate\\Http\\Request))
#16 /Users/nikita/Downloads/rustresort.com/vendor/laravel/framework/src/Illuminate/Pipeline/Pipeline.php(167): App\\Http\\Middleware\\ServerStatusMiddleware->handle(Object(Illuminate\\Http\\Request), Object(Closure))
#17 /Users/nikita/Downloads/rustresort.com/app/Http/Middleware/VisitStatistics.php(25): Illuminate\\Pipeline\\Pipeline->{closure:{closure:Illuminate\\Pipeline\\Pipeline::carry():142}:143}(Object(Illuminate\\Http\\Request))
#18 /Users/nikita/Downloads/rustresort.com/vendor/laravel/framework/src/Illuminate/Pipeline/Pipeline.php(167): App\\Http\\Middleware\\VisitStatistics->handle(Object(Illuminate\\Http\\Request), Object(Closure))
#19 /Users/nikita/Downloads/rustresort.com/app/Http/Middleware/ServerConfig.php(37): Illuminate\\Pipeline\\Pipeline->{closure:{closure:Illuminate\\Pipeline\\Pipeline::carry():142}:143}(Object(Illuminate\\Http\\Request))
#20 /Users/nikita/Downloads/rustresort.com/vendor/laravel/framework/src/Illuminate/Pipeline/Pipeline.php(167): App\\Http\\Middleware\\ServerConfig->handle(Object(Illuminate\\Http\\Request), Object(Closure))
#21 /Users/nikita/Downloads/rustresort.com/app/Http/Middleware/Localization.php(62): Illuminate\\Pipeline\\Pipeline->{closure:{closure:Illuminate\\Pipeline\\Pipeline::carry():142}:143}(Object(Illuminate\\Http\\Request))
#22 /Users/nikita/Downloads/rustresort.com/vendor/laravel/framework/src/Illuminate/Pipeline/Pipeline.php(167): App\\Http\\Middleware\\Localization->handle(Object(Illuminate\\Http\\Request), Object(Closure))
#23 /Users/nikita/Downloads/rustresort.com/vendor/laravel/framework/src/Illuminate/Routing/Middleware/SubstituteBindings.php(50): Illuminate\\Pipeline\\Pipeline->{closure:{closure:Illuminate\\Pipeline\\Pipeline::carry():142}:143}(Object(Illuminate\\Http\\Request))
#24 /Users/nikita/Downloads/rustresort.com/vendor/laravel/framework/src/Illuminate/Pipeline/Pipeline.php(167): Illuminate\\Routing\\Middleware\\SubstituteBindings->handle(Object(Illuminate\\Http\\Request), Object(Closure))
#25 /Users/nikita/Downloads/rustresort.com/vendor/laravel/framework/src/Illuminate/Foundation/Http/Middleware/VerifyCsrfToken.php(78): Illuminate\\Pipeline\\Pipeline->{closure:{closure:Illuminate\\Pipeline\\Pipeline::carry():142}:143}(Object(Illuminate\\Http\\Request))
#26 /Users/nikita/Downloads/rustresort.com/vendor/laravel/framework/src/Illuminate/Pipeline/Pipeline.php(167): Illuminate\\Foundation\\Http\\Middleware\\VerifyCsrfToken->handle(Object(Illuminate\\Http\\Request), Object(Closure))
#27 /Users/nikita/Downloads/rustresort.com/vendor/laravel/framework/src/Illuminate/Session/Middleware/AuthenticateSession.php(58): Illuminate\\Pipeline\\Pipeline->{closure:{closure:Illuminate\\Pipeline\\Pipeline::carry():142}:143}(Object(Illuminate\\Http\\Request))
#28 /Users/nikita/Downloads/rustresort.com/vendor/laravel/framework/src/Illuminate/Pipeline/Pipeline.php(167): Illuminate\\Session\\Middleware\\AuthenticateSession->handle(Object(Illuminate\\Http\\Request), Object(Closure))
#29 /Users/nikita/Downloads/rustresort.com/vendor/laravel/framework/src/Illuminate/View/Middleware/ShareErrorsFromSession.php(49): Illuminate\\Pipeline\\Pipeline->{closure:{closure:Illuminate\\Pipeline\\Pipeline::carry():142}:143}(Object(Illuminate\\Http\\Request))
#30 /Users/nikita/Downloads/rustresort.com/vendor/laravel/framework/src/Illuminate/Pipeline/Pipeline.php(167): Illuminate\\View\\Middleware\\ShareErrorsFromSession->handle(Object(Illuminate\\Http\\Request), Object(Closure))
#31 /Users/nikita/Downloads/rustresort.com/vendor/laravel/framework/src/Illuminate/Cookie/Middleware/AddQueuedCookiesToResponse.php(37): Illuminate\\Pipeline\\Pipeline->{closure:{closure:Illuminate\\Pipeline\\Pipeline::carry():142}:143}(Object(Illuminate\\Http\\Request))
#32 /Users/nikita/Downloads/rustresort.com/vendor/laravel/framework/src/Illuminate/Pipeline/Pipeline.php(167): Illuminate\\Cookie\\Middleware\\AddQueuedCookiesToResponse->handle(Object(Illuminate\\Http\\Request), Object(Closure))
#33 /Users/nikita/Downloads/rustresort.com/vendor/laravel/framework/src/Illuminate/Cookie/Middleware/EncryptCookies.php(67): Illuminate\\Pipeline\\Pipeline->{closure:{closure:Illuminate\\Pipeline\\Pipeline::carry():142}:143}(Object(Illuminate\\Http\\Request))
#34 /Users/nikita/Downloads/rustresort.com/vendor/laravel/framework/src/Illuminate/Pipeline/Pipeline.php(167): Illuminate\\Cookie\\Middleware\\EncryptCookies->handle(Object(Illuminate\\Http\\Request), Object(Closure))
#35 /Users/nikita/Downloads/rustresort.com/vendor/laravel/framework/src/Illuminate/Pipeline/Pipeline.php(103): Illuminate\\Pipeline\\Pipeline->{closure:{closure:Illuminate\\Pipeline\\Pipeline::carry():142}:143}(Object(Illuminate\\Http\\Request))
#36 /Users/nikita/Downloads/rustresort.com/vendor/laravel/framework/src/Illuminate/Routing/Router.php(719): Illuminate\\Pipeline\\Pipeline->then(Object(Closure))
#37 /Users/nikita/Downloads/rustresort.com/vendor/laravel/framework/src/Illuminate/Routing/Router.php(698): Illuminate\\Routing\\Router->runRouteWithinStack(Object(Illuminate\\Routing\\Route), Object(Illuminate\\Http\\Request))
#38 /Users/nikita/Downloads/rustresort.com/vendor/laravel/framework/src/Illuminate/Routing/Router.php(662): Illuminate\\Routing\\Router->runRoute(Object(Illuminate\\Http\\Request), Object(Illuminate\\Routing\\Route))
#39 /Users/nikita/Downloads/rustresort.com/vendor/laravel/framework/src/Illuminate/Routing/Router.php(651): Illuminate\\Routing\\Router->dispatchToRoute(Object(Illuminate\\Http\\Request))
#40 /Users/nikita/Downloads/rustresort.com/vendor/laravel/framework/src/Illuminate/Foundation/Http/Kernel.php(167): Illuminate\\Routing\\Router->dispatch(Object(Illuminate\\Http\\Request))
#41 /Users/nikita/Downloads/rustresort.com/vendor/laravel/framework/src/Illuminate/Pipeline/Pipeline.php(128): Illuminate\\Foundation\\Http\\Kernel->{closure:Illuminate\\Foundation\\Http\\Kernel::dispatchToRouter():164}(Object(Illuminate\\Http\\Request))
#42 /Users/nikita/Downloads/rustresort.com/app/Http/Middleware/RemoveCookies.php(16): Illuminate\\Pipeline\\Pipeline->{closure:Illuminate\\Pipeline\\Pipeline::prepareDestination():126}(Object(Illuminate\\Http\\Request))
#43 /Users/nikita/Downloads/rustresort.com/vendor/laravel/framework/src/Illuminate/Pipeline/Pipeline.php(167): App\\Http\\Middleware\\RemoveCookies->handle(Object(Illuminate\\Http\\Request), Object(Closure))
#44 /Users/nikita/Downloads/rustresort.com/vendor/laravel/framework/src/Illuminate/Foundation/Http/Middleware/ValidatePostSize.php(27): Illuminate\\Pipeline\\Pipeline->{closure:{closure:Illuminate\\Pipeline\\Pipeline::carry():142}:143}(Object(Illuminate\\Http\\Request))
#45 /Users/nikita/Downloads/rustresort.com/vendor/laravel/framework/src/Illuminate/Pipeline/Pipeline.php(167): Illuminate\\Foundation\\Http\\Middleware\\ValidatePostSize->handle(Object(Illuminate\\Http\\Request), Object(Closure))
#46 /Users/nikita/Downloads/rustresort.com/app/Http/Middleware/CacheControlMiddleware.php(19): Illuminate\\Pipeline\\Pipeline->{closure:{closure:Illuminate\\Pipeline\\Pipeline::carry():142}:143}(Object(Illuminate\\Http\\Request))
#47 /Users/nikita/Downloads/rustresort.com/vendor/laravel/framework/src/Illuminate/Pipeline/Pipeline.php(167): App\\Http\\Middleware\\CacheControlMiddleware->handle(Object(Illuminate\\Http\\Request), Object(Closure))
#48 /Users/nikita/Downloads/rustresort.com/app/Http/Middleware/SiteConfig.php(74): Illuminate\\Pipeline\\Pipeline->{closure:{closure:Illuminate\\Pipeline\\Pipeline::carry():142}:143}(Object(Illuminate\\Http\\Request))
#49 /Users/nikita/Downloads/rustresort.com/vendor/laravel/framework/src/Illuminate/Pipeline/Pipeline.php(167): App\\Http\\Middleware\\SiteConfig->handle(Object(Illuminate\\Http\\Request), Object(Closure))
#50 /Users/nikita/Downloads/rustresort.com/app/Http/Middleware/CacheKiller.php(15): Illuminate\\Pipeline\\Pipeline->{closure:{closure:Illuminate\\Pipeline\\Pipeline::carry():142}:143}(Object(Illuminate\\Http\\Request))
#51 /Users/nikita/Downloads/rustresort.com/vendor/laravel/framework/src/Illuminate/Pipeline/Pipeline.php(167): App\\Http\\Middleware\\CacheKiller->handle(Object(Illuminate\\Http\\Request), Object(Closure))
#52 /Users/nikita/Downloads/rustresort.com/app/Http/Middleware/Background.php(60): Illuminate\\Pipeline\\Pipeline->{closure:{closure:Illuminate\\Pipeline\\Pipeline::carry():142}:143}(Object(Illuminate\\Http\\Request))
#53 /Users/nikita/Downloads/rustresort.com/vendor/laravel/framework/src/Illuminate/Pipeline/Pipeline.php(167): App\\Http\\Middleware\\Background->handle(Object(Illuminate\\Http\\Request), Object(Closure))
#54 /Users/nikita/Downloads/rustresort.com/app/Http/Middleware/Localization.php(62): Illuminate\\Pipeline\\Pipeline->{closure:{closure:Illuminate\\Pipeline\\Pipeline::carry():142}:143}(Object(Illuminate\\Http\\Request))
#55 /Users/nikita/Downloads/rustresort.com/vendor/laravel/framework/src/Illuminate/Pipeline/Pipeline.php(167): App\\Http\\Middleware\\Localization->handle(Object(Illuminate\\Http\\Request), Object(Closure))
#56 /Users/nikita/Downloads/rustresort.com/vendor/laravel/framework/src/Illuminate/Foundation/Http/Middleware/TransformsRequest.php(21): Illuminate\\Pipeline\\Pipeline->{closure:{closure:Illuminate\\Pipeline\\Pipeline::carry():142}:143}(Object(Illuminate\\Http\\Request))
#57 /Users/nikita/Downloads/rustresort.com/vendor/laravel/framework/src/Illuminate/Foundation/Http/Middleware/ConvertEmptyStringsToNull.php(31): Illuminate\\Foundation\\Http\\Middleware\\TransformsRequest->handle(Object(Illuminate\\Http\\Request), Object(Closure))
#58 /Users/nikita/Downloads/rustresort.com/vendor/laravel/framework/src/Illuminate/Pipeline/Pipeline.php(167): Illuminate\\Foundation\\Http\\Middleware\\ConvertEmptyStringsToNull->handle(Object(Illuminate\\Http\\Request), Object(Closure))
#59 /Users/nikita/Downloads/rustresort.com/vendor/laravel/framework/src/Illuminate/Foundation/Http/Middleware/TransformsRequest.php(21): Illuminate\\Pipeline\\Pipeline->{closure:{closure:Illuminate\\Pipeline\\Pipeline::carry():142}:143}(Object(Illuminate\\Http\\Request))
#60 /Users/nikita/Downloads/rustresort.com/vendor/laravel/framework/src/Illuminate/Foundation/Http/Middleware/TrimStrings.php(40): Illuminate\\Foundation\\Http\\Middleware\\TransformsRequest->handle(Object(Illuminate\\Http\\Request), Object(Closure))
#61 /Users/nikita/Downloads/rustresort.com/vendor/laravel/framework/src/Illuminate/Pipeline/Pipeline.php(167): Illuminate\\Foundation\\Http\\Middleware\\TrimStrings->handle(Object(Illuminate\\Http\\Request), Object(Closure))
#62 /Users/nikita/Downloads/rustresort.com/vendor/laravel/framework/src/Illuminate/Session/Middleware/StartSession.php(121): Illuminate\\Pipeline\\Pipeline->{closure:{closure:Illuminate\\Pipeline\\Pipeline::carry():142}:143}(Object(Illuminate\\Http\\Request))
#63 /Users/nikita/Downloads/rustresort.com/vendor/laravel/framework/src/Illuminate/Session/Middleware/StartSession.php(64): Illuminate\\Session\\Middleware\\StartSession->handleStatefulRequest(Object(Illuminate\\Http\\Request), Object(Illuminate\\Session\\Store), Object(Closure))
#64 /Users/nikita/Downloads/rustresort.com/vendor/laravel/framework/src/Illuminate/Pipeline/Pipeline.php(167): Illuminate\\Session\\Middleware\\StartSession->handle(Object(Illuminate\\Http\\Request), Object(Closure))
#65 /Users/nikita/Downloads/rustresort.com/vendor/laravel/framework/src/Illuminate/Foundation/Http/Middleware/PreventRequestsDuringMaintenance.php(86): Illuminate\\Pipeline\\Pipeline->{closure:{closure:Illuminate\\Pipeline\\Pipeline::carry():142}:143}(Object(Illuminate\\Http\\Request))
#66 /Users/nikita/Downloads/rustresort.com/vendor/laravel/framework/src/Illuminate/Pipeline/Pipeline.php(167): Illuminate\\Foundation\\Http\\Middleware\\PreventRequestsDuringMaintenance->handle(Object(Illuminate\\Http\\Request), Object(Closure))
#67 /Users/nikita/Downloads/rustresort.com/vendor/fruitcake/laravel-cors/src/HandleCors.php(38): Illuminate\\Pipeline\\Pipeline->{closure:{closure:Illuminate\\Pipeline\\Pipeline::carry():142}:143}(Object(Illuminate\\Http\\Request))
#68 /Users/nikita/Downloads/rustresort.com/vendor/laravel/framework/src/Illuminate/Pipeline/Pipeline.php(167): Fruitcake\\Cors\\HandleCors->handle(Object(Illuminate\\Http\\Request), Object(Closure))
#69 /Users/nikita/Downloads/rustresort.com/vendor/fideloper/proxy/src/TrustProxies.php(57): Illuminate\\Pipeline\\Pipeline->{closure:{closure:Illuminate\\Pipeline\\Pipeline::carry():142}:143}(Object(Illuminate\\Http\\Request))
#70 /Users/nikita/Downloads/rustresort.com/vendor/laravel/framework/src/Illuminate/Pipeline/Pipeline.php(167): Fideloper\\Proxy\\TrustProxies->handle(Object(Illuminate\\Http\\Request), Object(Closure))
#71 /Users/nikita/Downloads/rustresort.com/vendor/laravel/framework/src/Illuminate/Pipeline/Pipeline.php(103): Illuminate\\Pipeline\\Pipeline->{closure:{closure:Illuminate\\Pipeline\\Pipeline::carry():142}:143}(Object(Illuminate\\Http\\Request))
#72 /Users/nikita/Downloads/rustresort.com/vendor/laravel/framework/src/Illuminate/Foundation/Http/Kernel.php(142): Illuminate\\Pipeline\\Pipeline->then(Object(Closure))
#73 /Users/nikita/Downloads/rustresort.com/vendor/laravel/framework/src/Illuminate/Foundation/Http/Kernel.php(111): Illuminate\\Foundation\\Http\\Kernel->sendRequestThroughRouter(Object(Illuminate\\Http\\Request))
#74 /Users/nikita/Downloads/rustresort.com/public/index.php(52): Illuminate\\Foundation\\Http\\Kernel->handle(Object(Illuminate\\Http\\Request))
#75 /Users/nikita/Downloads/rustresort.com/server.php(21): require_once('/Users/nikita/D...')
#76 {main}
"} 
[2026-01-28 18:37:55] production.ERROR: Cannot end a section without first starting one. (View: /Users/nikita/Downloads/rustresort.com/resources/views/pages/cabinet/shop/full.blade.php) {"view":{"view":"/Users/nikita/Downloads/rustresort.com/vendor/laravel/framework/src/Illuminate/View/Concerns/ManagesLayouts.php","data":[]},"userId":497,"exception":"[object] (Facade\\Ignition\\Exceptions\\ViewException(code: 0): Cannot end a section without first starting one. (View: /Users/nikita/Downloads/rustresort.com/resources/views/pages/cabinet/shop/full.blade.php) at /Users/nikita/Downloads/rustresort.com/vendor/laravel/framework/src/Illuminate/View/Concerns/ManagesLayouts.php:94)
[stacktrace]
#0 /Users/nikita/Downloads/rustresort.com/resources/views/pages/cabinet/shop/full.blade.php(1390): Illuminate\\View\\Factory->stopSection()
#1 /Users/nikita/Downloads/rustresort.com/vendor/laravel/framework/src/Illuminate/Filesystem/Filesystem.php(107): require('/Users/nikita/D...')
#2 /Users/nikita/Downloads/rustresort.com/vendor/laravel/framework/src/Illuminate/Filesystem/Filesystem.php(108): Illuminate\\Filesystem\\Filesystem::{closure:Illuminate\\Filesystem\\Filesystem::getRequire():104}()
#3 /Users/nikita/Downloads/rustresort.com/vendor/laravel/framework/src/Illuminate/View/Engines/PhpEngine.php(58): Illuminate\\Filesystem\\Filesystem->getRequire('/Users/nikita/D...', Array)
#4 /Users/nikita/Downloads/rustresort.com/vendor/laravel/framework/src/Illuminate/View/Engines/CompilerEngine.php(61): Illuminate\\View\\Engines\\PhpEngine->evaluatePath('/Users/nikita/D...', Array)
#5 /Users/nikita/Downloads/rustresort.com/vendor/facade/ignition/src/Views/Engines/CompilerEngine.php(37): Illuminate\\View\\Engines\\CompilerEngine->get('/Users/nikita/D...', Array)
#6 /Users/nikita/Downloads/rustresort.com/vendor/laravel/framework/src/Illuminate/View/View.php(139): Facade\\Ignition\\Views\\Engines\\CompilerEngine->get('/Users/nikita/D...', Array)
#7 /Users/nikita/Downloads/rustresort.com/vendor/laravel/framework/src/Illuminate/View/View.php(122): Illuminate\\View\\View->getContents()
#8 /Users/nikita/Downloads/rustresort.com/vendor/laravel/framework/src/Illuminate/View/View.php(91): Illuminate\\View\\View->renderContents()
#9 /Users/nikita/Downloads/rustresort.com/vendor/laravel/framework/src/Illuminate/Http/Response.php(69): Illuminate\\View\\View->render()
#10 /Users/nikita/Downloads/rustresort.com/vendor/laravel/framework/src/Illuminate/Http/Response.php(35): Illuminate\\Http\\Response->setContent(Object(Illuminate\\View\\View))
#11 /Users/nikita/Downloads/rustresort.com/vendor/laravel/framework/src/Illuminate/Routing/Router.php(820): Illuminate\\Http\\Response->__construct(Object(Illuminate\\View\\View), 200, Array)
#12 /Users/nikita/Downloads/rustresort.com/vendor/laravel/framework/src/Illuminate/Routing/Router.php(789): Illuminate\\Routing\\Router::toResponse(Object(Illuminate\\Http\\Request), Object(Illuminate\\View\\View))
#13 /Users/nikita/Downloads/rustresort.com/vendor/laravel/framework/src/Illuminate/Routing/Router.php(720): Illuminate\\Routing\\Router->prepareResponse(Object(Illuminate\\Http\\Request), Object(Illuminate\\View\\View))
#14 /Users/nikita/Downloads/rustresort.com/vendor/laravel/framework/src/Illuminate/Pipeline/Pipeline.php(128): Illuminate\\Routing\\Router->{closure:Illuminate\\Routing\\Router::runRouteWithinStack():719}(Object(Illuminate\\Http\\Request))
#15 /Users/nikita/Downloads/rustresort.com/app/Http/Middleware/ServerStatusMiddleware.php(19): Illuminate\\Pipeline\\Pipeline->{closure:Illuminate\\Pipeline\\Pipeline::prepareDestination():126}(Object(Illuminate\\Http\\Request))
#16 /Users/nikita/Downloads/rustresort.com/vendor/laravel/framework/src/Illuminate/Pipeline/Pipeline.php(167): App\\Http\\Middleware\\ServerStatusMiddleware->handle(Object(Illuminate\\Http\\Request), Object(Closure))
#17 /Users/nikita/Downloads/rustresort.com/app/Http/Middleware/VisitStatistics.php(25): Illuminate\\Pipeline\\Pipeline->{closure:{closure:Illuminate\\Pipeline\\Pipeline::carry():142}:143}(Object(Illuminate\\Http\\Request))
#18 /Users/nikita/Downloads/rustresort.com/vendor/laravel/framework/src/Illuminate/Pipeline/Pipeline.php(167): App\\Http\\Middleware\\VisitStatistics->handle(Object(Illuminate\\Http\\Request), Object(Closure))
#19 /Users/nikita/Downloads/rustresort.com/app/Http/Middleware/ServerConfig.php(37): Illuminate\\Pipeline\\Pipeline->{closure:{closure:Illuminate\\Pipeline\\Pipeline::carry():142}:143}(Object(Illuminate\\Http\\Request))
#20 /Users/nikita/Downloads/rustresort.com/vendor/laravel/framework/src/Illuminate/Pipeline/Pipeline.php(167): App\\Http\\Middleware\\ServerConfig->handle(Object(Illuminate\\Http\\Request), Object(Closure))
#21 /Users/nikita/Downloads/rustresort.com/app/Http/Middleware/Localization.php(62): Illuminate\\Pipeline\\Pipeline->{closure:{closure:Illuminate\\Pipeline\\Pipeline::carry():142}:143}(Object(Illuminate\\Http\\Request))
#22 /Users/nikita/Downloads/rustresort.com/vendor/laravel/framework/src/Illuminate/Pipeline/Pipeline.php(167): App\\Http\\Middleware\\Localization->handle(Object(Illuminate\\Http\\Request), Object(Closure))
#23 /Users/nikita/Downloads/rustresort.com/vendor/laravel/framework/src/Illuminate/Routing/Middleware/SubstituteBindings.php(50): Illuminate\\Pipeline\\Pipeline->{closure:{closure:Illuminate\\Pipeline\\Pipeline::carry():142}:143}(Object(Illuminate\\Http\\Request))
#24 /Users/nikita/Downloads/rustresort.com/vendor/laravel/framework/src/Illuminate/Pipeline/Pipeline.php(167): Illuminate\\Routing\\Middleware\\SubstituteBindings->handle(Object(Illuminate\\Http\\Request), Object(Closure))
#25 /Users/nikita/Downloads/rustresort.com/vendor/laravel/framework/src/Illuminate/Foundation/Http/Middleware/VerifyCsrfToken.php(78): Illuminate\\Pipeline\\Pipeline->{closure:{closure:Illuminate\\Pipeline\\Pipeline::carry():142}:143}(Object(Illuminate\\Http\\Request))
#26 /Users/nikita/Downloads/rustresort.com/vendor/laravel/framework/src/Illuminate/Pipeline/Pipeline.php(167): Illuminate\\Foundation\\Http\\Middleware\\VerifyCsrfToken->handle(Object(Illuminate\\Http\\Request), Object(Closure))
#27 /Users/nikita/Downloads/rustresort.com/vendor/laravel/framework/src/Illuminate/Session/Middleware/AuthenticateSession.php(58): Illuminate\\Pipeline\\Pipeline->{closure:{closure:Illuminate\\Pipeline\\Pipeline::carry():142}:143}(Object(Illuminate\\Http\\Request))
#28 /Users/nikita/Downloads/rustresort.com/vendor/laravel/framework/src/Illuminate/Pipeline/Pipeline.php(167): Illuminate\\Session\\Middleware\\AuthenticateSession->handle(Object(Illuminate\\Http\\Request), Object(Closure))
#29 /Users/nikita/Downloads/rustresort.com/vendor/laravel/framework/src/Illuminate/View/Middleware/ShareErrorsFromSession.php(49): Illuminate\\Pipeline\\Pipeline->{closure:{closure:Illuminate\\Pipeline\\Pipeline::carry():142}:143}(Object(Illuminate\\Http\\Request))
#30 /Users/nikita/Downloads/rustresort.com/vendor/laravel/framework/src/Illuminate/Pipeline/Pipeline.php(167): Illuminate\\View\\Middleware\\ShareErrorsFromSession->handle(Object(Illuminate\\Http\\Request), Object(Closure))
#31 /Users/nikita/Downloads/rustresort.com/vendor/laravel/framework/src/Illuminate/Cookie/Middleware/AddQueuedCookiesToResponse.php(37): Illuminate\\Pipeline\\Pipeline->{closure:{closure:Illuminate\\Pipeline\\Pipeline::carry():142}:143}(Object(Illuminate\\Http\\Request))
#32 /Users/nikita/Downloads/rustresort.com/vendor/laravel/framework/src/Illuminate/Pipeline/Pipeline.php(167): Illuminate\\Cookie\\Middleware\\AddQueuedCookiesToResponse->handle(Object(Illuminate\\Http\\Request), Object(Closure))
#33 /Users/nikita/Downloads/rustresort.com/vendor/laravel/framework/src/Illuminate/Cookie/Middleware/EncryptCookies.php(67): Illuminate\\Pipeline\\Pipeline->{closure:{closure:Illuminate\\Pipeline\\Pipeline::carry():142}:143}(Object(Illuminate\\Http\\Request))
#34 /Users/nikita/Downloads/rustresort.com/vendor/laravel/framework/src/Illuminate/Pipeline/Pipeline.php(167): Illuminate\\Cookie\\Middleware\\EncryptCookies->handle(Object(Illuminate\\Http\\Request), Object(Closure))
#35 /Users/nikita/Downloads/rustresort.com/vendor/laravel/framework/src/Illuminate/Pipeline/Pipeline.php(103): Illuminate\\Pipeline\\Pipeline->{closure:{closure:Illuminate\\Pipeline\\Pipeline::carry():142}:143}(Object(Illuminate\\Http\\Request))
#36 /Users/nikita/Downloads/rustresort.com/vendor/laravel/framework/src/Illuminate/Routing/Router.php(719): Illuminate\\Pipeline\\Pipeline->then(Object(Closure))
#37 /Users/nikita/Downloads/rustresort.com/vendor/laravel/framework/src/Illuminate/Routing/Router.php(698): Illuminate\\Routing\\Router->runRouteWithinStack(Object(Illuminate\\Routing\\Route), Object(Illuminate\\Http\\Request))
#38 /Users/nikita/Downloads/rustresort.com/vendor/laravel/framework/src/Illuminate/Routing/Router.php(662): Illuminate\\Routing\\Router->runRoute(Object(Illuminate\\Http\\Request), Object(Illuminate\\Routing\\Route))
#39 /Users/nikita/Downloads/rustresort.com/vendor/laravel/framework/src/Illuminate/Routing/Router.php(651): Illuminate\\Routing\\Router->dispatchToRoute(Object(Illuminate\\Http\\Request))
#40 /Users/nikita/Downloads/rustresort.com/vendor/laravel/framework/src/Illuminate/Foundation/Http/Kernel.php(167): Illuminate\\Routing\\Router->dispatch(Object(Illuminate\\Http\\Request))
#41 /Users/nikita/Downloads/rustresort.com/vendor/laravel/framework/src/Illuminate/Pipeline/Pipeline.php(128): Illuminate\\Foundation\\Http\\Kernel->{closure:Illuminate\\Foundation\\Http\\Kernel::dispatchToRouter():164}(Object(Illuminate\\Http\\Request))
#42 /Users/nikita/Downloads/rustresort.com/app/Http/Middleware/RemoveCookies.php(16): Illuminate\\Pipeline\\Pipeline->{closure:Illuminate\\Pipeline\\Pipeline::prepareDestination():126}(Object(Illuminate\\Http\\Request))
#43 /Users/nikita/Downloads/rustresort.com/vendor/laravel/framework/src/Illuminate/Pipeline/Pipeline.php(167): App\\Http\\Middleware\\RemoveCookies->handle(Object(Illuminate\\Http\\Request), Object(Closure))
#44 /Users/nikita/Downloads/rustresort.com/vendor/laravel/framework/src/Illuminate/Foundation/Http/Middleware/ValidatePostSize.php(27): Illuminate\\Pipeline\\Pipeline->{closure:{closure:Illuminate\\Pipeline\\Pipeline::carry():142}:143}(Object(Illuminate\\Http\\Request))
#45 /Users/nikita/Downloads/rustresort.com/vendor/laravel/framework/src/Illuminate/Pipeline/Pipeline.php(167): Illuminate\\Foundation\\Http\\Middleware\\ValidatePostSize->handle(Object(Illuminate\\Http\\Request), Object(Closure))
#46 /Users/nikita/Downloads/rustresort.com/app/Http/Middleware/CacheControlMiddleware.php(19): Illuminate\\Pipeline\\Pipeline->{closure:{closure:Illuminate\\Pipeline\\Pipeline::carry():142}:143}(Object(Illuminate\\Http\\Request))
#47 /Users/nikita/Downloads/rustresort.com/vendor/laravel/framework/src/Illuminate/Pipeline/Pipeline.php(167): App\\Http\\Middleware\\CacheControlMiddleware->handle(Object(Illuminate\\Http\\Request), Object(Closure))
#48 /Users/nikita/Downloads/rustresort.com/app/Http/Middleware/SiteConfig.php(74): Illuminate\\Pipeline\\Pipeline->{closure:{closure:Illuminate\\Pipeline\\Pipeline::carry():142}:143}(Object(Illuminate\\Http\\Request))
#49 /Users/nikita/Downloads/rustresort.com/vendor/laravel/framework/src/Illuminate/Pipeline/Pipeline.php(167): App\\Http\\Middleware\\SiteConfig->handle(Object(Illuminate\\Http\\Request), Object(Closure))
#50 /Users/nikita/Downloads/rustresort.com/app/Http/Middleware/CacheKiller.php(15): Illuminate\\Pipeline\\Pipeline->{closure:{closure:Illuminate\\Pipeline\\Pipeline::carry():142}:143}(Object(Illuminate\\Http\\Request))
#51 /Users/nikita/Downloads/rustresort.com/vendor/laravel/framework/src/Illuminate/Pipeline/Pipeline.php(167): App\\Http\\Middleware\\CacheKiller->handle(Object(Illuminate\\Http\\Request), Object(Closure))
#52 /Users/nikita/Downloads/rustresort.com/app/Http/Middleware/Background.php(60): Illuminate\\Pipeline\\Pipeline->{closure:{closure:Illuminate\\Pipeline\\Pipeline::carry():142}:143}(Object(Illuminate\\Http\\Request))
#53 /Users/nikita/Downloads/rustresort.com/vendor/laravel/framework/src/Illuminate/Pipeline/Pipeline.php(167): App\\Http\\Middleware\\Background->handle(Object(Illuminate\\Http\\Request), Object(Closure))
#54 /Users/nikita/Downloads/rustresort.com/app/Http/Middleware/Localization.php(62): Illuminate\\Pipeline\\Pipeline->{closure:{closure:Illuminate\\Pipeline\\Pipeline::carry():142}:143}(Object(Illuminate\\Http\\Request))
#55 /Users/nikita/Downloads/rustresort.com/vendor/laravel/framework/src/Illuminate/Pipeline/Pipeline.php(167): App\\Http\\Middleware\\Localization->handle(Object(Illuminate\\Http\\Request), Object(Closure))
#56 /Users/nikita/Downloads/rustresort.com/vendor/laravel/framework/src/Illuminate/Foundation/Http/Middleware/TransformsRequest.php(21): Illuminate\\Pipeline\\Pipeline->{closure:{closure:Illuminate\\Pipeline\\Pipeline::carry():142}:143}(Object(Illuminate\\Http\\Request))
#57 /Users/nikita/Downloads/rustresort.com/vendor/laravel/framework/src/Illuminate/Foundation/Http/Middleware/ConvertEmptyStringsToNull.php(31): Illuminate\\Foundation\\Http\\Middleware\\TransformsRequest->handle(Object(Illuminate\\Http\\Request), Object(Closure))
#58 /Users/nikita/Downloads/rustresort.com/vendor/laravel/framework/src/Illuminate/Pipeline/Pipeline.php(167): Illuminate\\Foundation\\Http\\Middleware\\ConvertEmptyStringsToNull->handle(Object(Illuminate\\Http\\Request), Object(Closure))
#59 /Users/nikita/Downloads/rustresort.com/vendor/laravel/framework/src/Illuminate/Foundation/Http/Middleware/TransformsRequest.php(21): Illuminate\\Pipeline\\Pipeline->{closure:{closure:Illuminate\\Pipeline\\Pipeline::carry():142}:143}(Object(Illuminate\\Http\\Request))
#60 /Users/nikita/Downloads/rustresort.com/vendor/laravel/framework/src/Illuminate/Foundation/Http/Middleware/TrimStrings.php(40): Illuminate\\Foundation\\Http\\Middleware\\TransformsRequest->handle(Object(Illuminate\\Http\\Request), Object(Closure))
#61 /Users/nikita/Downloads/rustresort.com/vendor/laravel/framework/src/Illuminate/Pipeline/Pipeline.php(167): Illuminate\\Foundation\\Http\\Middleware\\TrimStrings->handle(Object(Illuminate\\Http\\Request), Object(Closure))
#62 /Users/nikita/Downloads/rustresort.com/vendor/laravel/framework/src/Illuminate/Session/Middleware/StartSession.php(121): Illuminate\\Pipeline\\Pipeline->{closure:{closure:Illuminate\\Pipeline\\Pipeline::carry():142}:143}(Object(Illuminate\\Http\\Request))
#63 /Users/nikita/Downloads/rustresort.com/vendor/laravel/framework/src/Illuminate/Session/Middleware/StartSession.php(64): Illuminate\\Session\\Middleware\\StartSession->handleStatefulRequest(Object(Illuminate\\Http\\Request), Object(Illuminate\\Session\\Store), Object(Closure))
#64 /Users/nikita/Downloads/rustresort.com/vendor/laravel/framework/src/Illuminate/Pipeline/Pipeline.php(167): Illuminate\\Session\\Middleware\\StartSession->handle(Object(Illuminate\\Http\\Request), Object(Closure))
#65 /Users/nikita/Downloads/rustresort.com/vendor/laravel/framework/src/Illuminate/Foundation/Http/Middleware/PreventRequestsDuringMaintenance.php(86): Illuminate\\Pipeline\\Pipeline->{closure:{closure:Illuminate\\Pipeline\\Pipeline::carry():142}:143}(Object(Illuminate\\Http\\Request))
#66 /Users/nikita/Downloads/rustresort.com/vendor/laravel/framework/src/Illuminate/Pipeline/Pipeline.php(167): Illuminate\\Foundation\\Http\\Middleware\\PreventRequestsDuringMaintenance->handle(Object(Illuminate\\Http\\Request), Object(Closure))
#67 /Users/nikita/Downloads/rustresort.com/vendor/fruitcake/laravel-cors/src/HandleCors.php(38): Illuminate\\Pipeline\\Pipeline->{closure:{closure:Illuminate\\Pipeline\\Pipeline::carry():142}:143}(Object(Illuminate\\Http\\Request))
#68 /Users/nikita/Downloads/rustresort.com/vendor/laravel/framework/src/Illuminate/Pipeline/Pipeline.php(167): Fruitcake\\Cors\\HandleCors->handle(Object(Illuminate\\Http\\Request), Object(Closure))
#69 /Users/nikita/Downloads/rustresort.com/vendor/fideloper/proxy/src/TrustProxies.php(57): Illuminate\\Pipeline\\Pipeline->{closure:{closure:Illuminate\\Pipeline\\Pipeline::carry():142}:143}(Object(Illuminate\\Http\\Request))
#70 /Users/nikita/Downloads/rustresort.com/vendor/laravel/framework/src/Illuminate/Pipeline/Pipeline.php(167): Fideloper\\Proxy\\TrustProxies->handle(Object(Illuminate\\Http\\Request), Object(Closure))
#71 /Users/nikita/Downloads/rustresort.com/vendor/laravel/framework/src/Illuminate/Pipeline/Pipeline.php(103): Illuminate\\Pipeline\\Pipeline->{closure:{closure:Illuminate\\Pipeline\\Pipeline::carry():142}:143}(Object(Illuminate\\Http\\Request))
#72 /Users/nikita/Downloads/rustresort.com/vendor/laravel/framework/src/Illuminate/Foundation/Http/Kernel.php(142): Illuminate\\Pipeline\\Pipeline->then(Object(Closure))
#73 /Users/nikita/Downloads/rustresort.com/vendor/laravel/framework/src/Illuminate/Foundation/Http/Kernel.php(111): Illuminate\\Foundation\\Http\\Kernel->sendRequestThroughRouter(Object(Illuminate\\Http\\Request))
#74 /Users/nikita/Downloads/rustresort.com/public/index.php(52): Illuminate\\Foundation\\Http\\Kernel->handle(Object(Illuminate\\Http\\Request))
#75 /Users/nikita/Downloads/rustresort.com/server.php(21): require_once('/Users/nikita/D...')
#76 {main}

[previous exception] [object] (InvalidArgumentException(code: 0): Cannot end a section without first starting one. at /Users/nikita/Downloads/rustresort.com/vendor/laravel/framework/src/Illuminate/View/Concerns/ManagesLayouts.php:94)
[stacktrace]
#0 /Users/nikita/Downloads/rustresort.com/storage/framework/views/731146bb9d2add8ff8d3462f6f31f2578c440c86.php(1347): Illuminate\\View\\Factory->stopSection()
#1 /Users/nikita/Downloads/rustresort.com/vendor/laravel/framework/src/Illuminate/Filesystem/Filesystem.php(107): require('/Users/nikita/D...')
#2 /Users/nikita/Downloads/rustresort.com/vendor/laravel/framework/src/Illuminate/Filesystem/Filesystem.php(108): Illuminate\\Filesystem\\Filesystem::{closure:Illuminate\\Filesystem\\Filesystem::getRequire():104}()
#3 /Users/nikita/Downloads/rustresort.com/vendor/laravel/framework/src/Illuminate/View/Engines/PhpEngine.php(58): Illuminate\\Filesystem\\Filesystem->getRequire('/Users/nikita/D...', Array)
#4 /Users/nikita/Downloads/rustresort.com/vendor/laravel/framework/src/Illuminate/View/Engines/CompilerEngine.php(61): Illuminate\\View\\Engines\\PhpEngine->evaluatePath('/Users/nikita/D...', Array)
#5 /Users/nikita/Downloads/rustresort.com/vendor/facade/ignition/src/Views/Engines/CompilerEngine.php(37): Illuminate\\View\\Engines\\CompilerEngine->get('/Users/nikita/D...', Array)
#6 /Users/nikita/Downloads/rustresort.com/vendor/laravel/framework/src/Illuminate/View/View.php(139): Facade\\Ignition\\Views\\Engines\\CompilerEngine->get('/Users/nikita/D...', Array)
#7 /Users/nikita/Downloads/rustresort.com/vendor/laravel/framework/src/Illuminate/View/View.php(122): Illuminate\\View\\View->getContents()
#8 /Users/nikita/Downloads/rustresort.com/vendor/laravel/framework/src/Illuminate/View/View.php(91): Illuminate\\View\\View->renderContents()
#9 /Users/nikita/Downloads/rustresort.com/vendor/laravel/framework/src/Illuminate/Http/Response.php(69): Illuminate\\View\\View->render()
#10 /Users/nikita/Downloads/rustresort.com/vendor/laravel/framework/src/Illuminate/Http/Response.php(35): Illuminate\\Http\\Response->setContent(Object(Illuminate\\View\\View))
#11 /Users/nikita/Downloads/rustresort.com/vendor/laravel/framework/src/Illuminate/Routing/Router.php(820): Illuminate\\Http\\Response->__construct(Object(Illuminate\\View\\View), 200, Array)
#12 /Users/nikita/Downloads/rustresort.com/vendor/laravel/framework/src/Illuminate/Routing/Router.php(789): Illuminate\\Routing\\Router::toResponse(Object(Illuminate\\Http\\Request), Object(Illuminate\\View\\View))
#13 /Users/nikita/Downloads/rustresort.com/vendor/laravel/framework/src/Illuminate/Routing/Router.php(720): Illuminate\\Routing\\Router->prepareResponse(Object(Illuminate\\Http\\Request), Object(Illuminate\\View\\View))
#14 /Users/nikita/Downloads/rustresort.com/vendor/laravel/framework/src/Illuminate/Pipeline/Pipeline.php(128): Illuminate\\Routing\\Router->{closure:Illuminate\\Routing\\Router::runRouteWithinStack():719}(Object(Illuminate\\Http\\Request))
#15 /Users/nikita/Downloads/rustresort.com/app/Http/Middleware/ServerStatusMiddleware.php(19): Illuminate\\Pipeline\\Pipeline->{closure:Illuminate\\Pipeline\\Pipeline::prepareDestination():126}(Object(Illuminate\\Http\\Request))
#16 /Users/nikita/Downloads/rustresort.com/vendor/laravel/framework/src/Illuminate/Pipeline/Pipeline.php(167): App\\Http\\Middleware\\ServerStatusMiddleware->handle(Object(Illuminate\\Http\\Request), Object(Closure))
#17 /Users/nikita/Downloads/rustresort.com/app/Http/Middleware/VisitStatistics.php(25): Illuminate\\Pipeline\\Pipeline->{closure:{closure:Illuminate\\Pipeline\\Pipeline::carry():142}:143}(Object(Illuminate\\Http\\Request))
#18 /Users/nikita/Downloads/rustresort.com/vendor/laravel/framework/src/Illuminate/Pipeline/Pipeline.php(167): App\\Http\\Middleware\\VisitStatistics->handle(Object(Illuminate\\Http\\Request), Object(Closure))
#19 /Users/nikita/Downloads/rustresort.com/app/Http/Middleware/ServerConfig.php(37): Illuminate\\Pipeline\\Pipeline->{closure:{closure:Illuminate\\Pipeline\\Pipeline::carry():142}:143}(Object(Illuminate\\Http\\Request))
#20 /Users/nikita/Downloads/rustresort.com/vendor/laravel/framework/src/Illuminate/Pipeline/Pipeline.php(167): App\\Http\\Middleware\\ServerConfig->handle(Object(Illuminate\\Http\\Request), Object(Closure))
#21 /Users/nikita/Downloads/rustresort.com/app/Http/Middleware/Localization.php(62): Illuminate\\Pipeline\\Pipeline->{closure:{closure:Illuminate\\Pipeline\\Pipeline::carry():142}:143}(Object(Illuminate\\Http\\Request))
#22 /Users/nikita/Downloads/rustresort.com/vendor/laravel/framework/src/Illuminate/Pipeline/Pipeline.php(167): App\\Http\\Middleware\\Localization->handle(Object(Illuminate\\Http\\Request), Object(Closure))
#23 /Users/nikita/Downloads/rustresort.com/vendor/laravel/framework/src/Illuminate/Routing/Middleware/SubstituteBindings.php(50): Illuminate\\Pipeline\\Pipeline->{closure:{closure:Illuminate\\Pipeline\\Pipeline::carry():142}:143}(Object(Illuminate\\Http\\Request))
#24 /Users/nikita/Downloads/rustresort.com/vendor/laravel/framework/src/Illuminate/Pipeline/Pipeline.php(167): Illuminate\\Routing\\Middleware\\SubstituteBindings->handle(Object(Illuminate\\Http\\Request), Object(Closure))
#25 /Users/nikita/Downloads/rustresort.com/vendor/laravel/framework/src/Illuminate/Foundation/Http/Middleware/VerifyCsrfToken.php(78): Illuminate\\Pipeline\\Pipeline->{closure:{closure:Illuminate\\Pipeline\\Pipeline::carry():142}:143}(Object(Illuminate\\Http\\Request))
#26 /Users/nikita/Downloads/rustresort.com/vendor/laravel/framework/src/Illuminate/Pipeline/Pipeline.php(167): Illuminate\\Foundation\\Http\\Middleware\\VerifyCsrfToken->handle(Object(Illuminate\\Http\\Request), Object(Closure))
#27 /Users/nikita/Downloads/rustresort.com/vendor/laravel/framework/src/Illuminate/Session/Middleware/AuthenticateSession.php(58): Illuminate\\Pipeline\\Pipeline->{closure:{closure:Illuminate\\Pipeline\\Pipeline::carry():142}:143}(Object(Illuminate\\Http\\Request))
#28 /Users/nikita/Downloads/rustresort.com/vendor/laravel/framework/src/Illuminate/Pipeline/Pipeline.php(167): Illuminate\\Session\\Middleware\\AuthenticateSession->handle(Object(Illuminate\\Http\\Request), Object(Closure))
#29 /Users/nikita/Downloads/rustresort.com/vendor/laravel/framework/src/Illuminate/View/Middleware/ShareErrorsFromSession.php(49): Illuminate\\Pipeline\\Pipeline->{closure:{closure:Illuminate\\Pipeline\\Pipeline::carry():142}:143}(Object(Illuminate\\Http\\Request))
#30 /Users/nikita/Downloads/rustresort.com/vendor/laravel/framework/src/Illuminate/Pipeline/Pipeline.php(167): Illuminate\\View\\Middleware\\ShareErrorsFromSession->handle(Object(Illuminate\\Http\\Request), Object(Closure))
#31 /Users/nikita/Downloads/rustresort.com/vendor/laravel/framework/src/Illuminate/Cookie/Middleware/AddQueuedCookiesToResponse.php(37): Illuminate\\Pipeline\\Pipeline->{closure:{closure:Illuminate\\Pipeline\\Pipeline::carry():142}:143}(Object(Illuminate\\Http\\Request))
#32 /Users/nikita/Downloads/rustresort.com/vendor/laravel/framework/src/Illuminate/Pipeline/Pipeline.php(167): Illuminate\\Cookie\\Middleware\\AddQueuedCookiesToResponse->handle(Object(Illuminate\\Http\\Request), Object(Closure))
#33 /Users/nikita/Downloads/rustresort.com/vendor/laravel/framework/src/Illuminate/Cookie/Middleware/EncryptCookies.php(67): Illuminate\\Pipeline\\Pipeline->{closure:{closure:Illuminate\\Pipeline\\Pipeline::carry():142}:143}(Object(Illuminate\\Http\\Request))
#34 /Users/nikita/Downloads/rustresort.com/vendor/laravel/framework/src/Illuminate/Pipeline/Pipeline.php(167): Illuminate\\Cookie\\Middleware\\EncryptCookies->handle(Object(Illuminate\\Http\\Request), Object(Closure))
#35 /Users/nikita/Downloads/rustresort.com/vendor/laravel/framework/src/Illuminate/Pipeline/Pipeline.php(103): Illuminate\\Pipeline\\Pipeline->{closure:{closure:Illuminate\\Pipeline\\Pipeline::carry():142}:143}(Object(Illuminate\\Http\\Request))
#36 /Users/nikita/Downloads/rustresort.com/vendor/laravel/framework/src/Illuminate/Routing/Router.php(719): Illuminate\\Pipeline\\Pipeline->then(Object(Closure))
#37 /Users/nikita/Downloads/rustresort.com/vendor/laravel/framework/src/Illuminate/Routing/Router.php(698): Illuminate\\Routing\\Router->runRouteWithinStack(Object(Illuminate\\Routing\\Route), Object(Illuminate\\Http\\Request))
#38 /Users/nikita/Downloads/rustresort.com/vendor/laravel/framework/src/Illuminate/Routing/Router.php(662): Illuminate\\Routing\\Router->runRoute(Object(Illuminate\\Http\\Request), Object(Illuminate\\Routing\\Route))
#39 /Users/nikita/Downloads/rustresort.com/vendor/laravel/framework/src/Illuminate/Routing/Router.php(651): Illuminate\\Routing\\Router->dispatchToRoute(Object(Illuminate\\Http\\Request))
#40 /Users/nikita/Downloads/rustresort.com/vendor/laravel/framework/src/Illuminate/Foundation/Http/Kernel.php(167): Illuminate\\Routing\\Router->dispatch(Object(Illuminate\\Http\\Request))
#41 /Users/nikita/Downloads/rustresort.com/vendor/laravel/framework/src/Illuminate/Pipeline/Pipeline.php(128): Illuminate\\Foundation\\Http\\Kernel->{closure:Illuminate\\Foundation\\Http\\Kernel::dispatchToRouter():164}(Object(Illuminate\\Http\\Request))
#42 /Users/nikita/Downloads/rustresort.com/app/Http/Middleware/RemoveCookies.php(16): Illuminate\\Pipeline\\Pipeline->{closure:Illuminate\\Pipeline\\Pipeline::prepareDestination():126}(Object(Illuminate\\Http\\Request))
#43 /Users/nikita/Downloads/rustresort.com/vendor/laravel/framework/src/Illuminate/Pipeline/Pipeline.php(167): App\\Http\\Middleware\\RemoveCookies->handle(Object(Illuminate\\Http\\Request), Object(Closure))
#44 /Users/nikita/Downloads/rustresort.com/vendor/laravel/framework/src/Illuminate/Foundation/Http/Middleware/ValidatePostSize.php(27): Illuminate\\Pipeline\\Pipeline->{closure:{closure:Illuminate\\Pipeline\\Pipeline::carry():142}:143}(Object(Illuminate\\Http\\Request))
#45 /Users/nikita/Downloads/rustresort.com/vendor/laravel/framework/src/Illuminate/Pipeline/Pipeline.php(167): Illuminate\\Foundation\\Http\\Middleware\\ValidatePostSize->handle(Object(Illuminate\\Http\\Request), Object(Closure))
#46 /Users/nikita/Downloads/rustresort.com/app/Http/Middleware/CacheControlMiddleware.php(19): Illuminate\\Pipeline\\Pipeline->{closure:{closure:Illuminate\\Pipeline\\Pipeline::carry():142}:143}(Object(Illuminate\\Http\\Request))
#47 /Users/nikita/Downloads/rustresort.com/vendor/laravel/framework/src/Illuminate/Pipeline/Pipeline.php(167): App\\Http\\Middleware\\CacheControlMiddleware->handle(Object(Illuminate\\Http\\Request), Object(Closure))
#48 /Users/nikita/Downloads/rustresort.com/app/Http/Middleware/SiteConfig.php(74): Illuminate\\Pipeline\\Pipeline->{closure:{closure:Illuminate\\Pipeline\\Pipeline::carry():142}:143}(Object(Illuminate\\Http\\Request))
#49 /Users/nikita/Downloads/rustresort.com/vendor/laravel/framework/src/Illuminate/Pipeline/Pipeline.php(167): App\\Http\\Middleware\\SiteConfig->handle(Object(Illuminate\\Http\\Request), Object(Closure))
#50 /Users/nikita/Downloads/rustresort.com/app/Http/Middleware/CacheKiller.php(15): Illuminate\\Pipeline\\Pipeline->{closure:{closure:Illuminate\\Pipeline\\Pipeline::carry():142}:143}(Object(Illuminate\\Http\\Request))
#51 /Users/nikita/Downloads/rustresort.com/vendor/laravel/framework/src/Illuminate/Pipeline/Pipeline.php(167): App\\Http\\Middleware\\CacheKiller->handle(Object(Illuminate\\Http\\Request), Object(Closure))
#52 /Users/nikita/Downloads/rustresort.com/app/Http/Middleware/Background.php(60): Illuminate\\Pipeline\\Pipeline->{closure:{closure:Illuminate\\Pipeline\\Pipeline::carry():142}:143}(Object(Illuminate\\Http\\Request))
#53 /Users/nikita/Downloads/rustresort.com/vendor/laravel/framework/src/Illuminate/Pipeline/Pipeline.php(167): App\\Http\\Middleware\\Background->handle(Object(Illuminate\\Http\\Request), Object(Closure))
#54 /Users/nikita/Downloads/rustresort.com/app/Http/Middleware/Localization.php(62): Illuminate\\Pipeline\\Pipeline->{closure:{closure:Illuminate\\Pipeline\\Pipeline::carry():142}:143}(Object(Illuminate\\Http\\Request))
#55 /Users/nikita/Downloads/rustresort.com/vendor/laravel/framework/src/Illuminate/Pipeline/Pipeline.php(167): App\\Http\\Middleware\\Localization->handle(Object(Illuminate\\Http\\Request), Object(Closure))
#56 /Users/nikita/Downloads/rustresort.com/vendor/laravel/framework/src/Illuminate/Foundation/Http/Middleware/TransformsRequest.php(21): Illuminate\\Pipeline\\Pipeline->{closure:{closure:Illuminate\\Pipeline\\Pipeline::carry():142}:143}(Object(Illuminate\\Http\\Request))
#57 /Users/nikita/Downloads/rustresort.com/vendor/laravel/framework/src/Illuminate/Foundation/Http/Middleware/ConvertEmptyStringsToNull.php(31): Illuminate\\Foundation\\Http\\Middleware\\TransformsRequest->handle(Object(Illuminate\\Http\\Request), Object(Closure))
#58 /Users/nikita/Downloads/rustresort.com/vendor/laravel/framework/src/Illuminate/Pipeline/Pipeline.php(167): Illuminate\\Foundation\\Http\\Middleware\\ConvertEmptyStringsToNull->handle(Object(Illuminate\\Http\\Request), Object(Closure))
#59 /Users/nikita/Downloads/rustresort.com/vendor/laravel/framework/src/Illuminate/Foundation/Http/Middleware/TransformsRequest.php(21): Illuminate\\Pipeline\\Pipeline->{closure:{closure:Illuminate\\Pipeline\\Pipeline::carry():142}:143}(Object(Illuminate\\Http\\Request))
#60 /Users/nikita/Downloads/rustresort.com/vendor/laravel/framework/src/Illuminate/Foundation/Http/Middleware/TrimStrings.php(40): Illuminate\\Foundation\\Http\\Middleware\\TransformsRequest->handle(Object(Illuminate\\Http\\Request), Object(Closure))
#61 /Users/nikita/Downloads/rustresort.com/vendor/laravel/framework/src/Illuminate/Pipeline/Pipeline.php(167): Illuminate\\Foundation\\Http\\Middleware\\TrimStrings->handle(Object(Illuminate\\Http\\Request), Object(Closure))
#62 /Users/nikita/Downloads/rustresort.com/vendor/laravel/framework/src/Illuminate/Session/Middleware/StartSession.php(121): Illuminate\\Pipeline\\Pipeline->{closure:{closure:Illuminate\\Pipeline\\Pipeline::carry():142}:143}(Object(Illuminate\\Http\\Request))
#63 /Users/nikita/Downloads/rustresort.com/vendor/laravel/framework/src/Illuminate/Session/Middleware/StartSession.php(64): Illuminate\\Session\\Middleware\\StartSession->handleStatefulRequest(Object(Illuminate\\Http\\Request), Object(Illuminate\\Session\\Store), Object(Closure))
#64 /Users/nikita/Downloads/rustresort.com/vendor/laravel/framework/src/Illuminate/Pipeline/Pipeline.php(167): Illuminate\\Session\\Middleware\\StartSession->handle(Object(Illuminate\\Http\\Request), Object(Closure))
#65 /Users/nikita/Downloads/rustresort.com/vendor/laravel/framework/src/Illuminate/Foundation/Http/Middleware/PreventRequestsDuringMaintenance.php(86): Illuminate\\Pipeline\\Pipeline->{closure:{closure:Illuminate\\Pipeline\\Pipeline::carry():142}:143}(Object(Illuminate\\Http\\Request))
#66 /Users/nikita/Downloads/rustresort.com/vendor/laravel/framework/src/Illuminate/Pipeline/Pipeline.php(167): Illuminate\\Foundation\\Http\\Middleware\\PreventRequestsDuringMaintenance->handle(Object(Illuminate\\Http\\Request), Object(Closure))
#67 /Users/nikita/Downloads/rustresort.com/vendor/fruitcake/laravel-cors/src/HandleCors.php(38): Illuminate\\Pipeline\\Pipeline->{closure:{closure:Illuminate\\Pipeline\\Pipeline::carry():142}:143}(Object(Illuminate\\Http\\Request))
#68 /Users/nikita/Downloads/rustresort.com/vendor/laravel/framework/src/Illuminate/Pipeline/Pipeline.php(167): Fruitcake\\Cors\\HandleCors->handle(Object(Illuminate\\Http\\Request), Object(Closure))
#69 /Users/nikita/Downloads/rustresort.com/vendor/fideloper/proxy/src/TrustProxies.php(57): Illuminate\\Pipeline\\Pipeline->{closure:{closure:Illuminate\\Pipeline\\Pipeline::carry():142}:143}(Object(Illuminate\\Http\\Request))
#70 /Users/nikita/Downloads/rustresort.com/vendor/laravel/framework/src/Illuminate/Pipeline/Pipeline.php(167): Fideloper\\Proxy\\TrustProxies->handle(Object(Illuminate\\Http\\Request), Object(Closure))
#71 /Users/nikita/Downloads/rustresort.com/vendor/laravel/framework/src/Illuminate/Pipeline/Pipeline.php(103): Illuminate\\Pipeline\\Pipeline->{closure:{closure:Illuminate\\Pipeline\\Pipeline::carry():142}:143}(Object(Illuminate\\Http\\Request))
#72 /Users/nikita/Downloads/rustresort.com/vendor/laravel/framework/src/Illuminate/Foundation/Http/Kernel.php(142): Illuminate\\Pipeline\\Pipeline->then(Object(Closure))
#73 /Users/nikita/Downloads/rustresort.com/vendor/laravel/framework/src/Illuminate/Foundation/Http/Kernel.php(111): Illuminate\\Foundation\\Http\\Kernel->sendRequestThroughRouter(Object(Illuminate\\Http\\Request))
#74 /Users/nikita/Downloads/rustresort.com/public/index.php(52): Illuminate\\Foundation\\Http\\Kernel->handle(Object(Illuminate\\Http\\Request))
#75 /Users/nikita/Downloads/rustresort.com/server.php(21): require_once('/Users/nikita/D...')
#76 {main}
"} 
[2026-02-01 13:56:21] local.ERROR: Call to a member function toArray() on array {"userId":497,"exception":"[object] (Error(code: 0): Call to a member function toArray() on array at /Users/nikita/Downloads/rustresort.com/app/Http/Controllers/ShopController.php:95)
[stacktrace]
#0 /Users/nikita/Downloads/rustresort.com/vendor/laravel/framework/src/Illuminate/Routing/Controller.php(54): App\\Http\\Controllers\\ShopController->show('3')
#1 /Users/nikita/Downloads/rustresort.com/vendor/laravel/framework/src/Illuminate/Routing/ControllerDispatcher.php(45): Illuminate\\Routing\\Controller->callAction('show', Array)
#2 /Users/nikita/Downloads/rustresort.com/vendor/laravel/framework/src/Illuminate/Routing/Route.php(261): Illuminate\\Routing\\ControllerDispatcher->dispatch(Object(Illuminate\\Routing\\Route), Object(App\\Http\\Controllers\\ShopController), 'show')
#3 /Users/nikita/Downloads/rustresort.com/vendor/laravel/framework/src/Illuminate/Routing/Route.php(205): Illuminate\\Routing\\Route->runController()
#4 /Users/nikita/Downloads/rustresort.com/vendor/laravel/framework/src/Illuminate/Routing/Router.php(721): Illuminate\\Routing\\Route->run()
#5 /Users/nikita/Downloads/rustresort.com/vendor/laravel/framework/src/Illuminate/Pipeline/Pipeline.php(128): Illuminate\\Routing\\Router->{closure:Illuminate\\Routing\\Router::runRouteWithinStack():719}(Object(Illuminate\\Http\\Request))
#6 /Users/nikita/Downloads/rustresort.com/app/Http/Middleware/ServerStatusMiddleware.php(19): Illuminate\\Pipeline\\Pipeline->{closure:Illuminate\\Pipeline\\Pipeline::prepareDestination():126}(Object(Illuminate\\Http\\Request))
#7 /Users/nikita/Downloads/rustresort.com/vendor/laravel/framework/src/Illuminate/Pipeline/Pipeline.php(167): App\\Http\\Middleware\\ServerStatusMiddleware->handle(Object(Illuminate\\Http\\Request), Object(Closure))
#8 /Users/nikita/Downloads/rustresort.com/app/Http/Middleware/VisitStatistics.php(25): Illuminate\\Pipeline\\Pipeline->{closure:{closure:Illuminate\\Pipeline\\Pipeline::carry():142}:143}(Object(Illuminate\\Http\\Request))
#9 /Users/nikita/Downloads/rustresort.com/vendor/laravel/framework/src/Illuminate/Pipeline/Pipeline.php(167): App\\Http\\Middleware\\VisitStatistics->handle(Object(Illuminate\\Http\\Request), Object(Closure))
#10 /Users/nikita/Downloads/rustresort.com/app/Http/Middleware/ServerConfig.php(37): Illuminate\\Pipeline\\Pipeline->{closure:{closure:Illuminate\\Pipeline\\Pipeline::carry():142}:143}(Object(Illuminate\\Http\\Request))
#11 /Users/nikita/Downloads/rustresort.com/vendor/laravel/framework/src/Illuminate/Pipeline/Pipeline.php(167): App\\Http\\Middleware\\ServerConfig->handle(Object(Illuminate\\Http\\Request), Object(Closure))
#12 /Users/nikita/Downloads/rustresort.com/app/Http/Middleware/Localization.php(62): Illuminate\\Pipeline\\Pipeline->{closure:{closure:Illuminate\\Pipeline\\Pipeline::carry():142}:143}(Object(Illuminate\\Http\\Request))
#13 /Users/nikita/Downloads/rustresort.com/vendor/laravel/framework/src/Illuminate/Pipeline/Pipeline.php(167): App\\Http\\Middleware\\Localization->handle(Object(Illuminate\\Http\\Request), Object(Closure))
#14 /Users/nikita/Downloads/rustresort.com/vendor/laravel/framework/src/Illuminate/Routing/Middleware/SubstituteBindings.php(50): Illuminate\\Pipeline\\Pipeline->{closure:{closure:Illuminate\\Pipeline\\Pipeline::carry():142}:143}(Object(Illuminate\\Http\\Request))
#15 /Users/nikita/Downloads/rustresort.com/vendor/laravel/framework/src/Illuminate/Pipeline/Pipeline.php(167): Illuminate\\Routing\\Middleware\\SubstituteBindings->handle(Object(Illuminate\\Http\\Request), Object(Closure))
#16 /Users/nikita/Downloads/rustresort.com/vendor/laravel/framework/src/Illuminate/Foundation/Http/Middleware/VerifyCsrfToken.php(78): Illuminate\\Pipeline\\Pipeline->{closure:{closure:Illuminate\\Pipeline\\Pipeline::carry():142}:143}(Object(Illuminate\\Http\\Request))
#17 /Users/nikita/Downloads/rustresort.com/vendor/laravel/framework/src/Illuminate/Pipeline/Pipeline.php(167): Illuminate\\Foundation\\Http\\Middleware\\VerifyCsrfToken->handle(Object(Illuminate\\Http\\Request), Object(Closure))
#18 /Users/nikita/Downloads/rustresort.com/vendor/laravel/framework/src/Illuminate/Session/Middleware/AuthenticateSession.php(58): Illuminate\\Pipeline\\Pipeline->{closure:{closure:Illuminate\\Pipeline\\Pipeline::carry():142}:143}(Object(Illuminate\\Http\\Request))
#19 /Users/nikita/Downloads/rustresort.com/vendor/laravel/framework/src/Illuminate/Pipeline/Pipeline.php(167): Illuminate\\Session\\Middleware\\AuthenticateSession->handle(Object(Illuminate\\Http\\Request), Object(Closure))
#20 /Users/nikita/Downloads/rustresort.com/vendor/laravel/framework/src/Illuminate/View/Middleware/ShareErrorsFromSession.php(49): Illuminate\\Pipeline\\Pipeline->{closure:{closure:Illuminate\\Pipeline\\Pipeline::carry():142}:143}(Object(Illuminate\\Http\\Request))
#21 /Users/nikita/Downloads/rustresort.com/vendor/laravel/framework/src/Illuminate/Pipeline/Pipeline.php(167): Illuminate\\View\\Middleware\\ShareErrorsFromSession->handle(Object(Illuminate\\Http\\Request), Object(Closure))
#22 /Users/nikita/Downloads/rustresort.com/vendor/laravel/framework/src/Illuminate/Cookie/Middleware/AddQueuedCookiesToResponse.php(37): Illuminate\\Pipeline\\Pipeline->{closure:{closure:Illuminate\\Pipeline\\Pipeline::carry():142}:143}(Object(Illuminate\\Http\\Request))
#23 /Users/nikita/Downloads/rustresort.com/vendor/laravel/framework/src/Illuminate/Pipeline/Pipeline.php(167): Illuminate\\Cookie\\Middleware\\AddQueuedCookiesToResponse->handle(Object(Illuminate\\Http\\Request), Object(Closure))
#24 /Users/nikita/Downloads/rustresort.com/vendor/laravel/framework/src/Illuminate/Cookie/Middleware/EncryptCookies.php(67): Illuminate\\Pipeline\\Pipeline->{closure:{closure:Illuminate\\Pipeline\\Pipeline::carry():142}:143}(Object(Illuminate\\Http\\Request))
#25 /Users/nikita/Downloads/rustresort.com/vendor/laravel/framework/src/Illuminate/Pipeline/Pipeline.php(167): Illuminate\\Cookie\\Middleware\\EncryptCookies->handle(Object(Illuminate\\Http\\Request), Object(Closure))
#26 /Users/nikita/Downloads/rustresort.com/vendor/laravel/framework/src/Illuminate/Pipeline/Pipeline.php(103): Illuminate\\Pipeline\\Pipeline->{closure:{closure:Illuminate\\Pipeline\\Pipeline::carry():142}:143}(Object(Illuminate\\Http\\Request))
#27 /Users/nikita/Downloads/rustresort.com/vendor/laravel/framework/src/Illuminate/Routing/Router.php(719): Illuminate\\Pipeline\\Pipeline->then(Object(Closure))
#28 /Users/nikita/Downloads/rustresort.com/vendor/laravel/framework/src/Illuminate/Routing/Router.php(698): Illuminate\\Routing\\Router->runRouteWithinStack(Object(Illuminate\\Routing\\Route), Object(Illuminate\\Http\\Request))
#29 /Users/nikita/Downloads/rustresort.com/vendor/laravel/framework/src/Illuminate/Routing/Router.php(662): Illuminate\\Routing\\Router->runRoute(Object(Illuminate\\Http\\Request), Object(Illuminate\\Routing\\Route))
#30 /Users/nikita/Downloads/rustresort.com/vendor/laravel/framework/src/Illuminate/Routing/Router.php(651): Illuminate\\Routing\\Router->dispatchToRoute(Object(Illuminate\\Http\\Request))
#31 /Users/nikita/Downloads/rustresort.com/vendor/laravel/framework/src/Illuminate/Foundation/Http/Kernel.php(167): Illuminate\\Routing\\Router->dispatch(Object(Illuminate\\Http\\Request))
#32 /Users/nikita/Downloads/rustresort.com/vendor/laravel/framework/src/Illuminate/Pipeline/Pipeline.php(128): Illuminate\\Foundation\\Http\\Kernel->{closure:Illuminate\\Foundation\\Http\\Kernel::dispatchToRouter():164}(Object(Illuminate\\Http\\Request))
#33 /Users/nikita/Downloads/rustresort.com/app/Http/Middleware/RemoveCookies.php(16): Illuminate\\Pipeline\\Pipeline->{closure:Illuminate\\Pipeline\\Pipeline::prepareDestination():126}(Object(Illuminate\\Http\\Request))
#34 /Users/nikita/Downloads/rustresort.com/vendor/laravel/framework/src/Illuminate/Pipeline/Pipeline.php(167): App\\Http\\Middleware\\RemoveCookies->handle(Object(Illuminate\\Http\\Request), Object(Closure))
#35 /Users/nikita/Downloads/rustresort.com/vendor/laravel/framework/src/Illuminate/Foundation/Http/Middleware/ValidatePostSize.php(27): Illuminate\\Pipeline\\Pipeline->{closure:{closure:Illuminate\\Pipeline\\Pipeline::carry():142}:143}(Object(Illuminate\\Http\\Request))
#36 /Users/nikita/Downloads/rustresort.com/vendor/laravel/framework/src/Illuminate/Pipeline/Pipeline.php(167): Illuminate\\Foundation\\Http\\Middleware\\ValidatePostSize->handle(Object(Illuminate\\Http\\Request), Object(Closure))
#37 /Users/nikita/Downloads/rustresort.com/app/Http/Middleware/CacheControlMiddleware.php(19): Illuminate\\Pipeline\\Pipeline->{closure:{closure:Illuminate\\Pipeline\\Pipeline::carry():142}:143}(Object(Illuminate\\Http\\Request))
#38 /Users/nikita/Downloads/rustresort.com/vendor/laravel/framework/src/Illuminate/Pipeline/Pipeline.php(167): App\\Http\\Middleware\\CacheControlMiddleware->handle(Object(Illuminate\\Http\\Request), Object(Closure))
#39 /Users/nikita/Downloads/rustresort.com/app/Http/Middleware/SiteConfig.php(74): Illuminate\\Pipeline\\Pipeline->{closure:{closure:Illuminate\\Pipeline\\Pipeline::carry():142}:143}(Object(Illuminate\\Http\\Request))
#40 /Users/nikita/Downloads/rustresort.com/vendor/laravel/framework/src/Illuminate/Pipeline/Pipeline.php(167): App\\Http\\Middleware\\SiteConfig->handle(Object(Illuminate\\Http\\Request), Object(Closure))
#41 /Users/nikita/Downloads/rustresort.com/app/Http/Middleware/CacheKiller.php(15): Illuminate\\Pipeline\\Pipeline->{closure:{closure:Illuminate\\Pipeline\\Pipeline::carry():142}:143}(Object(Illuminate\\Http\\Request))
#42 /Users/nikita/Downloads/rustresort.com/vendor/laravel/framework/src/Illuminate/Pipeline/Pipeline.php(167): App\\Http\\Middleware\\CacheKiller->handle(Object(Illuminate\\Http\\Request), Object(Closure))
#43 /Users/nikita/Downloads/rustresort.com/app/Http/Middleware/Background.php(60): Illuminate\\Pipeline\\Pipeline->{closure:{closure:Illuminate\\Pipeline\\Pipeline::carry():142}:143}(Object(Illuminate\\Http\\Request))
#44 /Users/nikita/Downloads/rustresort.com/vendor/laravel/framework/src/Illuminate/Pipeline/Pipeline.php(167): App\\Http\\Middleware\\Background->handle(Object(Illuminate\\Http\\Request), Object(Closure))
#45 /Users/nikita/Downloads/rustresort.com/app/Http/Middleware/Localization.php(62): Illuminate\\Pipeline\\Pipeline->{closure:{closure:Illuminate\\Pipeline\\Pipeline::carry():142}:143}(Object(Illuminate\\Http\\Request))
#46 /Users/nikita/Downloads/rustresort.com/vendor/laravel/framework/src/Illuminate/Pipeline/Pipeline.php(167): App\\Http\\Middleware\\Localization->handle(Object(Illuminate\\Http\\Request), Object(Closure))
#47 /Users/nikita/Downloads/rustresort.com/vendor/laravel/framework/src/Illuminate/Foundation/Http/Middleware/TransformsRequest.php(21): Illuminate\\Pipeline\\Pipeline->{closure:{closure:Illuminate\\Pipeline\\Pipeline::carry():142}:143}(Object(Illuminate\\Http\\Request))
#48 /Users/nikita/Downloads/rustresort.com/vendor/laravel/framework/src/Illuminate/Foundation/Http/Middleware/ConvertEmptyStringsToNull.php(31): Illuminate\\Foundation\\Http\\Middleware\\TransformsRequest->handle(Object(Illuminate\\Http\\Request), Object(Closure))
#49 /Users/nikita/Downloads/rustresort.com/vendor/laravel/framework/src/Illuminate/Pipeline/Pipeline.php(167): Illuminate\\Foundation\\Http\\Middleware\\ConvertEmptyStringsToNull->handle(Object(Illuminate\\Http\\Request), Object(Closure))
#50 /Users/nikita/Downloads/rustresort.com/vendor/laravel/framework/src/Illuminate/Foundation/Http/Middleware/TransformsRequest.php(21): Illuminate\\Pipeline\\Pipeline->{closure:{closure:Illuminate\\Pipeline\\Pipeline::carry():142}:143}(Object(Illuminate\\Http\\Request))
#51 /Users/nikita/Downloads/rustresort.com/vendor/laravel/framework/src/Illuminate/Foundation/Http/Middleware/TrimStrings.php(40): Illuminate\\Foundation\\Http\\Middleware\\TransformsRequest->handle(Object(Illuminate\\Http\\Request), Object(Closure))
#52 /Users/nikita/Downloads/rustresort.com/vendor/laravel/framework/src/Illuminate/Pipeline/Pipeline.php(167): Illuminate\\Foundation\\Http\\Middleware\\TrimStrings->handle(Object(Illuminate\\Http\\Request), Object(Closure))
#53 /Users/nikita/Downloads/rustresort.com/vendor/laravel/framework/src/Illuminate/Session/Middleware/StartSession.php(121): Illuminate\\Pipeline\\Pipeline->{closure:{closure:Illuminate\\Pipeline\\Pipeline::carry():142}:143}(Object(Illuminate\\Http\\Request))
#54 /Users/nikita/Downloads/rustresort.com/vendor/laravel/framework/src/Illuminate/Session/Middleware/StartSession.php(64): Illuminate\\Session\\Middleware\\StartSession->handleStatefulRequest(Object(Illuminate\\Http\\Request), Object(Illuminate\\Session\\Store), Object(Closure))
#55 /Users/nikita/Downloads/rustresort.com/vendor/laravel/framework/src/Illuminate/Pipeline/Pipeline.php(167): Illuminate\\Session\\Middleware\\StartSession->handle(Object(Illuminate\\Http\\Request), Object(Closure))
#56 /Users/nikita/Downloads/rustresort.com/vendor/laravel/framework/src/Illuminate/Foundation/Http/Middleware/PreventRequestsDuringMaintenance.php(86): Illuminate\\Pipeline\\Pipeline->{closure:{closure:Illuminate\\Pipeline\\Pipeline::carry():142}:143}(Object(Illuminate\\Http\\Request))
#57 /Users/nikita/Downloads/rustresort.com/vendor/laravel/framework/src/Illuminate/Pipeline/Pipeline.php(167): Illuminate\\Foundation\\Http\\Middleware\\PreventRequestsDuringMaintenance->handle(Object(Illuminate\\Http\\Request), Object(Closure))
#58 /Users/nikita/Downloads/rustresort.com/vendor/fruitcake/laravel-cors/src/HandleCors.php(38): Illuminate\\Pipeline\\Pipeline->{closure:{closure:Illuminate\\Pipeline\\Pipeline::carry():142}:143}(Object(Illuminate\\Http\\Request))
#59 /Users/nikita/Downloads/rustresort.com/vendor/laravel/framework/src/Illuminate/Pipeline/Pipeline.php(167): Fruitcake\\Cors\\HandleCors->handle(Object(Illuminate\\Http\\Request), Object(Closure))
#60 /Users/nikita/Downloads/rustresort.com/vendor/fideloper/proxy/src/TrustProxies.php(57): Illuminate\\Pipeline\\Pipeline->{closure:{closure:Illuminate\\Pipeline\\Pipeline::carry():142}:143}(Object(Illuminate\\Http\\Request))
#61 /Users/nikita/Downloads/rustresort.com/vendor/laravel/framework/src/Illuminate/Pipeline/Pipeline.php(167): Fideloper\\Proxy\\TrustProxies->handle(Object(Illuminate\\Http\\Request), Object(Closure))
#62 /Users/nikita/Downloads/rustresort.com/vendor/laravel/framework/src/Illuminate/Pipeline/Pipeline.php(103): Illuminate\\Pipeline\\Pipeline->{closure:{closure:Illuminate\\Pipeline\\Pipeline::carry():142}:143}(Object(Illuminate\\Http\\Request))
#63 /Users/nikita/Downloads/rustresort.com/vendor/laravel/framework/src/Illuminate/Foundation/Http/Kernel.php(142): Illuminate\\Pipeline\\Pipeline->then(Object(Closure))
#64 /Users/nikita/Downloads/rustresort.com/vendor/laravel/framework/src/Illuminate/Foundation/Http/Kernel.php(111): Illuminate\\Foundation\\Http\\Kernel->sendRequestThroughRouter(Object(Illuminate\\Http\\Request))
#65 /Users/nikita/Downloads/rustresort.com/public/index.php(52): Illuminate\\Foundation\\Http\\Kernel->handle(Object(Illuminate\\Http\\Request))
#66 /Users/nikita/Downloads/rustresort.com/server.php(21): require_once('/Users/nikita/D...')
#67 {main}
"} 
[2026-02-05 11:46:21] local.ERROR: Uncaught InvalidArgumentException: Attribute [first] does not exist. in /Users/nikita/Downloads/rustresort.com/vendor/laravel/framework/src/Illuminate/Routing/RouteRegistrar.php:107
Stack trace:
#0 /Users/nikita/Downloads/rustresort.com/vendor/laravel/framework/src/Illuminate/Routing/Router.php(1355): Illuminate\Routing\RouteRegistrar->attribute('first', true)
#1 /Users/nikita/Downloads/rustresort.com/vendor/laravel/framework/src/Illuminate/Support/Facades/Facade.php(261): Illuminate\Routing\Router->__call('first', Array)
#2 Command line code(1): Illuminate\Support\Facades\Facade::__callStatic('first', Array)
#3 {main}
  thrown {"exception":"[object] (Symfony\\Component\\ErrorHandler\\Error\\FatalError(code: 0): Uncaught InvalidArgumentException: Attribute [first] does not exist. in /Users/nikita/Downloads/rustresort.com/vendor/laravel/framework/src/Illuminate/Routing/RouteRegistrar.php:107
Stack trace:
#0 /Users/nikita/Downloads/rustresort.com/vendor/laravel/framework/src/Illuminate/Routing/Router.php(1355): Illuminate\\Routing\\RouteRegistrar->attribute('first', true)
#1 /Users/nikita/Downloads/rustresort.com/vendor/laravel/framework/src/Illuminate/Support/Facades/Facade.php(261): Illuminate\\Routing\\Router->__call('first', Array)
#2 Command line code(1): Illuminate\\Support\\Facades\\Facade::__callStatic('first', Array)
#3 {main}
  thrown at /Users/nikita/Downloads/rustresort.com/vendor/laravel/framework/src/Illuminate/Routing/RouteRegistrar.php:107)
[stacktrace]
#0 {main}
"} 
[2026-02-05 11:46:23] local.ERROR: Uncaught InvalidArgumentException: Attribute [first] does not exist. in /Users/nikita/Downloads/rustresort.com/vendor/laravel/framework/src/Illuminate/Routing/RouteRegistrar.php:107
Stack trace:
#0 /Users/nikita/Downloads/rustresort.com/vendor/laravel/framework/src/Illuminate/Routing/Router.php(1355): Illuminate\Routing\RouteRegistrar->attribute('first', true)
#1 /Users/nikita/Downloads/rustresort.com/vendor/laravel/framework/src/Illuminate/Support/Facades/Facade.php(261): Illuminate\Routing\Router->__call('first', Array)
#2 Command line code(1): Illuminate\Support\Facades\Facade::__callStatic('first', Array)
#3 {main}
  thrown {"exception":"[object] (Symfony\\Component\\ErrorHandler\\Error\\FatalError(code: 0): Uncaught InvalidArgumentException: Attribute [first] does not exist. in /Users/nikita/Downloads/rustresort.com/vendor/laravel/framework/src/Illuminate/Routing/RouteRegistrar.php:107
Stack trace:
#0 /Users/nikita/Downloads/rustresort.com/vendor/laravel/framework/src/Illuminate/Routing/Router.php(1355): Illuminate\\Routing\\RouteRegistrar->attribute('first', true)
#1 /Users/nikita/Downloads/rustresort.com/vendor/laravel/framework/src/Illuminate/Support/Facades/Facade.php(261): Illuminate\\Routing\\Router->__call('first', Array)
#2 Command line code(1): Illuminate\\Support\\Facades\\Facade::__callStatic('first', Array)
#3 {main}
  thrown at /Users/nikita/Downloads/rustresort.com/vendor/laravel/framework/src/Illuminate/Routing/RouteRegistrar.php:107)
[stacktrace]
#0 {main}
"} 
[2026-02-05 11:50:18] local.ERROR: Command "laravel" is not defined. {"exception":"[object] (Symfony\\Component\\Console\\Exception\\CommandNotFoundException(code: 0): Command \"laravel\" is not defined. at /Users/nikita/Downloads/rustresort.com/vendor/symfony/console/Application.php:720)
[stacktrace]
#0 /Users/nikita/Downloads/rustresort.com/vendor/symfony/console/Application.php(259): Symfony\\Component\\Console\\Application->find('laravel')
#1 /Users/nikita/Downloads/rustresort.com/vendor/symfony/console/Application.php(171): Symfony\\Component\\Console\\Application->doRun(Object(Symfony\\Component\\Console\\Input\\ArgvInput), Object(Symfony\\Component\\Console\\Output\\ConsoleOutput))
#2 /Users/nikita/Downloads/rustresort.com/vendor/laravel/framework/src/Illuminate/Console/Application.php(94): Symfony\\Component\\Console\\Application->run(Object(Symfony\\Component\\Console\\Input\\ArgvInput), Object(Symfony\\Component\\Console\\Output\\ConsoleOutput))
#3 /Users/nikita/Downloads/rustresort.com/vendor/laravel/framework/src/Illuminate/Foundation/Console/Kernel.php(129): Illuminate\\Console\\Application->run(Object(Symfony\\Component\\Console\\Input\\ArgvInput), Object(Symfony\\Component\\Console\\Output\\ConsoleOutput))
#4 /Users/nikita/Downloads/rustresort.com/artisan(35): Illuminate\\Foundation\\Console\\Kernel->handle(Object(Symfony\\Component\\Console\\Input\\ArgvInput), Object(Symfony\\Component\\Console\\Output\\ConsoleOutput))
#5 {main}
"} 
[2026-02-05 11:54:47] local.ERROR: The "-m" option does not exist. {"exception":"[object] (Symfony\\Component\\Console\\Exception\\RuntimeException(code: 0): The \"-m\" option does not exist. at /Users/nikita/Downloads/rustresort.com/vendor/symfony/console/Input/ArgvInput.php:205)
[stacktrace]
#0 /Users/nikita/Downloads/rustresort.com/vendor/symfony/console/Input/ArgvInput.php(107): Symfony\\Component\\Console\\Input\\ArgvInput->addShortOption('m', NULL)
#1 /Users/nikita/Downloads/rustresort.com/vendor/symfony/console/Input/ArgvInput.php(84): Symfony\\Component\\Console\\Input\\ArgvInput->parseShortOption('-m')
#2 /Users/nikita/Downloads/rustresort.com/vendor/symfony/console/Input/ArgvInput.php(71): Symfony\\Component\\Console\\Input\\ArgvInput->parseToken('-m', true)
#3 /Users/nikita/Downloads/rustresort.com/vendor/symfony/console/Input/Input.php(55): Symfony\\Component\\Console\\Input\\ArgvInput->parse()
#4 /Users/nikita/Downloads/rustresort.com/vendor/symfony/console/Command/Command.php(257): Symfony\\Component\\Console\\Input\\Input->bind(Object(Symfony\\Component\\Console\\Input\\InputDefinition))
#5 /Users/nikita/Downloads/rustresort.com/vendor/laravel/framework/src/Illuminate/Console/Command.php(120): Symfony\\Component\\Console\\Command\\Command->run(Object(Symfony\\Component\\Console\\Input\\ArgvInput), Object(Illuminate\\Console\\OutputStyle))
#6 /Users/nikita/Downloads/rustresort.com/vendor/symfony/console/Application.php(1040): Illuminate\\Console\\Command->run(Object(Symfony\\Component\\Console\\Input\\ArgvInput), Object(Symfony\\Component\\Console\\Output\\ConsoleOutput))
#7 /Users/nikita/Downloads/rustresort.com/vendor/symfony/console/Application.php(301): Symfony\\Component\\Console\\Application->doRunCommand(Object(Illuminate\\Database\\Console\\Migrations\\MigrateMakeCommand), Object(Symfony\\Component\\Console\\Input\\ArgvInput), Object(Symfony\\Component\\Console\\Output\\ConsoleOutput))
#8 /Users/nikita/Downloads/rustresort.com/vendor/symfony/console/Application.php(171): Symfony\\Component\\Console\\Application->doRun(Object(Symfony\\Component\\Console\\Input\\ArgvInput), Object(Symfony\\Component\\Console\\Output\\ConsoleOutput))
#9 /Users/nikita/Downloads/rustresort.com/vendor/laravel/framework/src/Illuminate/Console/Application.php(94): Symfony\\Component\\Console\\Application->run(Object(Symfony\\Component\\Console\\Input\\ArgvInput), Object(Symfony\\Component\\Console\\Output\\ConsoleOutput))
#10 /Users/nikita/Downloads/rustresort.com/vendor/laravel/framework/src/Illuminate/Foundation/Console/Kernel.php(129): Illuminate\\Console\\Application->run(Object(Symfony\\Component\\Console\\Input\\ArgvInput), Object(Symfony\\Component\\Console\\Output\\ConsoleOutput))
#11 /Users/nikita/Downloads/rustresort.com/artisan(35): Illuminate\\Foundation\\Console\\Kernel->handle(Object(Symfony\\Component\\Console\\Input\\ArgvInput), Object(Symfony\\Component\\Console\\Output\\ConsoleOutput))
#12 {main}
"} 
[2026-02-05 13:01:37] local.ERROR: Command "make:migrate" is not defined.

Did you mean one of these?
    make:cast
    make:channel
    make:command
    make:component
    make:controller
    make:event
    make:exception
    make:factory
    make:job
    make:listener
    make:mail
    make:middleware
    make:migration
    make:model
    make:notification
    make:observer
    make:policy
    make:provider
    make:request
    make:resource
    make:rule
    make:seeder
    make:test {"exception":"[object] (Symfony\\Component\\Console\\Exception\\CommandNotFoundException(code: 0): Command \"make:migrate\" is not defined.

Did you mean one of these?
    make:cast
    make:channel
    make:command
    make:component
    make:controller
    make:event
    make:exception
    make:factory
    make:job
    make:listener
    make:mail
    make:middleware
    make:migration
    make:model
    make:notification
    make:observer
    make:policy
    make:provider
    make:request
    make:resource
    make:rule
    make:seeder
    make:test at /Users/nikita/Downloads/rustresort.com/vendor/symfony/console/Application.php:720)
[stacktrace]
#0 /Users/nikita/Downloads/rustresort.com/vendor/symfony/console/Application.php(259): Symfony\\Component\\Console\\Application->find('make:migrate')
#1 /Users/nikita/Downloads/rustresort.com/vendor/symfony/console/Application.php(171): Symfony\\Component\\Console\\Application->doRun(Object(Symfony\\Component\\Console\\Input\\ArgvInput), Object(Symfony\\Component\\Console\\Output\\ConsoleOutput))
#2 /Users/nikita/Downloads/rustresort.com/vendor/laravel/framework/src/Illuminate/Console/Application.php(94): Symfony\\Component\\Console\\Application->run(Object(Symfony\\Component\\Console\\Input\\ArgvInput), Object(Symfony\\Component\\Console\\Output\\ConsoleOutput))
#3 /Users/nikita/Downloads/rustresort.com/vendor/laravel/framework/src/Illuminate/Foundation/Console/Kernel.php(129): Illuminate\\Console\\Application->run(Object(Symfony\\Component\\Console\\Input\\ArgvInput), Object(Symfony\\Component\\Console\\Output\\ConsoleOutput))
#4 /Users/nikita/Downloads/rustresort.com/artisan(35): Illuminate\\Foundation\\Console\\Kernel->handle(Object(Symfony\\Component\\Console\\Input\\ArgvInput), Object(Symfony\\Component\\Console\\Output\\ConsoleOutput))
#5 {main}
"} 
[2026-02-05 13:07:53] local.ERROR: Undefined property: stdClass::$user_id {"userId":497,"exception":"[object] (ErrorException(code: 0): Undefined property: stdClass::$user_id at /Users/nikita/Downloads/rustresort.com/app/Http/Controllers/PromoCodeController.php:52)
[stacktrace]
#0 /Users/nikita/Downloads/rustresort.com/app/Http/Controllers/PromoCodeController.php(52): Illuminate\\Foundation\\Bootstrap\\HandleExceptions->handleError(2, 'Undefined prope...', '/Users/nikita/D...', 52)
#1 /Users/nikita/Downloads/rustresort.com/vendor/laravel/framework/src/Illuminate/Routing/Controller.php(54): App\\Http\\Controllers\\PromoCodeController->activate(Object(Illuminate\\Http\\Request))
#2 /Users/nikita/Downloads/rustresort.com/vendor/laravel/framework/src/Illuminate/Routing/ControllerDispatcher.php(45): Illuminate\\Routing\\Controller->callAction('activate', Array)
#3 /Users/nikita/Downloads/rustresort.com/vendor/laravel/framework/src/Illuminate/Routing/Route.php(261): Illuminate\\Routing\\ControllerDispatcher->dispatch(Object(Illuminate\\Routing\\Route), Object(App\\Http\\Controllers\\PromoCodeController), 'activate')
#4 /Users/nikita/Downloads/rustresort.com/vendor/laravel/framework/src/Illuminate/Routing/Route.php(205): Illuminate\\Routing\\Route->runController()
#5 /Users/nikita/Downloads/rustresort.com/vendor/laravel/framework/src/Illuminate/Routing/Router.php(721): Illuminate\\Routing\\Route->run()
#6 /Users/nikita/Downloads/rustresort.com/vendor/laravel/framework/src/Illuminate/Pipeline/Pipeline.php(128): Illuminate\\Routing\\Router->{closure:Illuminate\\Routing\\Router::runRouteWithinStack():719}(Object(Illuminate\\Http\\Request))
#7 /Users/nikita/Downloads/rustresort.com/app/Http/Middleware/VisitStatistics.php(25): Illuminate\\Pipeline\\Pipeline->{closure:Illuminate\\Pipeline\\Pipeline::prepareDestination():126}(Object(Illuminate\\Http\\Request))
#8 /Users/nikita/Downloads/rustresort.com/vendor/laravel/framework/src/Illuminate/Pipeline/Pipeline.php(167): App\\Http\\Middleware\\VisitStatistics->handle(Object(Illuminate\\Http\\Request), Object(Closure))
#9 /Users/nikita/Downloads/rustresort.com/app/Http/Middleware/ServerConfig.php(37): Illuminate\\Pipeline\\Pipeline->{closure:{closure:Illuminate\\Pipeline\\Pipeline::carry():142}:143}(Object(Illuminate\\Http\\Request))
#10 /Users/nikita/Downloads/rustresort.com/vendor/laravel/framework/src/Illuminate/Pipeline/Pipeline.php(167): App\\Http\\Middleware\\ServerConfig->handle(Object(Illuminate\\Http\\Request), Object(Closure))
#11 /Users/nikita/Downloads/rustresort.com/app/Http/Middleware/Localization.php(62): Illuminate\\Pipeline\\Pipeline->{closure:{closure:Illuminate\\Pipeline\\Pipeline::carry():142}:143}(Object(Illuminate\\Http\\Request))
#12 /Users/nikita/Downloads/rustresort.com/vendor/laravel/framework/src/Illuminate/Pipeline/Pipeline.php(167): App\\Http\\Middleware\\Localization->handle(Object(Illuminate\\Http\\Request), Object(Closure))
#13 /Users/nikita/Downloads/rustresort.com/vendor/laravel/framework/src/Illuminate/Routing/Middleware/SubstituteBindings.php(50): Illuminate\\Pipeline\\Pipeline->{closure:{closure:Illuminate\\Pipeline\\Pipeline::carry():142}:143}(Object(Illuminate\\Http\\Request))
#14 /Users/nikita/Downloads/rustresort.com/vendor/laravel/framework/src/Illuminate/Pipeline/Pipeline.php(167): Illuminate\\Routing\\Middleware\\SubstituteBindings->handle(Object(Illuminate\\Http\\Request), Object(Closure))
#15 /Users/nikita/Downloads/rustresort.com/vendor/laravel/framework/src/Illuminate/Foundation/Http/Middleware/VerifyCsrfToken.php(78): Illuminate\\Pipeline\\Pipeline->{closure:{closure:Illuminate\\Pipeline\\Pipeline::carry():142}:143}(Object(Illuminate\\Http\\Request))
#16 /Users/nikita/Downloads/rustresort.com/vendor/laravel/framework/src/Illuminate/Pipeline/Pipeline.php(167): Illuminate\\Foundation\\Http\\Middleware\\VerifyCsrfToken->handle(Object(Illuminate\\Http\\Request), Object(Closure))
#17 /Users/nikita/Downloads/rustresort.com/vendor/laravel/framework/src/Illuminate/Session/Middleware/AuthenticateSession.php(58): Illuminate\\Pipeline\\Pipeline->{closure:{closure:Illuminate\\Pipeline\\Pipeline::carry():142}:143}(Object(Illuminate\\Http\\Request))
#18 /Users/nikita/Downloads/rustresort.com/vendor/laravel/framework/src/Illuminate/Pipeline/Pipeline.php(167): Illuminate\\Session\\Middleware\\AuthenticateSession->handle(Object(Illuminate\\Http\\Request), Object(Closure))
#19 /Users/nikita/Downloads/rustresort.com/vendor/laravel/framework/src/Illuminate/Auth/Middleware/Authenticate.php(44): Illuminate\\Pipeline\\Pipeline->{closure:{closure:Illuminate\\Pipeline\\Pipeline::carry():142}:143}(Object(Illuminate\\Http\\Request))
#20 /Users/nikita/Downloads/rustresort.com/vendor/laravel/framework/src/Illuminate/Pipeline/Pipeline.php(167): Illuminate\\Auth\\Middleware\\Authenticate->handle(Object(Illuminate\\Http\\Request), Object(Closure))
#21 /Users/nikita/Downloads/rustresort.com/vendor/laravel/framework/src/Illuminate/View/Middleware/ShareErrorsFromSession.php(49): Illuminate\\Pipeline\\Pipeline->{closure:{closure:Illuminate\\Pipeline\\Pipeline::carry():142}:143}(Object(Illuminate\\Http\\Request))
#22 /Users/nikita/Downloads/rustresort.com/vendor/laravel/framework/src/Illuminate/Pipeline/Pipeline.php(167): Illuminate\\View\\Middleware\\ShareErrorsFromSession->handle(Object(Illuminate\\Http\\Request), Object(Closure))
#23 /Users/nikita/Downloads/rustresort.com/vendor/laravel/framework/src/Illuminate/Cookie/Middleware/AddQueuedCookiesToResponse.php(37): Illuminate\\Pipeline\\Pipeline->{closure:{closure:Illuminate\\Pipeline\\Pipeline::carry():142}:143}(Object(Illuminate\\Http\\Request))
#24 /Users/nikita/Downloads/rustresort.com/vendor/laravel/framework/src/Illuminate/Pipeline/Pipeline.php(167): Illuminate\\Cookie\\Middleware\\AddQueuedCookiesToResponse->handle(Object(Illuminate\\Http\\Request), Object(Closure))
#25 /Users/nikita/Downloads/rustresort.com/vendor/laravel/framework/src/Illuminate/Cookie/Middleware/EncryptCookies.php(67): Illuminate\\Pipeline\\Pipeline->{closure:{closure:Illuminate\\Pipeline\\Pipeline::carry():142}:143}(Object(Illuminate\\Http\\Request))
#26 /Users/nikita/Downloads/rustresort.com/vendor/laravel/framework/src/Illuminate/Pipeline/Pipeline.php(167): Illuminate\\Cookie\\Middleware\\EncryptCookies->handle(Object(Illuminate\\Http\\Request), Object(Closure))
#27 /Users/nikita/Downloads/rustresort.com/vendor/laravel/framework/src/Illuminate/Pipeline/Pipeline.php(103): Illuminate\\Pipeline\\Pipeline->{closure:{closure:Illuminate\\Pipeline\\Pipeline::carry():142}:143}(Object(Illuminate\\Http\\Request))
#28 /Users/nikita/Downloads/rustresort.com/vendor/laravel/framework/src/Illuminate/Routing/Router.php(719): Illuminate\\Pipeline\\Pipeline->then(Object(Closure))
#29 /Users/nikita/Downloads/rustresort.com/vendor/laravel/framework/src/Illuminate/Routing/Router.php(698): Illuminate\\Routing\\Router->runRouteWithinStack(Object(Illuminate\\Routing\\Route), Object(Illuminate\\Http\\Request))
#30 /Users/nikita/Downloads/rustresort.com/vendor/laravel/framework/src/Illuminate/Routing/Router.php(662): Illuminate\\Routing\\Router->runRoute(Object(Illuminate\\Http\\Request), Object(Illuminate\\Routing\\Route))
#31 /Users/nikita/Downloads/rustresort.com/vendor/laravel/framework/src/Illuminate/Routing/Router.php(651): Illuminate\\Routing\\Router->dispatchToRoute(Object(Illuminate\\Http\\Request))
#32 /Users/nikita/Downloads/rustresort.com/vendor/laravel/framework/src/Illuminate/Foundation/Http/Kernel.php(167): Illuminate\\Routing\\Router->dispatch(Object(Illuminate\\Http\\Request))
#33 /Users/nikita/Downloads/rustresort.com/vendor/laravel/framework/src/Illuminate/Pipeline/Pipeline.php(128): Illuminate\\Foundation\\Http\\Kernel->{closure:Illuminate\\Foundation\\Http\\Kernel::dispatchToRouter():164}(Object(Illuminate\\Http\\Request))
#34 /Users/nikita/Downloads/rustresort.com/app/Http/Middleware/RemoveCookies.php(16): Illuminate\\Pipeline\\Pipeline->{closure:Illuminate\\Pipeline\\Pipeline::prepareDestination():126}(Object(Illuminate\\Http\\Request))
#35 /Users/nikita/Downloads/rustresort.com/vendor/laravel/framework/src/Illuminate/Pipeline/Pipeline.php(167): App\\Http\\Middleware\\RemoveCookies->handle(Object(Illuminate\\Http\\Request), Object(Closure))
#36 /Users/nikita/Downloads/rustresort.com/vendor/laravel/framework/src/Illuminate/Foundation/Http/Middleware/ValidatePostSize.php(27): Illuminate\\Pipeline\\Pipeline->{closure:{closure:Illuminate\\Pipeline\\Pipeline::carry():142}:143}(Object(Illuminate\\Http\\Request))
#37 /Users/nikita/Downloads/rustresort.com/vendor/laravel/framework/src/Illuminate/Pipeline/Pipeline.php(167): Illuminate\\Foundation\\Http\\Middleware\\ValidatePostSize->handle(Object(Illuminate\\Http\\Request), Object(Closure))
#38 /Users/nikita/Downloads/rustresort.com/app/Http/Middleware/CacheControlMiddleware.php(19): Illuminate\\Pipeline\\Pipeline->{closure:{closure:Illuminate\\Pipeline\\Pipeline::carry():142}:143}(Object(Illuminate\\Http\\Request))
#39 /Users/nikita/Downloads/rustresort.com/vendor/laravel/framework/src/Illuminate/Pipeline/Pipeline.php(167): App\\Http\\Middleware\\CacheControlMiddleware->handle(Object(Illuminate\\Http\\Request), Object(Closure))
#40 /Users/nikita/Downloads/rustresort.com/app/Http/Middleware/SiteConfig.php(74): Illuminate\\Pipeline\\Pipeline->{closure:{closure:Illuminate\\Pipeline\\Pipeline::carry():142}:143}(Object(Illuminate\\Http\\Request))
#41 /Users/nikita/Downloads/rustresort.com/vendor/laravel/framework/src/Illuminate/Pipeline/Pipeline.php(167): App\\Http\\Middleware\\SiteConfig->handle(Object(Illuminate\\Http\\Request), Object(Closure))
#42 /Users/nikita/Downloads/rustresort.com/app/Http/Middleware/CacheKiller.php(15): Illuminate\\Pipeline\\Pipeline->{closure:{closure:Illuminate\\Pipeline\\Pipeline::carry():142}:143}(Object(Illuminate\\Http\\Request))
#43 /Users/nikita/Downloads/rustresort.com/vendor/laravel/framework/src/Illuminate/Pipeline/Pipeline.php(167): App\\Http\\Middleware\\CacheKiller->handle(Object(Illuminate\\Http\\Request), Object(Closure))
#44 /Users/nikita/Downloads/rustresort.com/app/Http/Middleware/Background.php(60): Illuminate\\Pipeline\\Pipeline->{closure:{closure:Illuminate\\Pipeline\\Pipeline::carry():142}:143}(Object(Illuminate\\Http\\Request))
#45 /Users/nikita/Downloads/rustresort.com/vendor/laravel/framework/src/Illuminate/Pipeline/Pipeline.php(167): App\\Http\\Middleware\\Background->handle(Object(Illuminate\\Http\\Request), Object(Closure))
#46 /Users/nikita/Downloads/rustresort.com/app/Http/Middleware/Localization.php(62): Illuminate\\Pipeline\\Pipeline->{closure:{closure:Illuminate\\Pipeline\\Pipeline::carry():142}:143}(Object(Illuminate\\Http\\Request))
#47 /Users/nikita/Downloads/rustresort.com/vendor/laravel/framework/src/Illuminate/Pipeline/Pipeline.php(167): App\\Http\\Middleware\\Localization->handle(Object(Illuminate\\Http\\Request), Object(Closure))
#48 /Users/nikita/Downloads/rustresort.com/vendor/laravel/framework/src/Illuminate/Foundation/Http/Middleware/TransformsRequest.php(21): Illuminate\\Pipeline\\Pipeline->{closure:{closure:Illuminate\\Pipeline\\Pipeline::carry():142}:143}(Object(Illuminate\\Http\\Request))
#49 /Users/nikita/Downloads/rustresort.com/vendor/laravel/framework/src/Illuminate/Foundation/Http/Middleware/ConvertEmptyStringsToNull.php(31): Illuminate\\Foundation\\Http\\Middleware\\TransformsRequest->handle(Object(Illuminate\\Http\\Request), Object(Closure))
#50 /Users/nikita/Downloads/rustresort.com/vendor/laravel/framework/src/Illuminate/Pipeline/Pipeline.php(167): Illuminate\\Foundation\\Http\\Middleware\\ConvertEmptyStringsToNull->handle(Object(Illuminate\\Http\\Request), Object(Closure))
#51 /Users/nikita/Downloads/rustresort.com/vendor/laravel/framework/src/Illuminate/Foundation/Http/Middleware/TransformsRequest.php(21): Illuminate\\Pipeline\\Pipeline->{closure:{closure:Illuminate\\Pipeline\\Pipeline::carry():142}:143}(Object(Illuminate\\Http\\Request))
#52 /Users/nikita/Downloads/rustresort.com/vendor/laravel/framework/src/Illuminate/Foundation/Http/Middleware/TrimStrings.php(40): Illuminate\\Foundation\\Http\\Middleware\\TransformsRequest->handle(Object(Illuminate\\Http\\Request), Object(Closure))
#53 /Users/nikita/Downloads/rustresort.com/vendor/laravel/framework/src/Illuminate/Pipeline/Pipeline.php(167): Illuminate\\Foundation\\Http\\Middleware\\TrimStrings->handle(Object(Illuminate\\Http\\Request), Object(Closure))
#54 /Users/nikita/Downloads/rustresort.com/vendor/laravel/framework/src/Illuminate/Session/Middleware/StartSession.php(121): Illuminate\\Pipeline\\Pipeline->{closure:{closure:Illuminate\\Pipeline\\Pipeline::carry():142}:143}(Object(Illuminate\\Http\\Request))
#55 /Users/nikita/Downloads/rustresort.com/vendor/laravel/framework/src/Illuminate/Session/Middleware/StartSession.php(64): Illuminate\\Session\\Middleware\\StartSession->handleStatefulRequest(Object(Illuminate\\Http\\Request), Object(Illuminate\\Session\\Store), Object(Closure))
#56 /Users/nikita/Downloads/rustresort.com/vendor/laravel/framework/src/Illuminate/Pipeline/Pipeline.php(167): Illuminate\\Session\\Middleware\\StartSession->handle(Object(Illuminate\\Http\\Request), Object(Closure))
#57 /Users/nikita/Downloads/rustresort.com/vendor/laravel/framework/src/Illuminate/Foundation/Http/Middleware/PreventRequestsDuringMaintenance.php(86): Illuminate\\Pipeline\\Pipeline->{closure:{closure:Illuminate\\Pipeline\\Pipeline::carry():142}:143}(Object(Illuminate\\Http\\Request))
#58 /Users/nikita/Downloads/rustresort.com/vendor/laravel/framework/src/Illuminate/Pipeline/Pipeline.php(167): Illuminate\\Foundation\\Http\\Middleware\\PreventRequestsDuringMaintenance->handle(Object(Illuminate\\Http\\Request), Object(Closure))
#59 /Users/nikita/Downloads/rustresort.com/vendor/fruitcake/laravel-cors/src/HandleCors.php(38): Illuminate\\Pipeline\\Pipeline->{closure:{closure:Illuminate\\Pipeline\\Pipeline::carry():142}:143}(Object(Illuminate\\Http\\Request))
#60 /Users/nikita/Downloads/rustresort.com/vendor/laravel/framework/src/Illuminate/Pipeline/Pipeline.php(167): Fruitcake\\Cors\\HandleCors->handle(Object(Illuminate\\Http\\Request), Object(Closure))
#61 /Users/nikita/Downloads/rustresort.com/vendor/fideloper/proxy/src/TrustProxies.php(57): Illuminate\\Pipeline\\Pipeline->{closure:{closure:Illuminate\\Pipeline\\Pipeline::carry():142}:143}(Object(Illuminate\\Http\\Request))
#62 /Users/nikita/Downloads/rustresort.com/vendor/laravel/framework/src/Illuminate/Pipeline/Pipeline.php(167): Fideloper\\Proxy\\TrustProxies->handle(Object(Illuminate\\Http\\Request), Object(Closure))
#63 /Users/nikita/Downloads/rustresort.com/vendor/laravel/framework/src/Illuminate/Pipeline/Pipeline.php(103): Illuminate\\Pipeline\\Pipeline->{closure:{closure:Illuminate\\Pipeline\\Pipeline::carry():142}:143}(Object(Illuminate\\Http\\Request))
#64 /Users/nikita/Downloads/rustresort.com/vendor/laravel/framework/src/Illuminate/Foundation/Http/Kernel.php(142): Illuminate\\Pipeline\\Pipeline->then(Object(Closure))
#65 /Users/nikita/Downloads/rustresort.com/vendor/laravel/framework/src/Illuminate/Foundation/Http/Kernel.php(111): Illuminate\\Foundation\\Http\\Kernel->sendRequestThroughRouter(Object(Illuminate\\Http\\Request))
#66 /Users/nikita/Downloads/rustresort.com/public/index.php(52): Illuminate\\Foundation\\Http\\Kernel->handle(Object(Illuminate\\Http\\Request))
#67 /Users/nikita/Downloads/rustresort.com/server.php(21): require_once('/Users/nikita/D...')
#68 {main}
"} 
[2026-02-05 13:10:59] local.ERROR: There are no commands defined in the "migration" namespace.

Did you mean this?
    migrate {"exception":"[object] (Symfony\\Component\\Console\\Exception\\NamespaceNotFoundException(code: 0): There are no commands defined in the \"migration\" namespace.

Did you mean this?
    migrate at /Users/nikita/Downloads/rustresort.com/vendor/symfony/console/Application.php:650)
[stacktrace]
#0 /Users/nikita/Downloads/rustresort.com/vendor/symfony/console/Application.php(701): Symfony\\Component\\Console\\Application->findNamespace('migration')
#1 /Users/nikita/Downloads/rustresort.com/vendor/symfony/console/Application.php(259): Symfony\\Component\\Console\\Application->find('migration:rollb...')
#2 /Users/nikita/Downloads/rustresort.com/vendor/symfony/console/Application.php(171): Symfony\\Component\\Console\\Application->doRun(Object(Symfony\\Component\\Console\\Input\\ArgvInput), Object(Symfony\\Component\\Console\\Output\\ConsoleOutput))
#3 /Users/nikita/Downloads/rustresort.com/vendor/laravel/framework/src/Illuminate/Console/Application.php(94): Symfony\\Component\\Console\\Application->run(Object(Symfony\\Component\\Console\\Input\\ArgvInput), Object(Symfony\\Component\\Console\\Output\\ConsoleOutput))
#4 /Users/nikita/Downloads/rustresort.com/vendor/laravel/framework/src/Illuminate/Foundation/Console/Kernel.php(129): Illuminate\\Console\\Application->run(Object(Symfony\\Component\\Console\\Input\\ArgvInput), Object(Symfony\\Component\\Console\\Output\\ConsoleOutput))
#5 /Users/nikita/Downloads/rustresort.com/artisan(35): Illuminate\\Foundation\\Console\\Kernel->handle(Object(Symfony\\Component\\Console\\Input\\ArgvInput), Object(Symfony\\Component\\Console\\Output\\ConsoleOutput))
#6 {main}
"} 
[2026-02-05 13:16:40] local.ERROR: Undefined property: stdClass::$user_id {"userId":497,"exception":"[object] (ErrorException(code: 0): Undefined property: stdClass::$user_id at /Users/nikita/Downloads/rustresort.com/app/Http/Controllers/PromoCodeController.php:52)
[stacktrace]
#0 /Users/nikita/Downloads/rustresort.com/app/Http/Controllers/PromoCodeController.php(52): Illuminate\\Foundation\\Bootstrap\\HandleExceptions->handleError(2, 'Undefined prope...', '/Users/nikita/D...', 52)
#1 /Users/nikita/Downloads/rustresort.com/vendor/laravel/framework/src/Illuminate/Routing/Controller.php(54): App\\Http\\Controllers\\PromoCodeController->activate(Object(Illuminate\\Http\\Request))
#2 /Users/nikita/Downloads/rustresort.com/vendor/laravel/framework/src/Illuminate/Routing/ControllerDispatcher.php(45): Illuminate\\Routing\\Controller->callAction('activate', Array)
#3 /Users/nikita/Downloads/rustresort.com/vendor/laravel/framework/src/Illuminate/Routing/Route.php(261): Illuminate\\Routing\\ControllerDispatcher->dispatch(Object(Illuminate\\Routing\\Route), Object(App\\Http\\Controllers\\PromoCodeController), 'activate')
#4 /Users/nikita/Downloads/rustresort.com/vendor/laravel/framework/src/Illuminate/Routing/Route.php(205): Illuminate\\Routing\\Route->runController()
#5 /Users/nikita/Downloads/rustresort.com/vendor/laravel/framework/src/Illuminate/Routing/Router.php(721): Illuminate\\Routing\\Route->run()
#6 /Users/nikita/Downloads/rustresort.com/vendor/laravel/framework/src/Illuminate/Pipeline/Pipeline.php(128): Illuminate\\Routing\\Router->{closure:Illuminate\\Routing\\Router::runRouteWithinStack():719}(Object(Illuminate\\Http\\Request))
#7 /Users/nikita/Downloads/rustresort.com/app/Http/Middleware/VisitStatistics.php(25): Illuminate\\Pipeline\\Pipeline->{closure:Illuminate\\Pipeline\\Pipeline::prepareDestination():126}(Object(Illuminate\\Http\\Request))
#8 /Users/nikita/Downloads/rustresort.com/vendor/laravel/framework/src/Illuminate/Pipeline/Pipeline.php(167): App\\Http\\Middleware\\VisitStatistics->handle(Object(Illuminate\\Http\\Request), Object(Closure))
#9 /Users/nikita/Downloads/rustresort.com/app/Http/Middleware/ServerConfig.php(37): Illuminate\\Pipeline\\Pipeline->{closure:{closure:Illuminate\\Pipeline\\Pipeline::carry():142}:143}(Object(Illuminate\\Http\\Request))
#10 /Users/nikita/Downloads/rustresort.com/vendor/laravel/framework/src/Illuminate/Pipeline/Pipeline.php(167): App\\Http\\Middleware\\ServerConfig->handle(Object(Illuminate\\Http\\Request), Object(Closure))
#11 /Users/nikita/Downloads/rustresort.com/app/Http/Middleware/Localization.php(62): Illuminate\\Pipeline\\Pipeline->{closure:{closure:Illuminate\\Pipeline\\Pipeline::carry():142}:143}(Object(Illuminate\\Http\\Request))
#12 /Users/nikita/Downloads/rustresort.com/vendor/laravel/framework/src/Illuminate/Pipeline/Pipeline.php(167): App\\Http\\Middleware\\Localization->handle(Object(Illuminate\\Http\\Request), Object(Closure))
#13 /Users/nikita/Downloads/rustresort.com/vendor/laravel/framework/src/Illuminate/Routing/Middleware/SubstituteBindings.php(50): Illuminate\\Pipeline\\Pipeline->{closure:{closure:Illuminate\\Pipeline\\Pipeline::carry():142}:143}(Object(Illuminate\\Http\\Request))
#14 /Users/nikita/Downloads/rustresort.com/vendor/laravel/framework/src/Illuminate/Pipeline/Pipeline.php(167): Illuminate\\Routing\\Middleware\\SubstituteBindings->handle(Object(Illuminate\\Http\\Request), Object(Closure))
#15 /Users/nikita/Downloads/rustresort.com/vendor/laravel/framework/src/Illuminate/Foundation/Http/Middleware/VerifyCsrfToken.php(78): Illuminate\\Pipeline\\Pipeline->{closure:{closure:Illuminate\\Pipeline\\Pipeline::carry():142}:143}(Object(Illuminate\\Http\\Request))
#16 /Users/nikita/Downloads/rustresort.com/vendor/laravel/framework/src/Illuminate/Pipeline/Pipeline.php(167): Illuminate\\Foundation\\Http\\Middleware\\VerifyCsrfToken->handle(Object(Illuminate\\Http\\Request), Object(Closure))
#17 /Users/nikita/Downloads/rustresort.com/vendor/laravel/framework/src/Illuminate/Session/Middleware/AuthenticateSession.php(58): Illuminate\\Pipeline\\Pipeline->{closure:{closure:Illuminate\\Pipeline\\Pipeline::carry():142}:143}(Object(Illuminate\\Http\\Request))
#18 /Users/nikita/Downloads/rustresort.com/vendor/laravel/framework/src/Illuminate/Pipeline/Pipeline.php(167): Illuminate\\Session\\Middleware\\AuthenticateSession->handle(Object(Illuminate\\Http\\Request), Object(Closure))
#19 /Users/nikita/Downloads/rustresort.com/vendor/laravel/framework/src/Illuminate/Auth/Middleware/Authenticate.php(44): Illuminate\\Pipeline\\Pipeline->{closure:{closure:Illuminate\\Pipeline\\Pipeline::carry():142}:143}(Object(Illuminate\\Http\\Request))
#20 /Users/nikita/Downloads/rustresort.com/vendor/laravel/framework/src/Illuminate/Pipeline/Pipeline.php(167): Illuminate\\Auth\\Middleware\\Authenticate->handle(Object(Illuminate\\Http\\Request), Object(Closure))
#21 /Users/nikita/Downloads/rustresort.com/vendor/laravel/framework/src/Illuminate/View/Middleware/ShareErrorsFromSession.php(49): Illuminate\\Pipeline\\Pipeline->{closure:{closure:Illuminate\\Pipeline\\Pipeline::carry():142}:143}(Object(Illuminate\\Http\\Request))
#22 /Users/nikita/Downloads/rustresort.com/vendor/laravel/framework/src/Illuminate/Pipeline/Pipeline.php(167): Illuminate\\View\\Middleware\\ShareErrorsFromSession->handle(Object(Illuminate\\Http\\Request), Object(Closure))
#23 /Users/nikita/Downloads/rustresort.com/vendor/laravel/framework/src/Illuminate/Cookie/Middleware/AddQueuedCookiesToResponse.php(37): Illuminate\\Pipeline\\Pipeline->{closure:{closure:Illuminate\\Pipeline\\Pipeline::carry():142}:143}(Object(Illuminate\\Http\\Request))
#24 /Users/nikita/Downloads/rustresort.com/vendor/laravel/framework/src/Illuminate/Pipeline/Pipeline.php(167): Illuminate\\Cookie\\Middleware\\AddQueuedCookiesToResponse->handle(Object(Illuminate\\Http\\Request), Object(Closure))
#25 /Users/nikita/Downloads/rustresort.com/vendor/laravel/framework/src/Illuminate/Cookie/Middleware/EncryptCookies.php(67): Illuminate\\Pipeline\\Pipeline->{closure:{closure:Illuminate\\Pipeline\\Pipeline::carry():142}:143}(Object(Illuminate\\Http\\Request))
#26 /Users/nikita/Downloads/rustresort.com/vendor/laravel/framework/src/Illuminate/Pipeline/Pipeline.php(167): Illuminate\\Cookie\\Middleware\\EncryptCookies->handle(Object(Illuminate\\Http\\Request), Object(Closure))
#27 /Users/nikita/Downloads/rustresort.com/vendor/laravel/framework/src/Illuminate/Pipeline/Pipeline.php(103): Illuminate\\Pipeline\\Pipeline->{closure:{closure:Illuminate\\Pipeline\\Pipeline::carry():142}:143}(Object(Illuminate\\Http\\Request))
#28 /Users/nikita/Downloads/rustresort.com/vendor/laravel/framework/src/Illuminate/Routing/Router.php(719): Illuminate\\Pipeline\\Pipeline->then(Object(Closure))
#29 /Users/nikita/Downloads/rustresort.com/vendor/laravel/framework/src/Illuminate/Routing/Router.php(698): Illuminate\\Routing\\Router->runRouteWithinStack(Object(Illuminate\\Routing\\Route), Object(Illuminate\\Http\\Request))
#30 /Users/nikita/Downloads/rustresort.com/vendor/laravel/framework/src/Illuminate/Routing/Router.php(662): Illuminate\\Routing\\Router->runRoute(Object(Illuminate\\Http\\Request), Object(Illuminate\\Routing\\Route))
#31 /Users/nikita/Downloads/rustresort.com/vendor/laravel/framework/src/Illuminate/Routing/Router.php(651): Illuminate\\Routing\\Router->dispatchToRoute(Object(Illuminate\\Http\\Request))
#32 /Users/nikita/Downloads/rustresort.com/vendor/laravel/framework/src/Illuminate/Foundation/Http/Kernel.php(167): Illuminate\\Routing\\Router->dispatch(Object(Illuminate\\Http\\Request))
#33 /Users/nikita/Downloads/rustresort.com/vendor/laravel/framework/src/Illuminate/Pipeline/Pipeline.php(128): Illuminate\\Foundation\\Http\\Kernel->{closure:Illuminate\\Foundation\\Http\\Kernel::dispatchToRouter():164}(Object(Illuminate\\Http\\Request))
#34 /Users/nikita/Downloads/rustresort.com/app/Http/Middleware/RemoveCookies.php(16): Illuminate\\Pipeline\\Pipeline->{closure:Illuminate\\Pipeline\\Pipeline::prepareDestination():126}(Object(Illuminate\\Http\\Request))
#35 /Users/nikita/Downloads/rustresort.com/vendor/laravel/framework/src/Illuminate/Pipeline/Pipeline.php(167): App\\Http\\Middleware\\RemoveCookies->handle(Object(Illuminate\\Http\\Request), Object(Closure))
#36 /Users/nikita/Downloads/rustresort.com/vendor/laravel/framework/src/Illuminate/Foundation/Http/Middleware/ValidatePostSize.php(27): Illuminate\\Pipeline\\Pipeline->{closure:{closure:Illuminate\\Pipeline\\Pipeline::carry():142}:143}(Object(Illuminate\\Http\\Request))
#37 /Users/nikita/Downloads/rustresort.com/vendor/laravel/framework/src/Illuminate/Pipeline/Pipeline.php(167): Illuminate\\Foundation\\Http\\Middleware\\ValidatePostSize->handle(Object(Illuminate\\Http\\Request), Object(Closure))
#38 /Users/nikita/Downloads/rustresort.com/app/Http/Middleware/CacheControlMiddleware.php(19): Illuminate\\Pipeline\\Pipeline->{closure:{closure:Illuminate\\Pipeline\\Pipeline::carry():142}:143}(Object(Illuminate\\Http\\Request))
#39 /Users/nikita/Downloads/rustresort.com/vendor/laravel/framework/src/Illuminate/Pipeline/Pipeline.php(167): App\\Http\\Middleware\\CacheControlMiddleware->handle(Object(Illuminate\\Http\\Request), Object(Closure))
#40 /Users/nikita/Downloads/rustresort.com/app/Http/Middleware/SiteConfig.php(74): Illuminate\\Pipeline\\Pipeline->{closure:{closure:Illuminate\\Pipeline\\Pipeline::carry():142}:143}(Object(Illuminate\\Http\\Request))
#41 /Users/nikita/Downloads/rustresort.com/vendor/laravel/framework/src/Illuminate/Pipeline/Pipeline.php(167): App\\Http\\Middleware\\SiteConfig->handle(Object(Illuminate\\Http\\Request), Object(Closure))
#42 /Users/nikita/Downloads/rustresort.com/app/Http/Middleware/CacheKiller.php(15): Illuminate\\Pipeline\\Pipeline->{closure:{closure:Illuminate\\Pipeline\\Pipeline::carry():142}:143}(Object(Illuminate\\Http\\Request))
#43 /Users/nikita/Downloads/rustresort.com/vendor/laravel/framework/src/Illuminate/Pipeline/Pipeline.php(167): App\\Http\\Middleware\\CacheKiller->handle(Object(Illuminate\\Http\\Request), Object(Closure))
#44 /Users/nikita/Downloads/rustresort.com/app/Http/Middleware/Background.php(60): Illuminate\\Pipeline\\Pipeline->{closure:{closure:Illuminate\\Pipeline\\Pipeline::carry():142}:143}(Object(Illuminate\\Http\\Request))
#45 /Users/nikita/Downloads/rustresort.com/vendor/laravel/framework/src/Illuminate/Pipeline/Pipeline.php(167): App\\Http\\Middleware\\Background->handle(Object(Illuminate\\Http\\Request), Object(Closure))
#46 /Users/nikita/Downloads/rustresort.com/app/Http/Middleware/Localization.php(62): Illuminate\\Pipeline\\Pipeline->{closure:{closure:Illuminate\\Pipeline\\Pipeline::carry():142}:143}(Object(Illuminate\\Http\\Request))
#47 /Users/nikita/Downloads/rustresort.com/vendor/laravel/framework/src/Illuminate/Pipeline/Pipeline.php(167): App\\Http\\Middleware\\Localization->handle(Object(Illuminate\\Http\\Request), Object(Closure))
#48 /Users/nikita/Downloads/rustresort.com/vendor/laravel/framework/src/Illuminate/Foundation/Http/Middleware/TransformsRequest.php(21): Illuminate\\Pipeline\\Pipeline->{closure:{closure:Illuminate\\Pipeline\\Pipeline::carry():142}:143}(Object(Illuminate\\Http\\Request))
#49 /Users/nikita/Downloads/rustresort.com/vendor/laravel/framework/src/Illuminate/Foundation/Http/Middleware/ConvertEmptyStringsToNull.php(31): Illuminate\\Foundation\\Http\\Middleware\\TransformsRequest->handle(Object(Illuminate\\Http\\Request), Object(Closure))
#50 /Users/nikita/Downloads/rustresort.com/vendor/laravel/framework/src/Illuminate/Pipeline/Pipeline.php(167): Illuminate\\Foundation\\Http\\Middleware\\ConvertEmptyStringsToNull->handle(Object(Illuminate\\Http\\Request), Object(Closure))
#51 /Users/nikita/Downloads/rustresort.com/vendor/laravel/framework/src/Illuminate/Foundation/Http/Middleware/TransformsRequest.php(21): Illuminate\\Pipeline\\Pipeline->{closure:{closure:Illuminate\\Pipeline\\Pipeline::carry():142}:143}(Object(Illuminate\\Http\\Request))
#52 /Users/nikita/Downloads/rustresort.com/vendor/laravel/framework/src/Illuminate/Foundation/Http/Middleware/TrimStrings.php(40): Illuminate\\Foundation\\Http\\Middleware\\TransformsRequest->handle(Object(Illuminate\\Http\\Request), Object(Closure))
#53 /Users/nikita/Downloads/rustresort.com/vendor/laravel/framework/src/Illuminate/Pipeline/Pipeline.php(167): Illuminate\\Foundation\\Http\\Middleware\\TrimStrings->handle(Object(Illuminate\\Http\\Request), Object(Closure))
#54 /Users/nikita/Downloads/rustresort.com/vendor/laravel/framework/src/Illuminate/Session/Middleware/StartSession.php(121): Illuminate\\Pipeline\\Pipeline->{closure:{closure:Illuminate\\Pipeline\\Pipeline::carry():142}:143}(Object(Illuminate\\Http\\Request))
#55 /Users/nikita/Downloads/rustresort.com/vendor/laravel/framework/src/Illuminate/Session/Middleware/StartSession.php(64): Illuminate\\Session\\Middleware\\StartSession->handleStatefulRequest(Object(Illuminate\\Http\\Request), Object(Illuminate\\Session\\Store), Object(Closure))
#56 /Users/nikita/Downloads/rustresort.com/vendor/laravel/framework/src/Illuminate/Pipeline/Pipeline.php(167): Illuminate\\Session\\Middleware\\StartSession->handle(Object(Illuminate\\Http\\Request), Object(Closure))
#57 /Users/nikita/Downloads/rustresort.com/vendor/laravel/framework/src/Illuminate/Foundation/Http/Middleware/PreventRequestsDuringMaintenance.php(86): Illuminate\\Pipeline\\Pipeline->{closure:{closure:Illuminate\\Pipeline\\Pipeline::carry():142}:143}(Object(Illuminate\\Http\\Request))
#58 /Users/nikita/Downloads/rustresort.com/vendor/laravel/framework/src/Illuminate/Pipeline/Pipeline.php(167): Illuminate\\Foundation\\Http\\Middleware\\PreventRequestsDuringMaintenance->handle(Object(Illuminate\\Http\\Request), Object(Closure))
#59 /Users/nikita/Downloads/rustresort.com/vendor/fruitcake/laravel-cors/src/HandleCors.php(38): Illuminate\\Pipeline\\Pipeline->{closure:{closure:Illuminate\\Pipeline\\Pipeline::carry():142}:143}(Object(Illuminate\\Http\\Request))
#60 /Users/nikita/Downloads/rustresort.com/vendor/laravel/framework/src/Illuminate/Pipeline/Pipeline.php(167): Fruitcake\\Cors\\HandleCors->handle(Object(Illuminate\\Http\\Request), Object(Closure))
#61 /Users/nikita/Downloads/rustresort.com/vendor/fideloper/proxy/src/TrustProxies.php(57): Illuminate\\Pipeline\\Pipeline->{closure:{closure:Illuminate\\Pipeline\\Pipeline::carry():142}:143}(Object(Illuminate\\Http\\Request))
#62 /Users/nikita/Downloads/rustresort.com/vendor/laravel/framework/src/Illuminate/Pipeline/Pipeline.php(167): Fideloper\\Proxy\\TrustProxies->handle(Object(Illuminate\\Http\\Request), Object(Closure))
#63 /Users/nikita/Downloads/rustresort.com/vendor/laravel/framework/src/Illuminate/Pipeline/Pipeline.php(103): Illuminate\\Pipeline\\Pipeline->{closure:{closure:Illuminate\\Pipeline\\Pipeline::carry():142}:143}(Object(Illuminate\\Http\\Request))
#64 /Users/nikita/Downloads/rustresort.com/vendor/laravel/framework/src/Illuminate/Foundation/Http/Kernel.php(142): Illuminate\\Pipeline\\Pipeline->then(Object(Closure))
#65 /Users/nikita/Downloads/rustresort.com/vendor/laravel/framework/src/Illuminate/Foundation/Http/Kernel.php(111): Illuminate\\Foundation\\Http\\Kernel->sendRequestThroughRouter(Object(Illuminate\\Http\\Request))
#66 /Users/nikita/Downloads/rustresort.com/public/index.php(52): Illuminate\\Foundation\\Http\\Kernel->handle(Object(Illuminate\\Http\\Request))
#67 /Users/nikita/Downloads/rustresort.com/server.php(21): require_once('/Users/nikita/D...')
#68 {main}
"} 
