[2026-01-10 20:30:43] production.INFO: Method: getPlayersOnline. Start...  
[2026-01-10 20:33:27] production.INFO: Method: getPlayersOnline. Start...  
[2026-01-10 20:33:46] production.INFO: Method: getPlayersOnline. Start...  
[2026-01-10 20:37:11] production.INFO: Method: getPlayersOnline. Start...  
[2026-01-10 20:41:57] production.INFO: Method: getPlayersOnline. Start...  
[2026-01-10 20:51:16] production.INFO: Method: getPlayersOnline. Start...  
[2026-01-10 20:51:16] production.INFO: Method: getPlayersOnline. Server: 2. Player: 76561199227088338(Mr.Tefu). Prev online: 745, Server Online: 105306, Online: 5246. Diff online: 4501, All online: 105667, Monday online: 361, Thursday online: 0  
[2026-01-10 20:51:16] production.INFO: Method: getPlayersOnline. Server: 2. Player: 76561199100413312(ENES). Prev online: 12912, Server Online: 108940, Online: 34846. Diff online: 21934, All online: 168133, Monday online: 59193, Thursday online: 0  
[2026-01-10 20:51:16] production.INFO: Method: getPlayersOnline. Server: 2. Player: 76561198852854989(Tomagotchi). Prev online: 8329, Server Online: 41422, Online: 28111. Diff online: 19782, All online: 206051, Monday online: 164629, Thursday online: 0  
[2026-01-10 20:51:17] production.INFO: Method: getPlayersOnline. Server: 2. Player: 76561198081342880(afw). Prev online: 4613, Server Online: 38714, Online: 7755. Diff online: 3142, All online: 38714, Monday online: 0, Thursday online: 0  
[2026-01-10 20:51:17] production.INFO: Method: getPlayersOnline. Server: 2. Player: 76561199115846096(параллелепипед). Prev online: 4861, Server Online: 933581, Online: 9446. Diff online: 4585, All online: 1456676, Monday online: 474275, Thursday online: 0  
[2026-01-10 20:51:17] production.INFO: Method: getPlayersOnline. Server: 2. Player: 76561199433321396(!Samjok メ). Prev online: 14168, Server Online: 295344, Online: 996. Diff online: 4585, All online: 348774, Monday online: 53430, Thursday online: 0  
[2026-01-10 20:51:17] production.INFO: Method: getPlayersOnline. Server: 2. Player: 76561198875879063(|TLS| PuPok). Prev online: 667, Server Online: 93590, Online: 652. Diff online: 4585, All online: 235533, Monday online: 101773, Thursday online: 0  
[2026-01-10 20:51:17] production.INFO: Method: getPlayersOnline. Server: 2. Player: 76561198840346112(KoKetK@). Prev online: 1182, Server Online: 180097, Online: 4568. Diff online: 3386, All online: 265100, Monday online: 85003, Thursday online: 0  
[2026-01-10 20:51:17] production.INFO: Method: getPlayersOnline. Server: 2. Player: 76561199483384500(Berserk). Prev online: 334, Server Online: 156557, Online: 6436. Diff online: 6102, All online: 422706, Monday online: 262480, Thursday online: 0  
[2026-01-10 20:51:17] production.INFO: Method: getPlayersOnline. Server: 2. Player: 76561199102275932(CHECHEN). Prev online: 1682, Server Online: 225055, Online: 4917. Diff online: 3235, All online: 272388, Monday online: 47333, Thursday online: 0  
[2026-01-10 20:51:18] production.INFO: Method: getPlayersOnline. Server: 2. Player: 76561199092083808(76561199092083808). Prev online: 7339, Server Online: 602550, Online: 1146. Diff online: 3235, All online: 1044916, Monday online: 0, Thursday online: 0  
[2026-01-10 20:51:18] production.INFO: Method: getPlayersOnline. Server: 2. Player: 76561199404395486(rtacs Шумный). Prev online: 10270, Server Online: 301539, Online: 44995. Diff online: 34725, All online: 701339, Monday online: 332119, Thursday online: 0  
[2026-01-10 20:51:18] production.INFO: Method: getPlayersOnline. Server: 2. Player: 76561199389223170(Агент Писькогрыз). Prev online: 1977, Server Online: 387595, Online: 6036. Diff online: 4059, All online: 594702, Monday online: 171585, Thursday online: 0  
[2026-01-10 20:51:18] production.INFO: Method: getPlayersOnline. Server: 2. Player: 76561198296675702(GOOBA). Prev online: 2362, Server Online: 763973, Online: 7090. Diff online: 4728, All online: 1353482, Monday online: 509587, Thursday online: 0  
[2026-01-10 20:51:18] production.INFO: Method: getPlayersOnline. Server: 2. Player: 76561199568999320(.SYN 2mekocrasava). Prev online: 30933, Server Online: 0, Online: 30933. Diff online: 0, All online: 220113, Monday online: 220113, Thursday online: 0  
[2026-01-10 20:51:18] production.INFO: Method: getPlayersOnline. Server: 2. Player: 76561199251293554(Romana_Banana). Prev online: 290, Server Online: 535670, Online: 8631. Diff online: 8341, All online: 1221345, Monday online: 685675, Thursday online: 0  
[2026-01-10 20:51:19] production.INFO: Method: getPlayersOnline. Server: 2. Player: 76561199120398108(★PEPSIK★). Prev online: 3395, Server Online: 3522, Online: 282. Diff online: 8341, All online: 34433, Monday online: 30911, Thursday online: 0  
[2026-01-10 20:51:19] production.INFO: Method: getPlayersOnline. Server: 2. Player: 76561199438823502(dereluio). Prev online: 2046, Server Online: 2975, Online: 1055. Diff online: 8341, All online: 18664, Monday online: 15689, Thursday online: 0  
[2026-01-10 20:51:19] production.INFO: Method: getPlayersOnline. Server: 2. Player: 76561199544571817(She_De_Meri). Prev online: 4768, Server Online: 332966, Online: 44072. Diff online: 39304, All online: 332966, Monday online: 0, Thursday online: 0  
[2026-01-10 20:51:19] production.INFO: Method: getPlayersOnline. Server: 2. Player: 76561199245152126(.mT %fiya). Prev online: 7791, Server Online: 620586, Online: 2208. Diff online: 39304, All online: 1200545, Monday online: 126955, Thursday online: 0  
[2026-01-10 20:51:19] production.INFO: Method: getPlayersOnline. Server: 2. Player: 76561199539162794(МягкийМедведь). Prev online: 10576, Server Online: 916084, Online: 7923. Diff online: 39304, All online: 1694766, Monday online: 747224, Thursday online: 0  
[2026-01-10 20:51:19] production.INFO: Method: getPlayersOnline. Server: 2. Player: 76561198975743951(Jenny). Prev online: 4454, Server Online: 744063, Online: 42922. Diff online: 38468, All online: 1142172, Monday online: 0, Thursday online: 0  
[2026-01-10 20:51:20] production.INFO: Method: getPlayersOnline. Server: 2. Player: 76561198823328066(BuGaGa). Prev online: 2640, Server Online: 248715, Online: 9601. Diff online: 6961, All online: 248715, Monday online: 0, Thursday online: 0  
[2026-01-10 20:51:20] production.INFO: Method: getPlayersOnline. Server: 2. Player: 76561199251330984(я хороший). Prev online: 18797, Server Online: 322327, Online: 6481. Diff online: 6961, All online: 473466, Monday online: 151139, Thursday online: 0  
[2026-01-10 20:51:20] production.INFO: Method: getPlayersOnline. Server: 2. Player: 76561198163056848(Лобзик). Prev online: 8881, Server Online: 25709, Online: 26070. Diff online: 17189, All online: 305568, Monday online: 114739, Thursday online: 0  
[2026-01-10 20:51:20] production.INFO: Method: getPlayersOnline. Server: 2. Player: 76561199487955530(больная дура). Prev online: 333, Server Online: 767087, Online: 7702. Diff online: 7369, All online: 2046445, Monday online: 1190154, Thursday online: 0  
[2026-01-10 20:51:20] production.INFO: Method: getPlayersOnline. Server: 2. Player: 76561199207532549(GenAnus). Prev online: 6533, Server Online: 473025, Online: 13867. Diff online: 7334, All online: 599407, Monday online: 126382, Thursday online: 0  
[2026-01-10 20:51:21] production.INFO: Method: getPlayersOnline. Server: 2. Player: 76561199239415466([DK]ᴱᴿᴿᴼᴿ). Prev online: 25496, Server Online: 0, Online: 25496. Diff online: 0, All online: 0, Monday online: 0, Thursday online: 0  
[2026-01-10 20:51:21] production.INFO: Method: getPlayersOnline. Server: 2. Player: 76561198000802253(Мнение?). Prev online: 1474, Server Online: 267542, Online: 9690. Diff online: 8216, All online: 752673, Monday online: 73405, Thursday online: 0  
[2026-01-10 20:51:21] production.INFO: Method: getPlayersOnline. Server: 2. Player: 76561198322995983($176@Stetxem@176$). Prev online: 3872, Server Online: 508646, Online: 2277. Diff online: 8216, All online: 508646, Monday online: 0, Thursday online: 0  
[2026-01-10 20:51:21] production.INFO: Method: getPlayersOnline. Server: 2. Player: 76561199588087788(Denik). Prev online: 569, Server Online: 999339, Online: 14968. Diff online: 14399, All online: 1169962, Monday online: 169160, Thursday online: 0  
[2026-01-10 20:51:22] production.INFO: Method: getPlayersOnline. Server: 2. Player: 76561199046047597(mesojacked). Prev online: 10185, Server Online: 129501, Online: 16756. Diff online: 6571, All online: 129501, Monday online: 0, Thursday online: 0  
[2026-01-10 20:51:22] production.INFO: Method: getPlayersOnline. Server: 2. Player: 76561199489183336(brizz1x). Prev online: 188, Server Online: 1313957, Online: 32585. Diff online: 32397, All online: 2109525, Monday online: 795568, Thursday online: 0  
[2026-01-10 20:51:22] production.INFO: Method: getPlayersOnline. Server: 2. Player: 76561199211950937(123). Prev online: 15343, Server Online: 14929, Online: 5450. Diff online: 32397, All online: 14929, Monday online: 0, Thursday online: 0  
[2026-01-10 20:51:22] production.INFO: Method: getPlayersOnline. Server: 2. Player: 76561199834364821(PM | banana$). Prev online: 3617, Server Online: 23814, Online: 15881. Diff online: 12264, All online: 48712, Monday online: 24898, Thursday online: 0  
[2026-01-10 20:51:22] production.INFO: Method: getPlayersOnline. Server: 2. Player: 76561199652963607(Renè De Mariá). Prev online: 106, Server Online: 809766, Online: 8154. Diff online: 8048, All online: 1093077, Monday online: 283311, Thursday online: 0  
[2026-01-10 20:51:22] production.INFO: Method: getPlayersOnline. Server: 2. Player: 76561199487942489(็). Prev online: 3355, Server Online: 1991813, Online: 2930. Diff online: 8048, All online: 3576179, Monday online: 1573205, Thursday online: 0  
[2026-01-10 20:51:22] production.INFO: Method: getPlayersOnline. Server: 2. Player: 76561198380924806(UG | PEMEHb). Prev online: 630, Server Online: 76542, Online: 1860. Diff online: 1230, All online: 102665, Monday online: 26123, Thursday online: 0  
[2026-01-10 20:51:23] production.INFO: Method: getPlayersOnline. Server: 2. Player: 76561199668880304(.esqd| MERTVETS). Prev online: 4587, Server Online: 189873, Online: 24568. Diff online: 19981, All online: 295800, Monday online: 105927, Thursday online: 0  
[2026-01-10 20:51:23] production.INFO: Method: getPlayersOnline. Server: 2. Player: 76561199889396806(BD | mark). Prev online: 8399, Server Online: 46184, Online: 6706. Diff online: 19981, All online: 46184, Monday online: 0, Thursday online: 0  
[2026-01-10 20:51:23] production.INFO: Method: getPlayersOnline. Server: 2. Player: 76561199594427796(冰 I Kaon). Prev online: 2595, Server Online: 59035, Online: 1247. Diff online: 19981, All online: 61892, Monday online: 2857, Thursday online: 0  
[2026-01-10 20:51:24] production.INFO: Method: getPlayersOnline. Server: 2. Player: 76561199619700940(france). Prev online: 3072, Server Online: 27993, Online: 1000. Diff online: 19981, All online: 57122, Monday online: 29129, Thursday online: 0  
[2026-01-10 20:51:24] production.INFO: Method: getPlayersOnline. Server: 2. Player: 76561199085956660(ватафака мазафак). Prev online: 844, Server Online: 24259, Online: 12677. Diff online: 11833, All online: 169020, Monday online: 141050, Thursday online: 0  
[2026-01-10 20:51:24] production.INFO: Method: getPlayersOnline. Server: 2. Player: 76561199262559452(rcw). Prev online: 6941, Server Online: 1303279, Online: 1907. Diff online: 11833, All online: 1576838, Monday online: 273559, Thursday online: 0  
[2026-01-10 20:51:24] production.INFO: Method: getPlayersOnline. Server: 2. Player: 76561199812537987(Satoru). Prev online: 11420, Server Online: 138530, Online: 10947. Diff online: 11833, All online: 140174, Monday online: 1644, Thursday online: 0  
[2026-01-10 20:51:24] production.INFO: Method: getPlayersOnline. Server: 2. Player: 76561199018585185(BossKakoc). Prev online: 21688, Server Online: 1781896, Online: 11947. Diff online: 11833, All online: 3443655, Monday online: 1029477, Thursday online: 0  
[2026-01-10 20:51:24] production.INFO: Method: getPlayersOnline. Server: 2. Player: 76561199589378100(CRT | paniqaa). Prev online: 729, Server Online: 14702, Online: 666. Diff online: 11833, All online: 14702, Monday online: 0, Thursday online: 0  
[2026-01-10 20:51:24] production.INFO: Method: getPlayersOnline. Server: 2. Player: 76561199220167888(Butcher SSD). Prev online: 5193, Server Online: 59020, Online: 820. Diff online: 11833, All online: 90764, Monday online: 31744, Thursday online: 0  
[2026-01-10 20:51:24] production.INFO: Method: getPlayersOnline. Server: 2. Player: 76561199253385242(Nikotik). Prev online: 108, Server Online: 385418, Online: 4010. Diff online: 3902, All online: 820783, Monday online: 371690, Thursday online: 0  
[2026-01-10 20:51:25] production.INFO: Method: getPlayersOnline. Server: 2. Player: 76561199746244386(8RM_ |_LOID_). Prev online: 18441, Server Online: 143242, Online: 13759. Diff online: 3902, All online: 275667, Monday online: 113427, Thursday online: 0  
[2026-01-10 20:51:25] production.INFO: Method: getPlayersOnline. Server: 2. Player: 76561199489794309(༺ ꌗꍏꎭꀎꋪꍏꌩ ༻). Prev online: 11255, Server Online: 13308, Online: 13643. Diff online: 2388, All online: 13308, Monday online: 0, Thursday online: 0  
[2026-01-10 20:51:25] production.INFO: Method: getPlayersOnline. Server: 2. Player: 76561198887723199(『esqd』GM). Prev online: 8071, Server Online: 11873, Online: 12384. Diff online: 4313, All online: 11873, Monday online: 0, Thursday online: 0  
[2026-01-10 20:51:25] production.INFO: Method: getPlayersOnline. Server: 3. Player: 76561199821262476(кава бухаетCS2BGD31.RU). Prev online: 538, Server Online: 473168, Online: 16551. Diff online: 16013, All online: 669733, Monday online: 473168, Thursday online: 0  
[2026-01-10 20:51:25] production.INFO: Method: getPlayersOnline. Server: 3. Player: 76561199784177636([ZOV]Adel Vagina). Prev online: 821, Server Online: 301066, Online: 19126. Diff online: 18305, All online: 301845, Monday online: 301066, Thursday online: 0  
[2026-01-10 20:51:26] production.INFO: Method: getPlayersOnline. Server: 3. Player: 76561198963552642(Alaska). Prev online: 5503, Server Online: 654323, Online: 11519. Diff online: 6016, All online: 2018586, Monday online: 654323, Thursday online: 0  
[2026-03-13 14:25:39] local.INFO: Method: getPlayersOnline. Start...  
[2026-03-13 14:25:39] local.INFO: Method: getPlayersOnline. Server: 3. Player: 76561199821262476(кава бухаетCS2BGD31.RU). Prev online: 611, Server Online: 564624, Online: 816. Diff online: 205, All online: 856173, Monday online: 564624, Thursday online: 0  
[2026-03-13 14:26:02] local.INFO: Method: getPlayersOnline. Start...  
[2026-03-13 14:26:03] local.INFO: Method: getPlayersOnline. Server: 2. Player: 76561199203821366(Xd). Prev online: 1850, Server Online: 468018, Online: 6285. Diff online: 4435, All online: 908576, Monday online: 399228, Thursday online: 0  
[2026-03-13 14:26:03] local.INFO: Method: getPlayersOnline. Server: 2. Player: 76561199743727010(werdix #ultimaterust). Prev online: 3565, Server Online: 0, Online: 3565. Diff online: 0, All online: 59223, Monday online: 59223, Thursday online: 0  
[2026-03-13 14:26:03] local.INFO: Method: getPlayersOnline. Server: 2. Player: 76561198451931006(Tom). Prev online: 794, Server Online: 2889267, Online: 22476. Diff online: 21682, All online: 3985588, Monday online: 451948, Thursday online: 0  
[2026-03-13 14:26:03] local.INFO: Method: getPlayersOnline. Server: 2. Player: 76561199261706104(76561199261706104). Prev online: 3030, Server Online: 328551, Online: 18199. Diff online: 15169, All online: 2242878, Monday online: 714881, Thursday online: 0  
[2026-03-13 14:26:03] local.INFO: Method: getPlayersOnline. Server: 2. Player: 76561199384774505(trouble. whyyoufall1ng?). Prev online: 1296, Server Online: 228584, Online: 6425. Diff online: 5129, All online: 453242, Monday online: 131401, Thursday online: 0  
[2026-03-13 14:26:03] local.INFO: Method: getPlayersOnline. Server: 2. Player: 76561199091294625(lagaet na ffa). Prev online: 14112, Server Online: 840555, Online: 2171. Diff online: 5129, All online: 1126298, Monday online: 164273, Thursday online: 0  
[2026-03-13 14:26:04] local.INFO: Method: getPlayersOnline. Server: 2. Player: 76561198332903750(FOG. | Окрошка)). Prev online: 4793, Server Online: 401688, Online: 20437. Diff online: 15644, All online: 709456, Monday online: 307768, Thursday online: 0  
[2026-03-13 14:26:04] local.INFO: Method: getPlayersOnline. Server: 2. Player: 76561199120398108(★PEPSIK★). Prev online: 806, Server Online: 61973, Online: 8473. Diff online: 7667, All online: 92884, Monday online: 30911, Thursday online: 0  
[2026-03-13 14:26:04] local.INFO: Method: getPlayersOnline. Server: 2. Player: 76561199258134981(胖他媽的). Prev online: 2908, Server Online: 3193, Online: 1573. Diff online: 7667, All online: 97323, Monday online: 94130, Thursday online: 0  
[2026-03-13 14:26:04] local.INFO: Method: getPlayersOnline. Server: 2. Player: 76561199756724747(Dums#VorpalSwords). Prev online: 3524, Server Online: 7985, Online: 2481. Diff online: 7667, All online: 51443, Monday online: 43458, Thursday online: 0  
[2026-03-13 14:26:04] local.INFO: Method: getPlayersOnline. Server: 2. Player: 76561199189404944(furtonger). Prev online: 20376, Server Online: 91340, Online: 17383. Diff online: 7667, All online: 184794, Monday online: 93454, Thursday online: 0  
[2026-03-13 14:26:04] local.INFO: Method: getPlayersOnline. Server: 2. Player: 76561199499329355(冬Tw1nkev冬). Prev online: 749, Server Online: 112095, Online: 12898. Diff online: 12149, All online: 148989, Monday online: 36894, Thursday online: 0  
[2026-03-13 14:26:04] local.INFO: Method: getPlayersOnline. Server: 2. Player: 76561198128833802(Cow pussy). Prev online: 638, Server Online: 37758, Online: 11935. Diff online: 11297, All online: 483524, Monday online: 273804, Thursday online: 0  
[2026-03-13 14:26:04] local.INFO: Method: getPlayersOnline. Server: 2. Player: 76561199197000922(утка). Prev online: 2971, Server Online: 0, Online: 2971. Diff online: 0, All online: 0, Monday online: 0, Thursday online: 0  
[2026-03-13 14:26:05] local.INFO: Method: getPlayersOnline. Server: 2. Player: 76561199704747517([OSB] фуфел шмерц). Prev online: 25585, Server Online: 764683, Online: 3974. Diff online: 0, All online: 1265060, Monday online: 500377, Thursday online: 0  
[2026-03-13 14:26:05] local.INFO: Method: getPlayersOnline. Server: 2. Player: 76561198977413624(гуль). Prev online: 7465, Server Online: 2075657, Online: 797. Diff online: 0, All online: 2923467, Monday online: 831786, Thursday online: 0  
[2026-03-13 14:26:05] local.INFO: Method: getPlayersOnline. Server: 2. Player: 76561199251293554(Romana_Banana #RBN). Prev online: 4174, Server Online: 642804, Online: 5027. Diff online: 853, All online: 1526748, Monday online: 883944, Thursday online: 0  
[2026-03-13 14:26:05] local.INFO: Method: getPlayersOnline. Server: 2. Player: 76561199247492498(RS | Aomi). Prev online: 21248, Server Online: 61553, Online: 277. Diff online: 853, All online: 79376, Monday online: 17823, Thursday online: 0  
[2026-03-13 14:26:05] local.INFO: Method: getPlayersOnline. Server: 2. Player: 76561199812537987(Satoru). Prev online: 9520, Server Online: 457778, Online: 5199. Diff online: 853, All online: 910650, Monday online: 452872, Thursday online: 0  
[2026-03-13 14:26:05] local.INFO: Method: getPlayersOnline. Server: 2. Player: 76561199887355862(TimkaRT). Prev online: 3246, Server Online: 6932, Online: 2436. Diff online: 853, All online: 6932, Monday online: 0, Thursday online: 0  
[2026-03-13 14:26:05] local.INFO: Method: getPlayersOnline. Server: 2. Player: 76561198858639494(CL | Yamato). Prev online: 8040, Server Online: 11785, Online: 11575. Diff online: 3535, All online: 23535, Monday online: 11750, Thursday online: 0  
[2026-03-13 14:26:06] local.INFO: Method: getPlayersOnline. Server: 2. Player: 76561198845624597(КОТЭЭЭЭ). Prev online: 6866, Server Online: 1006097, Online: 4548. Diff online: 3535, All online: 2552936, Monday online: 1508563, Thursday online: 0  
[2026-03-13 14:26:06] local.INFO: Method: getPlayersOnline. Server: 2. Player: 76561199243426772(4554 #ggrust). Prev online: 2099, Server Online: 0, Online: 2099. Diff online: 0, All online: 12319, Monday online: 12319, Thursday online: 0  
[2026-03-13 14:26:06] local.INFO: Method: getPlayersOnline. Server: 2. Player: 76561198984716392(freddie). Prev online: 6050, Server Online: 299747, Online: 101. Diff online: 0, All online: 768757, Monday online: 274024, Thursday online: 0  
[2026-03-13 14:26:06] local.INFO: Method: getPlayersOnline. Server: 2. Player: 76561199497410738(Ашот). Prev online: 16921, Server Online: 126757, Online: 3078. Diff online: 0, All online: 156997, Monday online: 30240, Thursday online: 0  
[2026-03-13 14:26:06] local.INFO: Method: getPlayersOnline. Server: 2. Player: 76561199246146537(【.VEX】| Violetess). Prev online: 5038, Server Online: 308020, Online: 6326. Diff online: 1288, All online: 308020, Monday online: 0, Thursday online: 0  
[2026-03-13 14:26:07] local.INFO: Method: getPlayersOnline. Server: 2. Player: 76561199505080070(Pepega). Prev online: 482, Server Online: 1575557, Online: 4931. Diff online: 4449, All online: 2278235, Monday online: 451812, Thursday online: 0  
[2026-03-13 14:26:07] local.INFO: Method: getPlayersOnline. Server: 2. Player: 76561199258528453(bad-f1?). Prev online: 340, Server Online: 653456, Online: 2555. Diff online: 2215, All online: 841200, Monday online: 120062, Thursday online: 0  
[2026-03-13 14:26:08] local.INFO: Method: getPlayersOnline. Server: 2. Player: 76561198754436395(『Gaw』- D3). Prev online: 9267, Server Online: 61415, Online: 1266. Diff online: 2215, All online: 142034, Monday online: 80619, Thursday online: 0  
[2026-03-13 14:26:08] local.INFO: Method: getPlayersOnline. Server: 3. Player: 76561199821262476(кава бухаетCS2BGD31.RU). Prev online: 816, Server Online: 564648, Online: 840. Diff online: 24, All online: 856197, Monday online: 564648, Thursday online: 0  
[2026-03-13 14:27:02] local.INFO: Method: getPlayersOnline. Start...  
[2026-03-13 14:27:03] local.INFO: Method: getPlayersOnline. Start...  
[2026-03-13 14:27:03] local.INFO: Method: getPlayersOnline. Server: 2. Player: 76561199203821366(Xd). Prev online: 6285, Server Online: 468078, Online: 6345. Diff online: 60, All online: 908636, Monday online: 399228, Thursday online: 0  
[2026-03-13 14:27:03] local.INFO: Method: getPlayersOnline. Server: 2. Player: 76561199203821366(Xd). Prev online: 6345, Server Online: 468078, Online: 6345. Diff online: 0, All online: 908636, Monday online: 399228, Thursday online: 0  
[2026-03-13 14:27:04] local.INFO: Method: getPlayersOnline. Server: 2. Player: 76561199743727010(werdix #ultimaterust). Prev online: 3565, Server Online: 60, Online: 3625. Diff online: 60, All online: 59283, Monday online: 59223, Thursday online: 0  
[2026-03-13 14:27:04] local.INFO: Method: getPlayersOnline. Server: 2. Player: 76561199743727010(werdix #ultimaterust). Prev online: 3625, Server Online: 60, Online: 3625. Diff online: 0, All online: 59283, Monday online: 59223, Thursday online: 0  
[2026-03-13 14:27:04] local.INFO: Method: getPlayersOnline. Server: 2. Player: 76561198451931006(Tom). Prev online: 22476, Server Online: 2889328, Online: 22537. Diff online: 61, All online: 3985649, Monday online: 451948, Thursday online: 0  
[2026-03-13 14:27:04] local.INFO: Method: getPlayersOnline. Server: 2. Player: 76561199261706104(76561199261706104). Prev online: 18199, Server Online: 328611, Online: 18259. Diff online: 60, All online: 2242938, Monday online: 714881, Thursday online: 0  
[2026-03-13 14:27:04] local.INFO: Method: getPlayersOnline. Server: 2. Player: 76561198451931006(Tom). Prev online: 22537, Server Online: 2889328, Online: 22537. Diff online: 0, All online: 3985649, Monday online: 451948, Thursday online: 0  
[2026-03-13 14:27:04] local.INFO: Method: getPlayersOnline. Server: 2. Player: 76561199261706104(76561199261706104). Prev online: 18259, Server Online: 328611, Online: 18259. Diff online: 0, All online: 2242938, Monday online: 714881, Thursday online: 0  
[2026-03-13 14:27:04] local.INFO: Method: getPlayersOnline. Server: 2. Player: 76561199384774505(trouble. whyyoufall1ng?). Prev online: 6425, Server Online: 228644, Online: 6485. Diff online: 60, All online: 453302, Monday online: 131401, Thursday online: 0  
[2026-03-13 14:27:04] local.INFO: Method: getPlayersOnline. Server: 2. Player: 76561199384774505(trouble. whyyoufall1ng?). Prev online: 6485, Server Online: 228644, Online: 6485. Diff online: 0, All online: 453302, Monday online: 131401, Thursday online: 0  
[2026-03-13 14:27:04] local.INFO: Method: getPlayersOnline. Server: 2. Player: 76561199091294625(lagaet na ffa). Prev online: 2171, Server Online: 840615, Online: 2231. Diff online: 60, All online: 1126358, Monday online: 164273, Thursday online: 0  
[2026-03-13 14:27:05] local.INFO: Method: getPlayersOnline. Server: 2. Player: 76561199091294625(lagaet na ffa). Prev online: 2231, Server Online: 840615, Online: 2231. Diff online: 0, All online: 1126358, Monday online: 164273, Thursday online: 0  
[2026-03-13 14:27:05] local.INFO: Method: getPlayersOnline. Server: 2. Player: 76561198332903750(FOG. | Окрошка)). Prev online: 20437, Server Online: 401748, Online: 20497. Diff online: 60, All online: 709516, Monday online: 307768, Thursday online: 0  
[2026-03-13 14:27:05] local.INFO: Method: getPlayersOnline. Server: 2. Player: 76561198332903750(FOG. | Окрошка)). Prev online: 20497, Server Online: 401748, Online: 20497. Diff online: 0, All online: 709456, Monday online: 307768, Thursday online: 0  
[2026-03-13 14:27:05] local.INFO: Method: getPlayersOnline. Server: 2. Player: 76561199120398108(★PEPSIK★). Prev online: 8473, Server Online: 62033, Online: 8533. Diff online: 60, All online: 92944, Monday online: 30911, Thursday online: 0  
[2026-03-13 14:27:05] local.INFO: Method: getPlayersOnline. Server: 2. Player: 76561199120398108(★PEPSIK★). Prev online: 8533, Server Online: 62033, Online: 8533. Diff online: 0, All online: 92884, Monday online: 30911, Thursday online: 0  
[2026-03-13 14:27:05] local.INFO: Method: getPlayersOnline. Server: 2. Player: 76561199258134981(胖他媽的). Prev online: 1573, Server Online: 3253, Online: 1633. Diff online: 60, All online: 97383, Monday online: 94130, Thursday online: 0  
[2026-03-13 14:27:05] local.INFO: Method: getPlayersOnline. Server: 2. Player: 76561199258134981(胖他媽的). Prev online: 1633, Server Online: 3253, Online: 1633. Diff online: 0, All online: 97323, Monday online: 94130, Thursday online: 0  
[2026-03-13 14:27:05] local.INFO: Method: getPlayersOnline. Server: 2. Player: 76561199756724747(Dums#VorpalSwords). Prev online: 2481, Server Online: 8045, Online: 2541. Diff online: 60, All online: 51503, Monday online: 43458, Thursday online: 0  
[2026-03-13 14:27:05] local.INFO: Method: getPlayersOnline. Server: 2. Player: 76561199756724747(Dums#VorpalSwords). Prev online: 2541, Server Online: 8045, Online: 2541. Diff online: 0, All online: 51443, Monday online: 43458, Thursday online: 0  
[2026-03-13 14:27:05] local.INFO: Method: getPlayersOnline. Server: 2. Player: 76561199189404944(furtonger). Prev online: 17383, Server Online: 91400, Online: 17443. Diff online: 60, All online: 184854, Monday online: 93454, Thursday online: 0  
[2026-03-13 14:27:06] local.INFO: Method: getPlayersOnline. Server: 2. Player: 76561199189404944(furtonger). Prev online: 17443, Server Online: 91400, Online: 17443. Diff online: 0, All online: 184794, Monday online: 93454, Thursday online: 0  
[2026-03-13 14:27:06] local.INFO: Method: getPlayersOnline. Server: 2. Player: 76561199499329355(冬Tw1nkev冬). Prev online: 12898, Server Online: 112155, Online: 12958. Diff online: 60, All online: 149049, Monday online: 36894, Thursday online: 0  
[2026-03-13 14:27:06] local.INFO: Method: getPlayersOnline. Server: 2. Player: 76561198128833802(Cow pussy). Prev online: 11935, Server Online: 37818, Online: 11995. Diff online: 60, All online: 483584, Monday online: 273804, Thursday online: 0  
[2026-03-13 14:27:06] local.INFO: Method: getPlayersOnline. Server: 2. Player: 76561199499329355(冬Tw1nkev冬). Prev online: 12958, Server Online: 112155, Online: 12958. Diff online: 0, All online: 148989, Monday online: 36894, Thursday online: 0  
[2026-03-13 14:27:06] local.INFO: Method: getPlayersOnline. Server: 2. Player: 76561198128833802(Cow pussy). Prev online: 11995, Server Online: 37818, Online: 11995. Diff online: 0, All online: 483584, Monday online: 273804, Thursday online: 0  
[2026-03-13 14:27:06] local.INFO: Method: getPlayersOnline. Server: 2. Player: 76561199197000922(утка). Prev online: 2971, Server Online: 61, Online: 3032. Diff online: 61, All online: 61, Monday online: 0, Thursday online: 0  
[2026-03-13 14:27:06] local.INFO: Method: getPlayersOnline. Server: 2. Player: 76561199197000922(утка). Prev online: 3032, Server Online: 61, Online: 3032. Diff online: 0, All online: 0, Monday online: 0, Thursday online: 0  
[2026-03-13 14:27:06] local.INFO: Method: getPlayersOnline. Server: 2. Player: 76561199704747517([OSB] фуфел шмерц). Prev online: 3974, Server Online: 764743, Online: 4034. Diff online: 60, All online: 1265120, Monday online: 500377, Thursday online: 0  
[2026-03-13 14:27:06] local.INFO: Method: getPlayersOnline. Server: 2. Player: 76561199704747517([OSB] фуфел шмерц). Prev online: 3974, Server Online: 764743, Online: 4034. Diff online: 60, All online: 1265120, Monday online: 500377, Thursday online: 0  
[2026-03-13 14:27:06] local.INFO: Method: getPlayersOnline. Server: 2. Player: 76561198977413624(гуль). Prev online: 797, Server Online: 2075717, Online: 857. Diff online: 60, All online: 2923527, Monday online: 831786, Thursday online: 0  
[2026-03-13 14:27:06] local.INFO: Method: getPlayersOnline. Server: 2. Player: 76561198977413624(гуль). Prev online: 797, Server Online: 2075717, Online: 857. Diff online: 60, All online: 2923527, Monday online: 831786, Thursday online: 0  
[2026-03-13 14:27:06] local.INFO: Method: getPlayersOnline. Server: 2. Player: 76561199251293554(Romana_Banana #RBN). Prev online: 5027, Server Online: 642864, Online: 5087. Diff online: 60, All online: 1526808, Monday online: 883944, Thursday online: 0  
[2026-03-13 14:27:06] local.INFO: Method: getPlayersOnline. Server: 2. Player: 76561199251293554(Romana_Banana #RBN). Prev online: 5027, Server Online: 642864, Online: 5087. Diff online: 60, All online: 1526808, Monday online: 883944, Thursday online: 0  
[2026-03-13 14:27:07] local.INFO: Method: getPlayersOnline. Server: 2. Player: 76561199247492498(RS | Aomi). Prev online: 277, Server Online: 61613, Online: 337. Diff online: 60, All online: 79436, Monday online: 17823, Thursday online: 0  
[2026-03-13 14:27:07] local.INFO: Method: getPlayersOnline. Server: 2. Player: 76561199247492498(RS | Aomi). Prev online: 277, Server Online: 61613, Online: 337. Diff online: 60, All online: 79436, Monday online: 17823, Thursday online: 0  
[2026-03-13 14:27:07] local.INFO: Method: getPlayersOnline. Server: 2. Player: 76561199812537987(Satoru). Prev online: 5199, Server Online: 457838, Online: 5259. Diff online: 60, All online: 910710, Monday online: 452872, Thursday online: 0  
[2026-03-13 14:27:07] local.INFO: Method: getPlayersOnline. Server: 2. Player: 76561199812537987(Satoru). Prev online: 5199, Server Online: 457838, Online: 5259. Diff online: 60, All online: 910710, Monday online: 452872, Thursday online: 0  
[2026-03-13 14:27:07] local.INFO: Method: getPlayersOnline. Server: 2. Player: 76561199887355862(TimkaRT). Prev online: 2436, Server Online: 6992, Online: 2496. Diff online: 60, All online: 6992, Monday online: 0, Thursday online: 0  
[2026-03-13 14:27:07] local.INFO: Method: getPlayersOnline. Server: 2. Player: 76561199887355862(TimkaRT). Prev online: 2436, Server Online: 6992, Online: 2496. Diff online: 60, All online: 6992, Monday online: 0, Thursday online: 0  
[2026-03-13 14:27:07] local.INFO: Method: getPlayersOnline. Server: 2. Player: 76561198858639494(CL | Yamato). Prev online: 11575, Server Online: 11845, Online: 11635. Diff online: 60, All online: 23595, Monday online: 11750, Thursday online: 0  
[2026-03-13 14:27:07] local.INFO: Method: getPlayersOnline. Server: 2. Player: 76561198858639494(CL | Yamato). Prev online: 11635, Server Online: 11845, Online: 11635. Diff online: 0, All online: 23535, Monday online: 11750, Thursday online: 0  
[2026-03-13 14:27:08] local.INFO: Method: getPlayersOnline. Server: 2. Player: 76561198845624597(КОТЭЭЭЭ). Prev online: 4548, Server Online: 1006157, Online: 4608. Diff online: 60, All online: 2552996, Monday online: 1508563, Thursday online: 0  
[2026-03-13 14:27:08] local.INFO: Method: getPlayersOnline. Server: 2. Player: 76561198845624597(КОТЭЭЭЭ). Prev online: 4608, Server Online: 1006157, Online: 4608. Diff online: 0, All online: 2552936, Monday online: 1508563, Thursday online: 0  
[2026-03-13 14:27:08] local.INFO: Method: getPlayersOnline. Server: 2. Player: 76561199243426772(4554 #ggrust). Prev online: 2099, Server Online: 60, Online: 2159. Diff online: 60, All online: 12379, Monday online: 12319, Thursday online: 0  
[2026-03-13 14:27:08] local.INFO: Method: getPlayersOnline. Server: 2. Player: 76561199243426772(4554 #ggrust). Prev online: 2099, Server Online: 60, Online: 2159. Diff online: 60, All online: 12379, Monday online: 12319, Thursday online: 0  
[2026-03-13 14:27:08] local.INFO: Method: getPlayersOnline. Server: 2. Player: 76561199497410738(Ашот). Prev online: 3078, Server Online: 126818, Online: 3139. Diff online: 61, All online: 157058, Monday online: 30240, Thursday online: 0  
[2026-03-13 14:27:08] local.INFO: Method: getPlayersOnline. Server: 2. Player: 76561199497410738(Ашот). Prev online: 3078, Server Online: 126818, Online: 3139. Diff online: 61, All online: 157058, Monday online: 30240, Thursday online: 0  
[2026-03-13 14:27:08] local.INFO: Method: getPlayersOnline. Server: 2. Player: 76561199246146537(【.VEX】| Violetess). Prev online: 6326, Server Online: 308080, Online: 6386. Diff online: 60, All online: 308080, Monday online: 0, Thursday online: 0  
[2026-03-13 14:27:08] local.INFO: Method: getPlayersOnline. Server: 2. Player: 76561199246146537(【.VEX】| Violetess). Prev online: 6326, Server Online: 308080, Online: 6386. Diff online: 60, All online: 308080, Monday online: 0, Thursday online: 0  
[2026-03-13 14:27:09] local.INFO: Method: getPlayersOnline. Server: 2. Player: 76561199505080070(Pepega). Prev online: 4931, Server Online: 1575617, Online: 4991. Diff online: 60, All online: 2278295, Monday online: 451812, Thursday online: 0  
[2026-03-13 14:27:09] local.INFO: Method: getPlayersOnline. Server: 2. Player: 76561199505080070(Pepega). Prev online: 4931, Server Online: 1575617, Online: 4991. Diff online: 60, All online: 2278295, Monday online: 451812, Thursday online: 0  
[2026-03-13 14:27:09] local.INFO: Method: getPlayersOnline. Server: 2. Player: 76561199258528453(bad-f1?). Prev online: 2555, Server Online: 653516, Online: 2615. Diff online: 60, All online: 841260, Monday online: 120062, Thursday online: 0  
[2026-03-13 14:27:09] local.INFO: Method: getPlayersOnline. Server: 2. Player: 76561199258528453(bad-f1?). Prev online: 2555, Server Online: 653516, Online: 2615. Diff online: 60, All online: 841260, Monday online: 120062, Thursday online: 0  
[2026-03-13 14:27:09] local.INFO: Method: getPlayersOnline. Server: 2. Player: 76561198754436395(『Gaw』- D3). Prev online: 1266, Server Online: 61475, Online: 1326. Diff online: 60, All online: 142094, Monday online: 80619, Thursday online: 0  
[2026-03-13 14:27:09] local.INFO: Method: getPlayersOnline. Server: 2. Player: 76561198754436395(『Gaw』- D3). Prev online: 1266, Server Online: 61475, Online: 1326. Diff online: 60, All online: 142094, Monday online: 80619, Thursday online: 0  
[2026-03-13 14:27:10] local.INFO: Method: getPlayersOnline. Server: 3. Player: 76561199821262476(кава бухаетCS2BGD31.RU). Prev online: 840, Server Online: 564708, Online: 900. Diff online: 60, All online: 856257, Monday online: 564708, Thursday online: 0  
[2026-03-13 14:27:10] local.INFO: Method: getPlayersOnline. Server: 3. Player: 76561199821262476(кава бухаетCS2BGD31.RU). Prev online: 840, Server Online: 564708, Online: 900. Diff online: 60, All online: 856257, Monday online: 564708, Thursday online: 0  
[2026-03-13 14:28:03] local.INFO: Method: getPlayersOnline. Start...  
[2026-03-13 14:28:03] local.INFO: Method: getPlayersOnline. Server: 2. Player: 76561199203821366(Xd). Prev online: 6345, Server Online: 468138, Online: 6405. Diff online: 60, All online: 908696, Monday online: 399228, Thursday online: 0  
[2026-03-13 14:28:04] local.INFO: Method: getPlayersOnline. Server: 2. Player: 76561199743727010(werdix #ultimaterust). Prev online: 3625, Server Online: 120, Online: 3685. Diff online: 60, All online: 59343, Monday online: 59223, Thursday online: 0  
[2026-03-13 14:28:04] local.INFO: Method: getPlayersOnline. Server: 2. Player: 76561198451931006(Tom). Prev online: 22537, Server Online: 2889388, Online: 22597. Diff online: 60, All online: 3985709, Monday online: 451948, Thursday online: 0  
[2026-03-13 14:28:04] local.INFO: Method: getPlayersOnline. Server: 2. Player: 76561199384774505(trouble. whyyoufall1ng?). Prev online: 6485, Server Online: 228704, Online: 6545. Diff online: 60, All online: 453362, Monday online: 131401, Thursday online: 0  
[2026-03-13 14:28:04] local.INFO: Method: getPlayersOnline. Server: 2. Player: 76561199091294625(lagaet na ffa). Prev online: 2231, Server Online: 840675, Online: 2291. Diff online: 60, All online: 1126418, Monday online: 164273, Thursday online: 0  
[2026-03-13 14:28:05] local.INFO: Method: getPlayersOnline. Server: 2. Player: 76561198332903750(FOG. | Окрошка)). Prev online: 20497, Server Online: 401808, Online: 20557. Diff online: 60, All online: 709576, Monday online: 307768, Thursday online: 0  
[2026-03-13 14:28:05] local.INFO: Method: getPlayersOnline. Server: 2. Player: 76561199120398108(★PEPSIK★). Prev online: 8533, Server Online: 62093, Online: 8593. Diff online: 60, All online: 93004, Monday online: 30911, Thursday online: 0  
[2026-03-13 14:28:05] local.INFO: Method: getPlayersOnline. Server: 2. Player: 76561199258134981(胖他媽的). Prev online: 1633, Server Online: 3314, Online: 1694. Diff online: 61, All online: 97444, Monday online: 94130, Thursday online: 0  
[2026-03-13 14:28:05] local.INFO: Method: getPlayersOnline. Server: 2. Player: 76561199756724747(Dums#VorpalSwords). Prev online: 2541, Server Online: 8105, Online: 2601. Diff online: 60, All online: 51563, Monday online: 43458, Thursday online: 0  
[2026-03-13 14:28:05] local.INFO: Method: getPlayersOnline. Server: 2. Player: 76561199189404944(furtonger). Prev online: 17443, Server Online: 91460, Online: 17503. Diff online: 60, All online: 184914, Monday online: 93454, Thursday online: 0  
[2026-03-13 14:28:05] local.INFO: Method: getPlayersOnline. Server: 2. Player: 76561199499329355(冬Tw1nkev冬). Prev online: 12958, Server Online: 112215, Online: 13018. Diff online: 60, All online: 149109, Monday online: 36894, Thursday online: 0  
[2026-03-13 14:28:05] local.INFO: Method: getPlayersOnline. Server: 2. Player: 76561198128833802(Cow pussy). Prev online: 11995, Server Online: 37878, Online: 12055. Diff online: 60, All online: 483644, Monday online: 273804, Thursday online: 0  
[2026-03-13 14:28:05] local.INFO: Method: getPlayersOnline. Server: 2. Player: 76561199197000922(утка). Prev online: 3032, Server Online: 121, Online: 3092. Diff online: 60, All online: 121, Monday online: 0, Thursday online: 0  
[2026-03-13 14:28:06] local.INFO: Method: getPlayersOnline. Server: 2. Player: 76561199704747517([OSB] фуфел шмерц). Prev online: 4034, Server Online: 764803, Online: 4094. Diff online: 60, All online: 1265180, Monday online: 500377, Thursday online: 0  
[2026-03-13 14:28:06] local.INFO: Method: getPlayersOnline. Server: 2. Player: 76561198977413624(гуль). Prev online: 857, Server Online: 2075777, Online: 917. Diff online: 60, All online: 2923587, Monday online: 831786, Thursday online: 0  
[2026-03-13 14:28:06] local.INFO: Method: getPlayersOnline. Server: 2. Player: 76561199251293554(Romana_Banana #RBN). Prev online: 5087, Server Online: 642925, Online: 5148. Diff online: 61, All online: 1526869, Monday online: 883944, Thursday online: 0  
[2026-03-13 14:28:06] local.INFO: Method: getPlayersOnline. Server: 2. Player: 76561199247492498(RS | Aomi). Prev online: 337, Server Online: 61674, Online: 398. Diff online: 61, All online: 79497, Monday online: 17823, Thursday online: 0  
[2026-03-13 14:28:06] local.INFO: Method: getPlayersOnline. Server: 2. Player: 76561199812537987(Satoru). Prev online: 5259, Server Online: 457899, Online: 5320. Diff online: 61, All online: 910771, Monday online: 452872, Thursday online: 0  
[2026-03-13 14:28:06] local.INFO: Method: getPlayersOnline. Server: 2. Player: 76561199887355862(TimkaRT). Prev online: 2496, Server Online: 7052, Online: 2556. Diff online: 60, All online: 7052, Monday online: 0, Thursday online: 0  
[2026-03-13 14:28:06] local.INFO: Method: getPlayersOnline. Server: 2. Player: 76561198858639494(CL | Yamato). Prev online: 11635, Server Online: 11905, Online: 11695. Diff online: 60, All online: 23655, Monday online: 11750, Thursday online: 0  
[2026-03-13 14:28:07] local.INFO: Method: getPlayersOnline. Server: 2. Player: 76561198845624597(КОТЭЭЭЭ). Prev online: 4608, Server Online: 1006218, Online: 4669. Diff online: 61, All online: 2553057, Monday online: 1508563, Thursday online: 0  
[2026-03-13 14:28:07] local.INFO: Method: getPlayersOnline. Server: 2. Player: 76561199243426772(4554 #ggrust). Prev online: 2159, Server Online: 120, Online: 2219. Diff online: 60, All online: 12439, Monday online: 12319, Thursday online: 0  
[2026-03-13 14:28:07] local.INFO: Method: getPlayersOnline. Server: 2. Player: 76561199497410738(Ашот). Prev online: 3139, Server Online: 126878, Online: 3199. Diff online: 60, All online: 157118, Monday online: 30240, Thursday online: 0  
[2026-03-13 14:28:07] local.INFO: Method: getPlayersOnline. Server: 2. Player: 76561199246146537(【.VEX】| Violetess). Prev online: 6386, Server Online: 308140, Online: 6446. Diff online: 60, All online: 308140, Monday online: 0, Thursday online: 0  
[2026-03-13 14:28:08] local.INFO: Method: getPlayersOnline. Server: 2. Player: 76561199505080070(Pepega). Prev online: 4991, Server Online: 1575677, Online: 5051. Diff online: 60, All online: 2278355, Monday online: 451812, Thursday online: 0  
[2026-03-13 14:28:08] local.INFO: Method: getPlayersOnline. Server: 2. Player: 76561199250082883(rock). Prev online: 5783, Server Online: 1409696, Online: 141. Diff online: 60, All online: 2881106, Monday online: 1265795, Thursday online: 0  
[2026-03-13 14:28:08] local.INFO: Method: getPlayersOnline. Server: 2. Player: 76561199258528453(bad-f1?). Prev online: 2615, Server Online: 653577, Online: 2676. Diff online: 61, All online: 841321, Monday online: 120062, Thursday online: 0  
[2026-03-13 14:28:08] local.INFO: Method: getPlayersOnline. Server: 2. Player: 76561198754436395(『Gaw』- D3). Prev online: 1326, Server Online: 61535, Online: 1386. Diff online: 60, All online: 142154, Monday online: 80619, Thursday online: 0  
[2026-03-13 14:28:09] local.INFO: Method: getPlayersOnline. Server: 3. Player: 76561199821262476(кава бухаетCS2BGD31.RU). Prev online: 900, Server Online: 564768, Online: 960. Diff online: 60, All online: 856317, Monday online: 564768, Thursday online: 0  
[2026-03-13 14:29:02] local.INFO: Method: getPlayersOnline. Start...  
[2026-03-13 14:29:02] local.INFO: Method: getPlayersOnline. Server: 2. Player: 76561199203821366(Xd). Prev online: 6405, Server Online: 468138, Online: 6405. Diff online: 0, All online: 908696, Monday online: 399228, Thursday online: 0  
[2026-03-13 14:29:03] local.INFO: Method: getPlayersOnline. Server: 2. Player: 76561199743727010(werdix #ultimaterust). Prev online: 3685, Server Online: 120, Online: 3685. Diff online: 0, All online: 59343, Monday online: 59223, Thursday online: 0  
[2026-03-13 14:29:03] local.INFO: Method: getPlayersOnline. Server: 2. Player: 76561198451931006(Tom). Prev online: 22597, Server Online: 2889388, Online: 22597. Diff online: 0, All online: 3985709, Monday online: 451948, Thursday online: 0  
[2026-03-13 14:29:03] local.INFO: Method: getPlayersOnline. Server: 2. Player: 76561199384774505(trouble. whyyoufall1ng?). Prev online: 6545, Server Online: 228704, Online: 6545. Diff online: 0, All online: 453362, Monday online: 131401, Thursday online: 0  
[2026-03-13 14:29:03] local.INFO: Method: getPlayersOnline. Server: 2. Player: 76561199091294625(lagaet na ffa). Prev online: 2291, Server Online: 840675, Online: 2291. Diff online: 0, All online: 1126418, Monday online: 164273, Thursday online: 0  
[2026-03-13 14:29:03] local.INFO: Method: getPlayersOnline. Server: 2. Player: 76561198332903750(FOG. | Окрошка)). Prev online: 20557, Server Online: 401808, Online: 20557. Diff online: 0, All online: 709576, Monday online: 307768, Thursday online: 0  
[2026-03-13 14:29:03] local.INFO: Method: getPlayersOnline. Server: 2. Player: 76561199120398108(★PEPSIK★). Prev online: 8593, Server Online: 62093, Online: 8593. Diff online: 0, All online: 93004, Monday online: 30911, Thursday online: 0  
[2026-03-13 14:29:03] local.INFO: Method: getPlayersOnline. Server: 2. Player: 76561199258134981(胖他媽的). Prev online: 1694, Server Online: 3314, Online: 1694. Diff online: 0, All online: 97444, Monday online: 94130, Thursday online: 0  
[2026-03-13 14:29:04] local.INFO: Method: getPlayersOnline. Server: 2. Player: 76561199756724747(Dums#VorpalSwords). Prev online: 2601, Server Online: 8105, Online: 2601. Diff online: 0, All online: 51563, Monday online: 43458, Thursday online: 0  
[2026-03-13 14:29:04] local.INFO: Method: getPlayersOnline. Server: 2. Player: 76561199189404944(furtonger). Prev online: 17503, Server Online: 91460, Online: 17503. Diff online: 0, All online: 184914, Monday online: 93454, Thursday online: 0  
[2026-03-13 14:29:04] local.INFO: Method: getPlayersOnline. Server: 2. Player: 76561199499329355(冬Tw1nkev冬). Prev online: 13018, Server Online: 112215, Online: 13018. Diff online: 0, All online: 149109, Monday online: 36894, Thursday online: 0  
[2026-03-13 14:29:04] local.INFO: Method: getPlayersOnline. Server: 2. Player: 76561198128833802(Cow pussy). Prev online: 12055, Server Online: 37878, Online: 12055. Diff online: 0, All online: 483644, Monday online: 273804, Thursday online: 0  
[2026-03-13 14:29:04] local.INFO: Method: getPlayersOnline. Server: 2. Player: 76561199197000922(утка). Prev online: 3092, Server Online: 121, Online: 3092. Diff online: 0, All online: 121, Monday online: 0, Thursday online: 0  
[2026-03-13 14:29:04] local.INFO: Method: getPlayersOnline. Server: 2. Player: 76561199704747517([OSB] фуфел шмерц). Prev online: 4094, Server Online: 764803, Online: 4094. Diff online: 0, All online: 1265180, Monday online: 500377, Thursday online: 0  
[2026-03-13 14:29:04] local.INFO: Method: getPlayersOnline. Server: 2. Player: 76561198977413624(гуль). Prev online: 917, Server Online: 2075777, Online: 917. Diff online: 0, All online: 2923587, Monday online: 831786, Thursday online: 0  
[2026-03-13 14:29:04] local.INFO: Method: getPlayersOnline. Server: 2. Player: 76561199251293554(Romana_Banana #RBN). Prev online: 5148, Server Online: 642925, Online: 5148. Diff online: 0, All online: 1526869, Monday online: 883944, Thursday online: 0  
[2026-03-13 14:29:05] local.INFO: Method: getPlayersOnline. Server: 2. Player: 76561199247492498(RS | Aomi). Prev online: 398, Server Online: 61674, Online: 398. Diff online: 0, All online: 79497, Monday online: 17823, Thursday online: 0  
[2026-03-13 14:29:05] local.INFO: Method: getPlayersOnline. Server: 2. Player: 76561199812537987(Satoru). Prev online: 5320, Server Online: 457899, Online: 5320. Diff online: 0, All online: 910771, Monday online: 452872, Thursday online: 0  
[2026-03-13 14:29:05] local.INFO: Method: getPlayersOnline. Server: 2. Player: 76561199887355862(TimkaRT). Prev online: 2556, Server Online: 7052, Online: 2556. Diff online: 0, All online: 7052, Monday online: 0, Thursday online: 0  
[2026-03-13 14:29:05] local.INFO: Method: getPlayersOnline. Server: 2. Player: 76561198858639494(CL | Yamato). Prev online: 11695, Server Online: 11905, Online: 11695. Diff online: 0, All online: 23655, Monday online: 11750, Thursday online: 0  
[2026-03-13 14:29:06] local.INFO: Method: getPlayersOnline. Server: 2. Player: 76561198845624597(КОТЭЭЭЭ). Prev online: 4669, Server Online: 1006218, Online: 4669. Diff online: 0, All online: 2553057, Monday online: 1508563, Thursday online: 0  
[2026-03-13 14:29:06] local.INFO: Method: getPlayersOnline. Server: 2. Player: 76561199243426772(4554 #ggrust). Prev online: 2219, Server Online: 120, Online: 2219. Diff online: 0, All online: 12439, Monday online: 12319, Thursday online: 0  
[2026-03-13 14:29:06] local.INFO: Method: getPlayersOnline. Server: 2. Player: 76561199497410738(Ашот). Prev online: 3199, Server Online: 126878, Online: 3199. Diff online: 0, All online: 157118, Monday online: 30240, Thursday online: 0  
[2026-03-13 14:29:06] local.INFO: Method: getPlayersOnline. Server: 2. Player: 76561199246146537(【.VEX】| Violetess). Prev online: 6446, Server Online: 308140, Online: 6446. Diff online: 0, All online: 308140, Monday online: 0, Thursday online: 0  
[2026-03-13 14:29:07] local.INFO: Method: getPlayersOnline. Server: 2. Player: 76561199505080070(Pepega). Prev online: 5051, Server Online: 1575677, Online: 5051. Diff online: 0, All online: 2278355, Monday online: 451812, Thursday online: 0  
[2026-03-13 14:29:07] local.INFO: Method: getPlayersOnline. Server: 2. Player: 76561199250082883(rock). Prev online: 141, Server Online: 1409696, Online: 141. Diff online: 0, All online: 2881106, Monday online: 1265795, Thursday online: 0  
[2026-03-13 14:29:07] local.INFO: Method: getPlayersOnline. Server: 2. Player: 76561199258528453(bad-f1?). Prev online: 2676, Server Online: 653577, Online: 2676. Diff online: 0, All online: 841321, Monday online: 120062, Thursday online: 0  
[2026-03-13 14:29:07] local.INFO: Method: getPlayersOnline. Server: 2. Player: 76561198754436395(『Gaw』- D3). Prev online: 1386, Server Online: 61535, Online: 1386. Diff online: 0, All online: 142154, Monday online: 80619, Thursday online: 0  
[2026-03-13 14:29:08] local.INFO: Method: getPlayersOnline. Server: 3. Player: 76561199821262476(кава бухаетCS2BGD31.RU). Prev online: 960, Server Online: 564827, Online: 1019. Diff online: 59, All online: 856376, Monday online: 564827, Thursday online: 0  
[2026-03-13 14:30:03] local.INFO: Method: getPlayersOnline. Start...  
[2026-03-13 14:30:03] local.INFO: Method: getPlayersOnline. Server: 2. Player: 76561199203821366(Xd). Prev online: 6405, Server Online: 468258, Online: 6525. Diff online: 120, All online: 908816, Monday online: 399228, Thursday online: 0  
[2026-03-13 14:30:04] local.INFO: Method: getPlayersOnline. Server: 2. Player: 76561199743727010(werdix #ultimaterust). Prev online: 3685, Server Online: 240, Online: 3805. Diff online: 120, All online: 59463, Monday online: 59223, Thursday online: 0  
[2026-03-13 14:30:04] local.INFO: Method: getPlayersOnline. Server: 2. Player: 76561198451931006(Tom). Prev online: 22597, Server Online: 2889508, Online: 22717. Diff online: 120, All online: 3985829, Monday online: 451948, Thursday online: 0  
[2026-03-13 14:30:04] local.INFO: Method: getPlayersOnline. Server: 2. Player: 76561199384774505(trouble. whyyoufall1ng?). Prev online: 6545, Server Online: 228824, Online: 6665. Diff online: 120, All online: 453482, Monday online: 131401, Thursday online: 0  
[2026-03-13 14:30:04] local.INFO: Method: getPlayersOnline. Server: 2. Player: 76561199091294625(lagaet na ffa). Prev online: 2291, Server Online: 840795, Online: 2411. Diff online: 120, All online: 1126538, Monday online: 164273, Thursday online: 0  
[2026-03-13 14:30:04] local.INFO: Method: getPlayersOnline. Server: 2. Player: 76561198332903750(FOG. | Окрошка)). Prev online: 20557, Server Online: 401928, Online: 20677. Diff online: 120, All online: 709696, Monday online: 307768, Thursday online: 0  
[2026-03-13 14:30:04] local.INFO: Method: getPlayersOnline. Server: 2. Player: 76561199120398108(★PEPSIK★). Prev online: 8593, Server Online: 62213, Online: 8713. Diff online: 120, All online: 93124, Monday online: 30911, Thursday online: 0  
[2026-03-13 14:30:05] local.INFO: Method: getPlayersOnline. Server: 2. Player: 76561199258134981(胖他媽的). Prev online: 1694, Server Online: 3433, Online: 1813. Diff online: 119, All online: 97563, Monday online: 94130, Thursday online: 0  
[2026-03-13 14:30:05] local.INFO: Method: getPlayersOnline. Server: 2. Player: 76561199756724747(Dums#VorpalSwords). Prev online: 2601, Server Online: 8225, Online: 2721. Diff online: 120, All online: 51683, Monday online: 43458, Thursday online: 0  
[2026-03-13 14:30:05] local.INFO: Method: getPlayersOnline. Server: 2. Player: 76561199189404944(furtonger). Prev online: 17503, Server Online: 91580, Online: 17623. Diff online: 120, All online: 185034, Monday online: 93454, Thursday online: 0  
[2026-03-13 14:30:05] local.INFO: Method: getPlayersOnline. Server: 2. Player: 76561199499329355(冬Tw1nkev冬). Prev online: 13018, Server Online: 112335, Online: 13138. Diff online: 120, All online: 149229, Monday online: 36894, Thursday online: 0  
[2026-03-13 14:30:05] local.INFO: Method: getPlayersOnline. Server: 2. Player: 76561198128833802(Cow pussy). Prev online: 12055, Server Online: 37998, Online: 12175. Diff online: 120, All online: 483764, Monday online: 273804, Thursday online: 0  
[2026-03-13 14:30:05] local.INFO: Method: getPlayersOnline. Server: 2. Player: 76561199197000922(утка). Prev online: 3092, Server Online: 241, Online: 3212. Diff online: 120, All online: 241, Monday online: 0, Thursday online: 0  
[2026-03-13 14:30:05] local.INFO: Method: getPlayersOnline. Server: 2. Player: 76561199704747517([OSB] фуфел шмерц). Prev online: 4094, Server Online: 764923, Online: 4214. Diff online: 120, All online: 1265300, Monday online: 500377, Thursday online: 0  
[2026-03-13 14:30:05] local.INFO: Method: getPlayersOnline. Server: 2. Player: 76561198977413624(гуль). Prev online: 917, Server Online: 2075897, Online: 1037. Diff online: 120, All online: 2923707, Monday online: 831786, Thursday online: 0  
[2026-03-13 14:30:05] local.INFO: Method: getPlayersOnline. Server: 2. Player: 76561199251293554(Romana_Banana #RBN). Prev online: 5148, Server Online: 643044, Online: 5267. Diff online: 119, All online: 1526988, Monday online: 883944, Thursday online: 0  
[2026-03-13 14:30:06] local.INFO: Method: getPlayersOnline. Server: 2. Player: 76561199247492498(RS | Aomi). Prev online: 398, Server Online: 61793, Online: 517. Diff online: 119, All online: 79616, Monday online: 17823, Thursday online: 0  
[2026-03-13 14:30:06] local.INFO: Method: getPlayersOnline. Server: 2. Player: 76561199812537987(Satoru). Prev online: 5320, Server Online: 458018, Online: 5439. Diff online: 119, All online: 910890, Monday online: 452872, Thursday online: 0  
[2026-03-13 14:30:06] local.INFO: Method: getPlayersOnline. Server: 2. Player: 76561199887355862(TimkaRT). Prev online: 2556, Server Online: 7172, Online: 2676. Diff online: 120, All online: 7172, Monday online: 0, Thursday online: 0  
[2026-03-13 14:30:06] local.INFO: Method: getPlayersOnline. Server: 2. Player: 76561198858639494(CL | Yamato). Prev online: 11695, Server Online: 12025, Online: 11815. Diff online: 120, All online: 23775, Monday online: 11750, Thursday online: 0  
[2026-03-13 14:30:06] local.INFO: Method: getPlayersOnline. Server: 2. Player: 76561198845624597(КОТЭЭЭЭ). Prev online: 4669, Server Online: 1006337, Online: 4788. Diff online: 119, All online: 2553176, Monday online: 1508563, Thursday online: 0  
[2026-03-13 14:30:07] local.INFO: Method: getPlayersOnline. Server: 2. Player: 76561199243426772(4554 #ggrust). Prev online: 2219, Server Online: 240, Online: 2339. Diff online: 120, All online: 12559, Monday online: 12319, Thursday online: 0  
[2026-03-13 14:30:07] local.INFO: Method: getPlayersOnline. Server: 2. Player: 76561199497410738(Ашот). Prev online: 3199, Server Online: 126998, Online: 3319. Diff online: 120, All online: 157238, Monday online: 30240, Thursday online: 0  
[2026-03-13 14:30:07] local.INFO: Method: getPlayersOnline. Server: 2. Player: 76561199246146537(【.VEX】| Violetess). Prev online: 6446, Server Online: 308260, Online: 6566. Diff online: 120, All online: 308260, Monday online: 0, Thursday online: 0  
[2026-03-13 14:30:07] local.INFO: Method: getPlayersOnline. Server: 2. Player: 76561199505080070(Pepega). Prev online: 5051, Server Online: 1575797, Online: 5171. Diff online: 120, All online: 2278475, Monday online: 451812, Thursday online: 0  
[2026-03-13 14:30:08] local.INFO: Method: getPlayersOnline. Server: 2. Player: 76561199250082883(rock). Prev online: 141, Server Online: 1409816, Online: 261. Diff online: 120, All online: 2881226, Monday online: 1265795, Thursday online: 0  
[2026-03-13 14:30:08] local.INFO: Method: getPlayersOnline. Server: 2. Player: 76561199258528453(bad-f1?). Prev online: 2676, Server Online: 653696, Online: 2795. Diff online: 119, All online: 841440, Monday online: 120062, Thursday online: 0  
[2026-03-13 14:30:08] local.INFO: Method: getPlayersOnline. Server: 2. Player: 76561198754436395(『Gaw』- D3). Prev online: 1386, Server Online: 61655, Online: 1506. Diff online: 120, All online: 142274, Monday online: 80619, Thursday online: 0  
[2026-03-13 14:30:08] local.INFO: Method: getPlayersOnline. Server: 2. Player: 76561199090783915(whxtebutterfly). Prev online: 9437, Server Online: 334756, Online: 75. Diff online: 120, All online: 507038, Monday online: 142705, Thursday online: 0  
[2026-03-13 14:30:09] local.INFO: Method: getPlayersOnline. Server: 3. Player: 76561199821262476(кава бухаетCS2BGD31.RU). Prev online: 1019, Server Online: 564888, Online: 1080. Diff online: 61, All online: 856437, Monday online: 564888, Thursday online: 0  
[2026-03-13 14:31:03] local.INFO: Method: getPlayersOnline. Start...  
[2026-03-13 14:31:03] local.INFO: Method: getPlayersOnline. Server: 2. Player: 76561199203821366(Xd). Prev online: 6525, Server Online: 468318, Online: 6585. Diff online: 60, All online: 908876, Monday online: 399228, Thursday online: 0  
[2026-03-13 14:31:04] local.INFO: Method: getPlayersOnline. Server: 2. Player: 76561199743727010(werdix #ultimaterust). Prev online: 3805, Server Online: 300, Online: 3865. Diff online: 60, All online: 59523, Monday online: 59223, Thursday online: 0  
[2026-03-13 14:31:04] local.INFO: Method: getPlayersOnline. Server: 2. Player: 76561198451931006(Tom). Prev online: 22717, Server Online: 2889568, Online: 22777. Diff online: 60, All online: 3985889, Monday online: 451948, Thursday online: 0  
[2026-03-13 14:31:04] local.INFO: Method: getPlayersOnline. Server: 2. Player: 76561199384774505(trouble. whyyoufall1ng?). Prev online: 6665, Server Online: 228884, Online: 6725. Diff online: 60, All online: 453542, Monday online: 131401, Thursday online: 0  
[2026-03-13 14:31:04] local.INFO: Method: getPlayersOnline. Server: 2. Player: 76561199091294625(lagaet na ffa). Prev online: 2411, Server Online: 840855, Online: 2471. Diff online: 60, All online: 1126598, Monday online: 164273, Thursday online: 0  
[2026-03-13 14:31:04] local.INFO: Method: getPlayersOnline. Server: 2. Player: 76561198332903750(FOG. | Окрошка)). Prev online: 20677, Server Online: 401988, Online: 20737. Diff online: 60, All online: 709756, Monday online: 307768, Thursday online: 0  
[2026-03-13 14:31:04] local.INFO: Method: getPlayersOnline. Server: 2. Player: 76561199120398108(★PEPSIK★). Prev online: 8713, Server Online: 62273, Online: 8773. Diff online: 60, All online: 93184, Monday online: 30911, Thursday online: 0  
[2026-03-13 14:31:04] local.INFO: Method: getPlayersOnline. Server: 2. Player: 76561199258134981(胖他媽的). Prev online: 1813, Server Online: 3494, Online: 1874. Diff online: 61, All online: 97624, Monday online: 94130, Thursday online: 0  
[2026-03-13 14:31:04] local.INFO: Method: getPlayersOnline. Server: 2. Player: 76561199756724747(Dums#VorpalSwords). Prev online: 2721, Server Online: 8285, Online: 2781. Diff online: 60, All online: 51743, Monday online: 43458, Thursday online: 0  
[2026-03-13 14:31:05] local.INFO: Method: getPlayersOnline. Server: 2. Player: 76561199189404944(furtonger). Prev online: 17623, Server Online: 91640, Online: 17683. Diff online: 60, All online: 185094, Monday online: 93454, Thursday online: 0  
[2026-03-13 14:31:05] local.INFO: Method: getPlayersOnline. Server: 2. Player: 76561199499329355(冬Tw1nkev冬). Prev online: 13138, Server Online: 112395, Online: 13198. Diff online: 60, All online: 149289, Monday online: 36894, Thursday online: 0  
[2026-03-13 14:31:05] local.INFO: Method: getPlayersOnline. Server: 2. Player: 76561198128833802(Cow pussy). Prev online: 12175, Server Online: 38058, Online: 12235. Diff online: 60, All online: 483824, Monday online: 273804, Thursday online: 0  
[2026-03-13 14:31:05] local.INFO: Method: getPlayersOnline. Server: 2. Player: 76561199197000922(утка). Prev online: 3212, Server Online: 301, Online: 3272. Diff online: 60, All online: 301, Monday online: 0, Thursday online: 0  
[2026-03-13 14:31:05] local.INFO: Method: getPlayersOnline. Server: 2. Player: 76561199704747517([OSB] фуфел шмерц). Prev online: 4214, Server Online: 764983, Online: 4274. Diff online: 60, All online: 1265360, Monday online: 500377, Thursday online: 0  
[2026-03-13 14:31:05] local.INFO: Method: getPlayersOnline. Server: 2. Player: 76561198977413624(гуль). Prev online: 1037, Server Online: 2075957, Online: 1097. Diff online: 60, All online: 2923767, Monday online: 831786, Thursday online: 0  
[2026-03-13 14:31:05] local.INFO: Method: getPlayersOnline. Server: 2. Player: 76561199251293554(Romana_Banana #RBN). Prev online: 5267, Server Online: 643105, Online: 5328. Diff online: 61, All online: 1527049, Monday online: 883944, Thursday online: 0  
[2026-03-13 14:31:06] local.INFO: Method: getPlayersOnline. Server: 2. Player: 76561199812537987(Satoru). Prev online: 5439, Server Online: 458079, Online: 5500. Diff online: 61, All online: 910951, Monday online: 452872, Thursday online: 0  
[2026-03-13 14:31:06] local.INFO: Method: getPlayersOnline. Server: 2. Player: 76561199887355862(TimkaRT). Prev online: 2676, Server Online: 7232, Online: 2736. Diff online: 60, All online: 7232, Monday online: 0, Thursday online: 0  
[2026-03-13 14:31:06] local.INFO: Method: getPlayersOnline. Server: 2. Player: 76561198858639494(CL | Yamato). Prev online: 11815, Server Online: 12085, Online: 11875. Diff online: 60, All online: 23835, Monday online: 11750, Thursday online: 0  
[2026-03-13 14:31:06] local.INFO: Method: getPlayersOnline. Server: 2. Player: 76561198845624597(КОТЭЭЭЭ). Prev online: 4788, Server Online: 1006398, Online: 4849. Diff online: 61, All online: 2553237, Monday online: 1508563, Thursday online: 0  
[2026-03-13 14:31:07] local.INFO: Method: getPlayersOnline. Server: 2. Player: 76561199243426772(4554 #ggrust). Prev online: 2339, Server Online: 300, Online: 2399. Diff online: 60, All online: 12619, Monday online: 12319, Thursday online: 0  
[2026-03-13 14:31:07] local.INFO: Method: getPlayersOnline. Server: 2. Player: 76561199497410738(Ашот). Prev online: 3319, Server Online: 127058, Online: 3379. Diff online: 60, All online: 157298, Monday online: 30240, Thursday online: 0  
[2026-03-13 14:31:07] local.INFO: Method: getPlayersOnline. Server: 2. Player: 76561199246146537(【.VEX】| Violetess). Prev online: 6566, Server Online: 308320, Online: 6626. Diff online: 60, All online: 308320, Monday online: 0, Thursday online: 0  
[2026-03-13 14:31:07] local.INFO: Method: getPlayersOnline. Server: 2. Player: 76561199505080070(Pepega). Prev online: 5171, Server Online: 1575857, Online: 5231. Diff online: 60, All online: 2278535, Monday online: 451812, Thursday online: 0  
[2026-03-13 14:31:08] local.INFO: Method: getPlayersOnline. Server: 2. Player: 76561199250082883(rock). Prev online: 261, Server Online: 1409876, Online: 321. Diff online: 60, All online: 2881286, Monday online: 1265795, Thursday online: 0  
[2026-03-13 14:31:08] local.INFO: Method: getPlayersOnline. Server: 2. Player: 76561199258528453(bad-f1?). Prev online: 2795, Server Online: 653757, Online: 2856. Diff online: 61, All online: 841501, Monday online: 120062, Thursday online: 0  
[2026-03-13 14:31:08] local.INFO: Method: getPlayersOnline. Server: 2. Player: 76561198754436395(『Gaw』- D3). Prev online: 1506, Server Online: 61715, Online: 1566. Diff online: 60, All online: 142334, Monday online: 80619, Thursday online: 0  
[2026-03-13 14:31:08] local.INFO: Method: getPlayersOnline. Server: 2. Player: 76561199090783915(whxtebutterfly). Prev online: 75, Server Online: 334816, Online: 135. Diff online: 60, All online: 507098, Monday online: 142705, Thursday online: 0  
[2026-03-13 14:31:09] local.INFO: Method: getPlayersOnline. Server: 3. Player: 76561199821262476(кава бухаетCS2BGD31.RU). Prev online: 1080, Server Online: 564948, Online: 1140. Diff online: 60, All online: 856497, Monday online: 564948, Thursday online: 0  
[2026-03-13 14:32:03] local.INFO: Method: getPlayersOnline. Start...  
[2026-03-13 14:32:04] local.INFO: Method: getPlayersOnline. Server: 2. Player: 76561199203821366(Xd). Prev online: 6585, Server Online: 468378, Online: 6645. Diff online: 60, All online: 908936, Monday online: 399228, Thursday online: 0  
[2026-03-13 14:32:04] local.INFO: Method: getPlayersOnline. Server: 2. Player: 76561199090783915(whxtebutterfly). Prev online: 135, Server Online: 334877, Online: 196. Diff online: 61, All online: 507159, Monday online: 142705, Thursday online: 0  
[2026-03-13 14:32:04] local.INFO: Method: getPlayersOnline. Server: 2. Player: 76561199743727010(werdix #ultimaterust). Prev online: 3865, Server Online: 360, Online: 3925. Diff online: 60, All online: 59583, Monday online: 59223, Thursday online: 0  
[2026-03-13 14:32:04] local.INFO: Method: getPlayersOnline. Server: 2. Player: 76561198451931006(Tom). Prev online: 22777, Server Online: 2889628, Online: 22837. Diff online: 60, All online: 3985949, Monday online: 451948, Thursday online: 0  
[2026-03-13 14:32:04] local.INFO: Method: getPlayersOnline. Server: 2. Player: 76561199384774505(trouble. whyyoufall1ng?). Prev online: 6725, Server Online: 228944, Online: 6785. Diff online: 60, All online: 453602, Monday online: 131401, Thursday online: 0  
[2026-03-13 14:32:04] local.INFO: Method: getPlayersOnline. Server: 2. Player: 76561199091294625(lagaet na ffa). Prev online: 2471, Server Online: 840915, Online: 2531. Diff online: 60, All online: 1126658, Monday online: 164273, Thursday online: 0  
[2026-03-13 14:32:05] local.INFO: Method: getPlayersOnline. Server: 2. Player: 76561198332903750(FOG. | Окрошка)). Prev online: 20737, Server Online: 402048, Online: 20797. Diff online: 60, All online: 709816, Monday online: 307768, Thursday online: 0  
[2026-03-13 14:32:05] local.INFO: Method: getPlayersOnline. Server: 2. Player: 76561199120398108(★PEPSIK★). Prev online: 8773, Server Online: 62334, Online: 8834. Diff online: 61, All online: 93245, Monday online: 30911, Thursday online: 0  
[2026-03-13 14:32:05] local.INFO: Method: getPlayersOnline. Server: 2. Player: 76561199258134981(胖他媽的). Prev online: 1874, Server Online: 3554, Online: 1934. Diff online: 60, All online: 97684, Monday online: 94130, Thursday online: 0  
[2026-03-13 14:32:05] local.INFO: Method: getPlayersOnline. Server: 2. Player: 76561199756724747(Dums#VorpalSwords). Prev online: 2781, Server Online: 8345, Online: 2841. Diff online: 60, All online: 51803, Monday online: 43458, Thursday online: 0  
[2026-03-13 14:32:05] local.INFO: Method: getPlayersOnline. Server: 2. Player: 76561199189404944(furtonger). Prev online: 17683, Server Online: 91700, Online: 17743. Diff online: 60, All online: 185154, Monday online: 93454, Thursday online: 0  
[2026-03-13 14:32:05] local.INFO: Method: getPlayersOnline. Server: 2. Player: 76561199499329355(冬Tw1nkev冬). Prev online: 13198, Server Online: 112455, Online: 13258. Diff online: 60, All online: 149349, Monday online: 36894, Thursday online: 0  
[2026-03-13 14:32:05] local.INFO: Method: getPlayersOnline. Server: 2. Player: 76561198128833802(Cow pussy). Prev online: 12235, Server Online: 38119, Online: 12296. Diff online: 61, All online: 483885, Monday online: 273804, Thursday online: 0  
[2026-03-13 14:32:05] local.INFO: Method: getPlayersOnline. Server: 2. Player: 76561199261706104(76561199261706104). Prev online: 18259, Server Online: 328695, Online: 84. Diff online: 61, All online: 2243022, Monday online: 714881, Thursday online: 0  
[2026-03-13 14:32:05] local.INFO: Method: getPlayersOnline. Server: 2. Player: 76561199197000922(утка). Prev online: 3272, Server Online: 361, Online: 3332. Diff online: 60, All online: 361, Monday online: 0, Thursday online: 0  
[2026-03-13 14:32:05] local.INFO: Method: getPlayersOnline. Server: 2. Player: 76561199704747517([OSB] фуфел шмерц). Prev online: 4274, Server Online: 765043, Online: 4334. Diff online: 60, All online: 1265420, Monday online: 500377, Thursday online: 0  
[2026-03-13 14:32:06] local.INFO: Method: getPlayersOnline. Server: 2. Player: 76561198977413624(гуль). Prev online: 1097, Server Online: 2076017, Online: 1157. Diff online: 60, All online: 2923827, Monday online: 831786, Thursday online: 0  
[2026-03-13 14:32:06] local.INFO: Method: getPlayersOnline. Server: 2. Player: 76561199251293554(Romana_Banana #RBN). Prev online: 5328, Server Online: 643165, Online: 5388. Diff online: 60, All online: 1527109, Monday online: 883944, Thursday online: 0  
[2026-03-13 14:32:06] local.INFO: Method: getPlayersOnline. Server: 2. Player: 76561199812537987(Satoru). Prev online: 5500, Server Online: 458139, Online: 5560. Diff online: 60, All online: 911011, Monday online: 452872, Thursday online: 0  
[2026-03-13 14:32:06] local.INFO: Method: getPlayersOnline. Server: 2. Player: 76561199887355862(TimkaRT). Prev online: 2736, Server Online: 7292, Online: 2796. Diff online: 60, All online: 7292, Monday online: 0, Thursday online: 0  
[2026-03-13 14:32:06] local.INFO: Method: getPlayersOnline. Server: 2. Player: 76561198858639494(CL | Yamato). Prev online: 11875, Server Online: 12145, Online: 11935. Diff online: 60, All online: 23895, Monday online: 11750, Thursday online: 0  
[2026-03-13 14:32:07] local.INFO: Method: getPlayersOnline. Server: 2. Player: 76561198845624597(КОТЭЭЭЭ). Prev online: 4849, Server Online: 1006458, Online: 4909. Diff online: 60, All online: 2553297, Monday online: 1508563, Thursday online: 0  
[2026-03-13 14:32:07] local.INFO: Method: getPlayersOnline. Server: 2. Player: 76561199243426772(4554 #ggrust). Prev online: 2399, Server Online: 360, Online: 2459. Diff online: 60, All online: 12679, Monday online: 12319, Thursday online: 0  
[2026-03-13 14:32:07] local.INFO: Method: getPlayersOnline. Server: 2. Player: 76561199497410738(Ашот). Prev online: 3379, Server Online: 127118, Online: 3439. Diff online: 60, All online: 157358, Monday online: 30240, Thursday online: 0  
[2026-03-13 14:32:07] local.INFO: Method: getPlayersOnline. Server: 2. Player: 76561199246146537(【.VEX】| Violetess). Prev online: 6626, Server Online: 308380, Online: 6686. Diff online: 60, All online: 308380, Monday online: 0, Thursday online: 0  
[2026-03-13 14:32:08] local.INFO: Method: getPlayersOnline. Server: 2. Player: 76561199505080070(Pepega). Prev online: 5231, Server Online: 1575917, Online: 5291. Diff online: 60, All online: 2278595, Monday online: 451812, Thursday online: 0  
[2026-03-13 14:32:08] local.INFO: Method: getPlayersOnline. Server: 2. Player: 76561199250082883(rock). Prev online: 321, Server Online: 1409936, Online: 381. Diff online: 60, All online: 2881346, Monday online: 1265795, Thursday online: 0  
[2026-03-13 14:32:08] local.INFO: Method: getPlayersOnline. Server: 2. Player: 76561199258528453(bad-f1?). Prev online: 2856, Server Online: 653817, Online: 2916. Diff online: 60, All online: 841561, Monday online: 120062, Thursday online: 0  
[2026-03-13 14:32:08] local.INFO: Method: getPlayersOnline. Server: 2. Player: 76561198754436395(『Gaw』- D3). Prev online: 1566, Server Online: 61775, Online: 1626. Diff online: 60, All online: 142394, Monday online: 80619, Thursday online: 0  
[2026-03-13 14:32:08] local.INFO: Method: getPlayersOnline. Server: 2. Player: 76561199727554631(писякака). Prev online: 2328, Server Online: 29981, Online: 96. Diff online: 60, All online: 29981, Monday online: 0, Thursday online: 0  
[2026-03-13 14:32:09] local.INFO: Method: getPlayersOnline. Server: 3. Player: 76561199821262476(кава бухаетCS2BGD31.RU). Prev online: 1140, Server Online: 565008, Online: 1200. Diff online: 60, All online: 856557, Monday online: 565008, Thursday online: 0  
[2026-03-13 14:33:03] local.INFO: Method: getPlayersOnline. Start...  
[2026-03-13 14:33:03] local.INFO: Method: getPlayersOnline. Server: 2. Player: 76561199203821366(Xd). Prev online: 6645, Server Online: 468438, Online: 6705. Diff online: 60, All online: 908996, Monday online: 399228, Thursday online: 0  
[2026-03-13 14:33:03] local.INFO: Method: getPlayersOnline. Server: 2. Player: 76561199090783915(whxtebutterfly). Prev online: 196, Server Online: 334936, Online: 255. Diff online: 59, All online: 507218, Monday online: 142705, Thursday online: 0  
[2026-03-13 14:33:04] local.INFO: Method: getPlayersOnline. Server: 2. Player: 76561199743727010(werdix #ultimaterust). Prev online: 3925, Server Online: 420, Online: 3985. Diff online: 60, All online: 59643, Monday online: 59223, Thursday online: 0  
[2026-03-13 14:33:04] local.INFO: Method: getPlayersOnline. Server: 2. Player: 76561198451931006(Tom). Prev online: 22837, Server Online: 2889688, Online: 22897. Diff online: 60, All online: 3986009, Monday online: 451948, Thursday online: 0  
[2026-03-13 14:33:04] local.INFO: Method: getPlayersOnline. Server: 2. Player: 76561199384774505(trouble. whyyoufall1ng?). Prev online: 6785, Server Online: 229004, Online: 6845. Diff online: 60, All online: 453662, Monday online: 131401, Thursday online: 0  
[2026-03-13 14:33:04] local.INFO: Method: getPlayersOnline. Server: 2. Player: 76561199091294625(lagaet na ffa). Prev online: 2531, Server Online: 840975, Online: 2591. Diff online: 60, All online: 1126718, Monday online: 164273, Thursday online: 0  
[2026-03-13 14:33:04] local.INFO: Method: getPlayersOnline. Server: 2. Player: 76561198332903750(FOG. | Окрошка)). Prev online: 20797, Server Online: 402108, Online: 20857. Diff online: 60, All online: 709876, Monday online: 307768, Thursday online: 0  
[2026-03-13 14:33:04] local.INFO: Method: getPlayersOnline. Server: 2. Player: 76561199120398108(★PEPSIK★). Prev online: 8834, Server Online: 62393, Online: 8893. Diff online: 59, All online: 93304, Monday online: 30911, Thursday online: 0  
[2026-03-13 14:33:04] local.INFO: Method: getPlayersOnline. Server: 2. Player: 76561199258134981(胖他媽的). Prev online: 1934, Server Online: 3614, Online: 1994. Diff online: 60, All online: 97744, Monday online: 94130, Thursday online: 0  
[2026-03-13 14:33:04] local.INFO: Method: getPlayersOnline. Server: 2. Player: 76561199756724747(Dums#VorpalSwords). Prev online: 2841, Server Online: 8405, Online: 2901. Diff online: 60, All online: 51863, Monday online: 43458, Thursday online: 0  
[2026-03-13 14:33:05] local.INFO: Method: getPlayersOnline. Server: 2. Player: 76561199189404944(furtonger). Prev online: 17743, Server Online: 91760, Online: 17803. Diff online: 60, All online: 185214, Monday online: 93454, Thursday online: 0  
[2026-03-13 14:33:05] local.INFO: Method: getPlayersOnline. Server: 2. Player: 76561199499329355(冬Tw1nkev冬). Prev online: 13258, Server Online: 112515, Online: 13318. Diff online: 60, All online: 149409, Monday online: 36894, Thursday online: 0  
[2026-03-13 14:33:05] local.INFO: Method: getPlayersOnline. Server: 2. Player: 76561198128833802(Cow pussy). Prev online: 12296, Server Online: 38178, Online: 12355. Diff online: 59, All online: 483944, Monday online: 273804, Thursday online: 0  
[2026-03-13 14:33:05] local.INFO: Method: getPlayersOnline. Server: 2. Player: 76561199261706104(76561199261706104). Prev online: 84, Server Online: 328755, Online: 144. Diff online: 60, All online: 2243082, Monday online: 714881, Thursday online: 0  
[2026-03-13 14:33:05] local.INFO: Method: getPlayersOnline. Server: 2. Player: 76561199197000922(утка). Prev online: 3332, Server Online: 421, Online: 3392. Diff online: 60, All online: 421, Monday online: 0, Thursday online: 0  
[2026-03-13 14:33:05] local.INFO: Method: getPlayersOnline. Server: 2. Player: 76561199704747517([OSB] фуфел шмерц). Prev online: 4334, Server Online: 765103, Online: 4394. Diff online: 60, All online: 1265480, Monday online: 500377, Thursday online: 0  
[2026-03-13 14:33:05] local.INFO: Method: getPlayersOnline. Server: 2. Player: 76561198977413624(гуль). Prev online: 1157, Server Online: 2076077, Online: 1217. Diff online: 60, All online: 2923887, Monday online: 831786, Thursday online: 0  
[2026-03-13 14:33:05] local.INFO: Method: getPlayersOnline. Server: 2. Player: 76561198744795404(Аркадий). Prev online: 913, Server Online: 38163, Online: 84. Diff online: 60, All online: 38163, Monday online: 0, Thursday online: 0  
[2026-03-13 14:33:05] local.INFO: Method: getPlayersOnline. Server: 2. Player: 76561199251293554(Romana_Banana #RBN). Prev online: 5388, Server Online: 643224, Online: 5447. Diff online: 59, All online: 1527168, Monday online: 883944, Thursday online: 0  
[2026-03-13 14:33:06] local.INFO: Method: getPlayersOnline. Server: 2. Player: 76561199812537987(Satoru). Prev online: 5560, Server Online: 458198, Online: 5619. Diff online: 59, All online: 911070, Monday online: 452872, Thursday online: 0  
[2026-03-13 14:33:06] local.INFO: Method: getPlayersOnline. Server: 2. Player: 76561199887355862(TimkaRT). Prev online: 2796, Server Online: 7352, Online: 2856. Diff online: 60, All online: 7352, Monday online: 0, Thursday online: 0  
[2026-03-13 14:33:06] local.INFO: Method: getPlayersOnline. Server: 2. Player: 76561198858639494(CL | Yamato). Prev online: 11935, Server Online: 12205, Online: 11995. Diff online: 60, All online: 23955, Monday online: 11750, Thursday online: 0  
[2026-03-13 14:33:07] local.INFO: Method: getPlayersOnline. Server: 2. Player: 76561198845624597(КОТЭЭЭЭ). Prev online: 4909, Server Online: 1006517, Online: 4968. Diff online: 59, All online: 2553356, Monday online: 1508563, Thursday online: 0  
[2026-03-13 14:33:07] local.INFO: Method: getPlayersOnline. Server: 2. Player: 76561199243426772(4554 #ggrust). Prev online: 2459, Server Online: 420, Online: 2519. Diff online: 60, All online: 12739, Monday online: 12319, Thursday online: 0  
[2026-03-13 14:33:07] local.INFO: Method: getPlayersOnline. Server: 2. Player: 76561199497410738(Ашот). Prev online: 3439, Server Online: 127178, Online: 3499. Diff online: 60, All online: 157418, Monday online: 30240, Thursday online: 0  
[2026-03-13 14:33:07] local.INFO: Method: getPlayersOnline. Server: 2. Player: 76561199246146537(【.VEX】| Violetess). Prev online: 6686, Server Online: 308440, Online: 6746. Diff online: 60, All online: 308440, Monday online: 0, Thursday online: 0  
[2026-03-13 14:33:07] local.INFO: Method: getPlayersOnline. Server: 2. Player: 76561199505080070(Pepega). Prev online: 5291, Server Online: 1575977, Online: 5351. Diff online: 60, All online: 2278655, Monday online: 451812, Thursday online: 0  
[2026-03-13 14:33:08] local.INFO: Method: getPlayersOnline. Server: 2. Player: 76561199250082883(rock). Prev online: 381, Server Online: 1409996, Online: 441. Diff online: 60, All online: 2881406, Monday online: 1265795, Thursday online: 0  
[2026-03-13 14:33:08] local.INFO: Method: getPlayersOnline. Server: 2. Player: 76561199258528453(bad-f1?). Prev online: 2916, Server Online: 653877, Online: 2976. Diff online: 60, All online: 841621, Monday online: 120062, Thursday online: 0  
[2026-03-13 14:33:08] local.INFO: Method: getPlayersOnline. Server: 2. Player: 76561198754436395(『Gaw』- D3). Prev online: 1626, Server Online: 61835, Online: 1686. Diff online: 60, All online: 142454, Monday online: 80619, Thursday online: 0  
[2026-03-13 14:33:08] local.INFO: Method: getPlayersOnline. Server: 2. Player: 76561199727554631(писякака). Prev online: 96, Server Online: 30040, Online: 155. Diff online: 59, All online: 30040, Monday online: 0, Thursday online: 0  
[2026-03-13 14:33:09] local.INFO: Method: getPlayersOnline. Server: 3. Player: 76561199821262476(кава бухаетCS2BGD31.RU). Prev online: 1200, Server Online: 565068, Online: 1260. Diff online: 60, All online: 856617, Monday online: 565068, Thursday online: 0  
[2026-03-13 14:34:03] local.INFO: Method: getPlayersOnline. Start...  
[2026-03-13 14:34:03] local.INFO: Method: getPlayersOnline. Server: 2. Player: 76561199203821366(Xd). Prev online: 6705, Server Online: 468498, Online: 6765. Diff online: 60, All online: 909056, Monday online: 399228, Thursday online: 0  
[2026-03-13 14:34:03] local.INFO: Method: getPlayersOnline. Server: 2. Player: 76561199090783915(whxtebutterfly). Prev online: 255, Server Online: 334996, Online: 315. Diff online: 60, All online: 507278, Monday online: 142705, Thursday online: 0  
[2026-03-13 14:34:04] local.INFO: Method: getPlayersOnline. Server: 2. Player: 76561199743727010(werdix #ultimaterust). Prev online: 3985, Server Online: 480, Online: 4045. Diff online: 60, All online: 59703, Monday online: 59223, Thursday online: 0  
[2026-03-13 14:34:04] local.INFO: Method: getPlayersOnline. Server: 2. Player: 76561198451931006(Tom). Prev online: 22897, Server Online: 2889748, Online: 22957. Diff online: 60, All online: 3986069, Monday online: 451948, Thursday online: 0  
[2026-03-13 14:34:04] local.INFO: Method: getPlayersOnline. Server: 2. Player: 76561199384774505(trouble. whyyoufall1ng?). Prev online: 6845, Server Online: 229064, Online: 6905. Diff online: 60, All online: 453722, Monday online: 131401, Thursday online: 0  
[2026-03-13 14:34:04] local.INFO: Method: getPlayersOnline. Server: 2. Player: 76561199091294625(lagaet na ffa). Prev online: 2591, Server Online: 841035, Online: 2651. Diff online: 60, All online: 1126778, Monday online: 164273, Thursday online: 0  
[2026-03-13 14:34:04] local.INFO: Method: getPlayersOnline. Server: 2. Player: 76561198332903750(FOG. | Окрошка)). Prev online: 20857, Server Online: 402168, Online: 20917. Diff online: 60, All online: 709936, Monday online: 307768, Thursday online: 0  
[2026-03-13 14:34:04] local.INFO: Method: getPlayersOnline. Server: 2. Player: 76561199120398108(★PEPSIK★). Prev online: 8893, Server Online: 62453, Online: 8953. Diff online: 60, All online: 93364, Monday online: 30911, Thursday online: 0  
[2026-03-13 14:34:04] local.INFO: Method: getPlayersOnline. Server: 2. Player: 76561199258134981(胖他媽的). Prev online: 1994, Server Online: 3674, Online: 2054. Diff online: 60, All online: 97804, Monday online: 94130, Thursday online: 0  
[2026-03-13 14:34:05] local.INFO: Method: getPlayersOnline. Server: 2. Player: 76561199756724747(Dums#VorpalSwords). Prev online: 2901, Server Online: 8465, Online: 2961. Diff online: 60, All online: 51923, Monday online: 43458, Thursday online: 0  
[2026-03-13 14:34:05] local.INFO: Method: getPlayersOnline. Server: 2. Player: 76561199189404944(furtonger). Prev online: 17803, Server Online: 91820, Online: 17863. Diff online: 60, All online: 185274, Monday online: 93454, Thursday online: 0  
[2026-03-13 14:34:05] local.INFO: Method: getPlayersOnline. Server: 2. Player: 76561199499329355(冬Tw1nkev冬). Prev online: 13318, Server Online: 112575, Online: 13378. Diff online: 60, All online: 149469, Monday online: 36894, Thursday online: 0  
[2026-03-13 14:34:05] local.INFO: Method: getPlayersOnline. Server: 2. Player: 76561198128833802(Cow pussy). Prev online: 12355, Server Online: 38238, Online: 12415. Diff online: 60, All online: 484004, Monday online: 273804, Thursday online: 0  
[2026-03-13 14:34:05] local.INFO: Method: getPlayersOnline. Server: 2. Player: 76561199261706104(76561199261706104). Prev online: 144, Server Online: 328815, Online: 204. Diff online: 60, All online: 2243142, Monday online: 714881, Thursday online: 0  
[2026-03-13 14:34:05] local.INFO: Method: getPlayersOnline. Server: 2. Player: 76561199197000922(утка). Prev online: 3392, Server Online: 481, Online: 3452. Diff online: 60, All online: 481, Monday online: 0, Thursday online: 0  
[2026-03-13 14:34:05] local.INFO: Method: getPlayersOnline. Server: 2. Player: 76561199704747517([OSB] фуфел шмерц). Prev online: 4394, Server Online: 765163, Online: 4454. Diff online: 60, All online: 1265540, Monday online: 500377, Thursday online: 0  
[2026-03-13 14:34:05] local.INFO: Method: getPlayersOnline. Server: 2. Player: 76561198977413624(гуль). Prev online: 1217, Server Online: 2076137, Online: 1277. Diff online: 60, All online: 2923947, Monday online: 831786, Thursday online: 0  
[2026-03-13 14:34:05] local.INFO: Method: getPlayersOnline. Server: 2. Player: 76561198744795404(Аркадий). Prev online: 84, Server Online: 38223, Online: 144. Diff online: 60, All online: 38223, Monday online: 0, Thursday online: 0  
[2026-03-13 14:34:05] local.INFO: Method: getPlayersOnline. Server: 2. Player: 76561199251293554(Romana_Banana #RBN). Prev online: 5447, Server Online: 643284, Online: 5507. Diff online: 60, All online: 1527228, Monday online: 883944, Thursday online: 0  
[2026-03-13 14:34:06] local.INFO: Method: getPlayersOnline. Server: 2. Player: 76561199812537987(Satoru). Prev online: 5619, Server Online: 458258, Online: 5679. Diff online: 60, All online: 911130, Monday online: 452872, Thursday online: 0  
[2026-03-13 14:34:06] local.INFO: Method: getPlayersOnline. Server: 2. Player: 76561199887355862(TimkaRT). Prev online: 2856, Server Online: 7412, Online: 2916. Diff online: 60, All online: 7412, Monday online: 0, Thursday online: 0  
[2026-03-13 14:34:06] local.INFO: Method: getPlayersOnline. Server: 2. Player: 76561198858639494(CL | Yamato). Prev online: 11995, Server Online: 12265, Online: 12055. Diff online: 60, All online: 24015, Monday online: 11750, Thursday online: 0  
[2026-03-13 14:34:07] local.INFO: Method: getPlayersOnline. Server: 2. Player: 76561198845624597(КОТЭЭЭЭ). Prev online: 4968, Server Online: 1006577, Online: 5028. Diff online: 60, All online: 2553416, Monday online: 1508563, Thursday online: 0  
[2026-03-13 14:34:07] local.INFO: Method: getPlayersOnline. Server: 2. Player: 76561199243426772(4554 #ggrust). Prev online: 2519, Server Online: 480, Online: 2579. Diff online: 60, All online: 12799, Monday online: 12319, Thursday online: 0  
[2026-03-13 14:34:07] local.INFO: Method: getPlayersOnline. Server: 2. Player: 76561199497410738(Ашот). Prev online: 3499, Server Online: 127238, Online: 3559. Diff online: 60, All online: 157478, Monday online: 30240, Thursday online: 0  
[2026-03-13 14:34:07] local.INFO: Method: getPlayersOnline. Server: 2. Player: 76561199217271678(god OK!). Prev online: 2246, Server Online: 772700, Online: 120. Diff online: 60, All online: 772700, Monday online: 0, Thursday online: 0  
[2026-03-13 14:34:07] local.INFO: Method: getPlayersOnline. Server: 2. Player: 76561199505080070(Pepega). Prev online: 5351, Server Online: 1576037, Online: 5411. Diff online: 60, All online: 2278715, Monday online: 451812, Thursday online: 0  
[2026-03-13 14:34:08] local.INFO: Method: getPlayersOnline. Server: 2. Player: 76561199250082883(rock). Prev online: 441, Server Online: 1410056, Online: 501. Diff online: 60, All online: 2881466, Monday online: 1265795, Thursday online: 0  
[2026-03-13 14:34:08] local.INFO: Method: getPlayersOnline. Server: 2. Player: 76561199258528453(bad-f1?). Prev online: 2976, Server Online: 653937, Online: 3036. Diff online: 60, All online: 841681, Monday online: 120062, Thursday online: 0  
[2026-03-13 14:34:09] local.INFO: Method: getPlayersOnline. Server: 2. Player: 76561198754436395(『Gaw』- D3). Prev online: 1686, Server Online: 61895, Online: 1746. Diff online: 60, All online: 142514, Monday online: 80619, Thursday online: 0  
[2026-03-13 14:34:09] local.INFO: Method: getPlayersOnline. Server: 2. Player: 76561199727554631(писякака). Prev online: 155, Server Online: 30100, Online: 215. Diff online: 60, All online: 30100, Monday online: 0, Thursday online: 0  
[2026-03-13 14:34:09] local.INFO: Method: getPlayersOnline. Server: 3. Player: 76561199821262476(кава бухаетCS2BGD31.RU). Prev online: 1260, Server Online: 565128, Online: 1320. Diff online: 60, All online: 856677, Monday online: 565128, Thursday online: 0  
[2026-03-13 14:35:03] local.INFO: Method: getPlayersOnline. Start...  
[2026-03-13 14:35:03] local.INFO: Method: getPlayersOnline. Server: 2. Player: 76561199203821366(Xd). Prev online: 6765, Server Online: 468558, Online: 6825. Diff online: 60, All online: 909116, Monday online: 399228, Thursday online: 0  
[2026-03-13 14:35:03] local.INFO: Method: getPlayersOnline. Server: 2. Player: 76561199090783915(whxtebutterfly). Prev online: 315, Server Online: 335056, Online: 375. Diff online: 60, All online: 507338, Monday online: 142705, Thursday online: 0  
[2026-03-13 14:35:04] local.INFO: Method: getPlayersOnline. Server: 2. Player: 76561199743727010(werdix #ultimaterust). Prev online: 4045, Server Online: 540, Online: 4105. Diff online: 60, All online: 59763, Monday online: 59223, Thursday online: 0  
[2026-03-13 14:35:04] local.INFO: Method: getPlayersOnline. Server: 2. Player: 76561198451931006(Tom). Prev online: 22957, Server Online: 2889808, Online: 23017. Diff online: 60, All online: 3986129, Monday online: 451948, Thursday online: 0  
[2026-03-13 14:35:04] local.INFO: Method: getPlayersOnline. Server: 2. Player: 76561199384774505(trouble. whyyoufall1ng?). Prev online: 6905, Server Online: 229124, Online: 6965. Diff online: 60, All online: 453782, Monday online: 131401, Thursday online: 0  
[2026-03-13 14:35:04] local.INFO: Method: getPlayersOnline. Server: 2. Player: 76561199091294625(lagaet na ffa). Prev online: 2651, Server Online: 841095, Online: 2711. Diff online: 60, All online: 1126838, Monday online: 164273, Thursday online: 0  
[2026-03-13 14:35:04] local.INFO: Method: getPlayersOnline. Server: 2. Player: 76561198332903750(FOG. | Окрошка)). Prev online: 20917, Server Online: 402228, Online: 20977. Diff online: 60, All online: 709996, Monday online: 307768, Thursday online: 0  
[2026-03-13 14:35:04] local.INFO: Method: getPlayersOnline. Server: 2. Player: 76561199120398108(★PEPSIK★). Prev online: 8953, Server Online: 62513, Online: 9013. Diff online: 60, All online: 93424, Monday online: 30911, Thursday online: 0  
[2026-03-13 14:35:04] local.INFO: Method: getPlayersOnline. Server: 2. Player: 76561199258134981(胖他媽的). Prev online: 2054, Server Online: 3734, Online: 2114. Diff online: 60, All online: 97864, Monday online: 94130, Thursday online: 0  
[2026-03-13 14:35:04] local.INFO: Method: getPlayersOnline. Server: 2. Player: 76561199756724747(Dums#VorpalSwords). Prev online: 2961, Server Online: 8525, Online: 3021. Diff online: 60, All online: 51983, Monday online: 43458, Thursday online: 0  
[2026-03-13 14:35:04] local.INFO: Method: getPlayersOnline. Server: 2. Player: 76561199189404944(furtonger). Prev online: 17863, Server Online: 91880, Online: 17923. Diff online: 60, All online: 185334, Monday online: 93454, Thursday online: 0  
[2026-03-13 14:35:05] local.INFO: Method: getPlayersOnline. Server: 2. Player: 76561199499329355(冬Tw1nkev冬). Prev online: 13378, Server Online: 112635, Online: 13438. Diff online: 60, All online: 149529, Monday online: 36894, Thursday online: 0  
[2026-03-13 14:35:05] local.INFO: Method: getPlayersOnline. Server: 2. Player: 76561198128833802(Cow pussy). Prev online: 12415, Server Online: 38298, Online: 12475. Diff online: 60, All online: 484064, Monday online: 273804, Thursday online: 0  
[2026-03-13 14:35:05] local.INFO: Method: getPlayersOnline. Server: 2. Player: 76561199261706104(76561199261706104). Prev online: 204, Server Online: 328875, Online: 264. Diff online: 60, All online: 2243202, Monday online: 714881, Thursday online: 0  
[2026-03-13 14:35:05] local.INFO: Method: getPlayersOnline. Server: 2. Player: 76561199197000922(утка). Prev online: 3452, Server Online: 541, Online: 3512. Diff online: 60, All online: 541, Monday online: 0, Thursday online: 0  
[2026-03-13 14:35:05] local.INFO: Method: getPlayersOnline. Server: 2. Player: 76561199704747517([OSB] фуфел шмерц). Prev online: 4454, Server Online: 765223, Online: 4514. Diff online: 60, All online: 1265600, Monday online: 500377, Thursday online: 0  
[2026-03-13 14:35:05] local.INFO: Method: getPlayersOnline. Server: 2. Player: 76561198977413624(гуль). Prev online: 1277, Server Online: 2076197, Online: 1337. Diff online: 60, All online: 2924007, Monday online: 831786, Thursday online: 0  
[2026-03-13 14:35:05] local.INFO: Method: getPlayersOnline. Server: 2. Player: 76561198744795404(Аркадий). Prev online: 144, Server Online: 38283, Online: 204. Diff online: 60, All online: 38283, Monday online: 0, Thursday online: 0  
[2026-03-13 14:35:05] local.INFO: Method: getPlayersOnline. Server: 2. Player: 76561199251293554(Romana_Banana #RBN). Prev online: 5507, Server Online: 643344, Online: 5567. Diff online: 60, All online: 1527288, Monday online: 883944, Thursday online: 0  
[2026-03-13 14:35:06] local.INFO: Method: getPlayersOnline. Server: 2. Player: 76561199812537987(Satoru). Prev online: 5679, Server Online: 458319, Online: 5740. Diff online: 61, All online: 911191, Monday online: 452872, Thursday online: 0  
[2026-03-13 14:35:06] local.INFO: Method: getPlayersOnline. Server: 2. Player: 76561199887355862(TimkaRT). Prev online: 2916, Server Online: 7472, Online: 2976. Diff online: 60, All online: 7472, Monday online: 0, Thursday online: 0  
[2026-03-13 14:35:06] local.INFO: Method: getPlayersOnline. Server: 2. Player: 76561198858639494(CL | Yamato). Prev online: 12055, Server Online: 12325, Online: 12115. Diff online: 60, All online: 24075, Monday online: 11750, Thursday online: 0  
[2026-03-13 14:35:06] local.INFO: Method: getPlayersOnline. Server: 2. Player: 76561198845624597(КОТЭЭЭЭ). Prev online: 5028, Server Online: 1006637, Online: 5088. Diff online: 60, All online: 2553476, Monday online: 1508563, Thursday online: 0  
[2026-03-13 14:35:06] local.INFO: Method: getPlayersOnline. Server: 2. Player: 76561199243426772(4554 #ggrust). Prev online: 2579, Server Online: 540, Online: 2639. Diff online: 60, All online: 12859, Monday online: 12319, Thursday online: 0  
[2026-03-13 14:35:07] local.INFO: Method: getPlayersOnline. Server: 2. Player: 76561199497410738(Ашот). Prev online: 3559, Server Online: 127298, Online: 3619. Diff online: 60, All online: 157538, Monday online: 30240, Thursday online: 0  
[2026-03-13 14:35:07] local.INFO: Method: getPlayersOnline. Server: 2. Player: 76561199217271678(god OK!). Prev online: 120, Server Online: 772760, Online: 180. Diff online: 60, All online: 772760, Monday online: 0, Thursday online: 0  
[2026-03-13 14:35:07] local.INFO: Method: getPlayersOnline. Server: 2. Player: 76561199505080070(Pepega). Prev online: 5411, Server Online: 1576097, Online: 5471. Diff online: 60, All online: 2278775, Monday online: 451812, Thursday online: 0  
[2026-03-13 14:35:08] local.INFO: Method: getPlayersOnline. Server: 2. Player: 76561199250082883(rock). Prev online: 501, Server Online: 1410116, Online: 561. Diff online: 60, All online: 2881526, Monday online: 1265795, Thursday online: 0  
[2026-03-13 14:35:08] local.INFO: Method: getPlayersOnline. Server: 2. Player: 76561199258528453(bad-f1?). Prev online: 3036, Server Online: 653997, Online: 3096. Diff online: 60, All online: 841741, Monday online: 120062, Thursday online: 0  
[2026-03-13 14:35:08] local.INFO: Method: getPlayersOnline. Server: 2. Player: 76561198754436395(『Gaw』- D3). Prev online: 1746, Server Online: 61955, Online: 1806. Diff online: 60, All online: 142574, Monday online: 80619, Thursday online: 0  
[2026-03-13 14:35:08] local.INFO: Method: getPlayersOnline. Server: 2. Player: 76561199727554631(писякака). Prev online: 215, Server Online: 30160, Online: 275. Diff online: 60, All online: 30160, Monday online: 0, Thursday online: 0  
[2026-03-13 14:35:08] local.INFO: Method: getPlayersOnline. Server: 2. Player: 76561199144698786(AmyRose). Prev online: 13091, Server Online: 16927, Online: 116. Diff online: 60, All online: 22335, Monday online: 5408, Thursday online: 0  
[2026-03-13 14:35:08] local.INFO: Method: getPlayersOnline. Server: 3. Player: 76561199821262476(кава бухаетCS2BGD31.RU). Prev online: 1320, Server Online: 565188, Online: 1380. Diff online: 60, All online: 856737, Monday online: 565188, Thursday online: 0  
[2026-03-13 14:36:03] local.INFO: Method: getPlayersOnline. Start...  
[2026-03-13 14:36:03] local.INFO: Method: getPlayersOnline. Server: 2. Player: 76561199203821366(Xd). Prev online: 6825, Server Online: 468618, Online: 6885. Diff online: 60, All online: 909176, Monday online: 399228, Thursday online: 0  
[2026-03-13 14:36:03] local.INFO: Method: getPlayersOnline. Server: 2. Player: 76561199090783915(whxtebutterfly). Prev online: 375, Server Online: 335116, Online: 435. Diff online: 60, All online: 507398, Monday online: 142705, Thursday online: 0  
[2026-03-13 14:36:03] local.INFO: Method: getPlayersOnline. Server: 2. Player: 76561199743727010(werdix #ultimaterust). Prev online: 4105, Server Online: 600, Online: 4165. Diff online: 60, All online: 59823, Monday online: 59223, Thursday online: 0  
[2026-03-13 14:36:04] local.INFO: Method: getPlayersOnline. Server: 2. Player: 76561198451931006(Tom). Prev online: 23017, Server Online: 2889868, Online: 23077. Diff online: 60, All online: 3986189, Monday online: 451948, Thursday online: 0  
[2026-03-13 14:36:04] local.INFO: Method: getPlayersOnline. Server: 2. Player: 76561199384774505(trouble. whyyoufall1ng?). Prev online: 6965, Server Online: 229184, Online: 7025. Diff online: 60, All online: 453842, Monday online: 131401, Thursday online: 0  
[2026-03-13 14:36:04] local.INFO: Method: getPlayersOnline. Server: 2. Player: 76561199091294625(lagaet na ffa). Prev online: 2711, Server Online: 841155, Online: 2771. Diff online: 60, All online: 1126898, Monday online: 164273, Thursday online: 0  
[2026-03-13 14:36:04] local.INFO: Method: getPlayersOnline. Server: 2. Player: 76561198332903750(FOG. | Окрошка)). Prev online: 20977, Server Online: 402288, Online: 21037. Diff online: 60, All online: 710056, Monday online: 307768, Thursday online: 0  
[2026-03-13 14:36:04] local.INFO: Method: getPlayersOnline. Server: 2. Player: 76561199120398108(★PEPSIK★). Prev online: 9013, Server Online: 62573, Online: 9073. Diff online: 60, All online: 93484, Monday online: 30911, Thursday online: 0  
[2026-03-13 14:36:04] local.INFO: Method: getPlayersOnline. Server: 2. Player: 76561199258134981(胖他媽的). Prev online: 2114, Server Online: 3794, Online: 2174. Diff online: 60, All online: 97924, Monday online: 94130, Thursday online: 0  
[2026-03-13 14:36:04] local.INFO: Method: getPlayersOnline. Server: 2. Player: 76561199756724747(Dums#VorpalSwords). Prev online: 3021, Server Online: 8585, Online: 3081. Diff online: 60, All online: 52043, Monday online: 43458, Thursday online: 0  
[2026-03-13 14:36:04] local.INFO: Method: getPlayersOnline. Server: 2. Player: 76561199189404944(furtonger). Prev online: 17923, Server Online: 91940, Online: 17983. Diff online: 60, All online: 185394, Monday online: 93454, Thursday online: 0  
[2026-03-13 14:36:05] local.INFO: Method: getPlayersOnline. Server: 2. Player: 76561199499329355(冬Tw1nkev冬). Prev online: 13438, Server Online: 112695, Online: 13498. Diff online: 60, All online: 149589, Monday online: 36894, Thursday online: 0  
[2026-03-13 14:36:05] local.INFO: Method: getPlayersOnline. Server: 2. Player: 76561198128833802(Cow pussy). Prev online: 12475, Server Online: 38358, Online: 12535. Diff online: 60, All online: 484124, Monday online: 273804, Thursday online: 0  
[2026-03-13 14:36:05] local.INFO: Method: getPlayersOnline. Server: 2. Player: 76561199261706104(76561199261706104). Prev online: 264, Server Online: 328935, Online: 324. Diff online: 60, All online: 2243262, Monday online: 714881, Thursday online: 0  
[2026-03-13 14:36:05] local.INFO: Method: getPlayersOnline. Server: 2. Player: 76561199197000922(утка). Prev online: 3512, Server Online: 601, Online: 3572. Diff online: 60, All online: 601, Monday online: 0, Thursday online: 0  
[2026-03-13 14:36:05] local.INFO: Method: getPlayersOnline. Server: 2. Player: 76561199704747517([OSB] фуфел шмерц). Prev online: 4514, Server Online: 765283, Online: 4574. Diff online: 60, All online: 1265660, Monday online: 500377, Thursday online: 0  
[2026-03-13 14:36:05] local.INFO: Method: getPlayersOnline. Server: 2. Player: 76561198977413624(гуль). Prev online: 1337, Server Online: 2076257, Online: 1397. Diff online: 60, All online: 2924067, Monday online: 831786, Thursday online: 0  
[2026-03-13 14:36:05] local.INFO: Method: getPlayersOnline. Server: 2. Player: 76561198744795404(Аркадий). Prev online: 204, Server Online: 38343, Online: 264. Diff online: 60, All online: 38343, Monday online: 0, Thursday online: 0  
[2026-03-13 14:36:05] local.INFO: Method: getPlayersOnline. Server: 2. Player: 76561199251293554(Romana_Banana #RBN). Prev online: 5567, Server Online: 643404, Online: 5627. Diff online: 60, All online: 1527348, Monday online: 883944, Thursday online: 0  
[2026-03-13 14:36:06] local.INFO: Method: getPlayersOnline. Server: 2. Player: 76561199812537987(Satoru). Prev online: 5740, Server Online: 458378, Online: 5799. Diff online: 59, All online: 911250, Monday online: 452872, Thursday online: 0  
[2026-03-13 14:36:06] local.INFO: Method: getPlayersOnline. Server: 2. Player: 76561199887355862(TimkaRT). Prev online: 2976, Server Online: 7532, Online: 3036. Diff online: 60, All online: 7532, Monday online: 0, Thursday online: 0  
[2026-03-13 14:36:06] local.INFO: Method: getPlayersOnline. Server: 2. Player: 76561198858639494(CL | Yamato). Prev online: 12115, Server Online: 12385, Online: 12175. Diff online: 60, All online: 24135, Monday online: 11750, Thursday online: 0  
[2026-03-13 14:36:07] local.INFO: Method: getPlayersOnline. Server: 2. Player: 76561198845624597(КОТЭЭЭЭ). Prev online: 5088, Server Online: 1006697, Online: 5148. Diff online: 60, All online: 2553536, Monday online: 1508563, Thursday online: 0  
[2026-03-13 14:36:07] local.INFO: Method: getPlayersOnline. Server: 2. Player: 76561199243426772(4554 #ggrust). Prev online: 2639, Server Online: 600, Online: 2699. Diff online: 60, All online: 12919, Monday online: 12319, Thursday online: 0  
[2026-03-13 14:36:07] local.INFO: Method: getPlayersOnline. Server: 2. Player: 76561199497410738(Ашот). Prev online: 3619, Server Online: 127358, Online: 3679. Diff online: 60, All online: 157598, Monday online: 30240, Thursday online: 0  
[2026-03-13 14:36:07] local.INFO: Method: getPlayersOnline. Server: 2. Player: 76561199217271678(god OK!). Prev online: 180, Server Online: 772820, Online: 240. Diff online: 60, All online: 772820, Monday online: 0, Thursday online: 0  
[2026-03-13 14:36:08] local.INFO: Method: getPlayersOnline. Server: 2. Player: 76561199505080070(Pepega). Prev online: 5471, Server Online: 1576157, Online: 5531. Diff online: 60, All online: 2278835, Monday online: 451812, Thursday online: 0  
[2026-03-13 14:36:08] local.INFO: Method: getPlayersOnline. Server: 2. Player: 76561199250082883(rock). Prev online: 561, Server Online: 1410176, Online: 621. Diff online: 60, All online: 2881586, Monday online: 1265795, Thursday online: 0  
[2026-03-13 14:36:08] local.INFO: Method: getPlayersOnline. Server: 2. Player: 76561199258528453(bad-f1?). Prev online: 3096, Server Online: 654056, Online: 3155. Diff online: 59, All online: 841800, Monday online: 120062, Thursday online: 0  
[2026-03-13 14:36:08] local.INFO: Method: getPlayersOnline. Server: 2. Player: 76561198754436395(『Gaw』- D3). Prev online: 1806, Server Online: 62015, Online: 1866. Diff online: 60, All online: 142634, Monday online: 80619, Thursday online: 0  
[2026-03-13 14:36:09] local.INFO: Method: getPlayersOnline. Server: 2. Player: 76561199727554631(писякака). Prev online: 275, Server Online: 30220, Online: 335. Diff online: 60, All online: 30220, Monday online: 0, Thursday online: 0  
[2026-03-13 14:36:09] local.INFO: Method: getPlayersOnline. Server: 2. Player: 76561199144698786(AmyRose). Prev online: 116, Server Online: 16987, Online: 176. Diff online: 60, All online: 22395, Monday online: 5408, Thursday online: 0  
[2026-03-13 14:36:09] local.INFO: Method: getPlayersOnline. Server: 3. Player: 76561199821262476(кава бухаетCS2BGD31.RU). Prev online: 1380, Server Online: 565248, Online: 1440. Diff online: 60, All online: 856797, Monday online: 565248, Thursday online: 0  
[2026-03-13 14:37:03] local.INFO: Method: getPlayersOnline. Start...  
[2026-03-13 14:37:03] local.INFO: Method: getPlayersOnline. Server: 2. Player: 76561199203821366(Xd). Prev online: 6885, Server Online: 468678, Online: 6945. Diff online: 60, All online: 909236, Monday online: 399228, Thursday online: 0  
[2026-03-13 14:37:03] local.INFO: Method: getPlayersOnline. Server: 2. Player: 76561199090783915(whxtebutterfly). Prev online: 435, Server Online: 335176, Online: 495. Diff online: 60, All online: 507458, Monday online: 142705, Thursday online: 0  
[2026-03-13 14:37:03] local.INFO: Method: getPlayersOnline. Server: 2. Player: 76561199743727010(werdix #ultimaterust). Prev online: 4165, Server Online: 660, Online: 4225. Diff online: 60, All online: 59883, Monday online: 59223, Thursday online: 0  
[2026-03-13 14:37:04] local.INFO: Method: getPlayersOnline. Server: 2. Player: 76561198451931006(Tom). Prev online: 23077, Server Online: 2889928, Online: 23137. Diff online: 60, All online: 3986249, Monday online: 451948, Thursday online: 0  
[2026-03-13 14:37:04] local.INFO: Method: getPlayersOnline. Server: 2. Player: 76561199384774505(trouble. whyyoufall1ng?). Prev online: 7025, Server Online: 229244, Online: 7085. Diff online: 60, All online: 453902, Monday online: 131401, Thursday online: 0  
[2026-03-13 14:37:04] local.INFO: Method: getPlayersOnline. Server: 2. Player: 76561199091294625(lagaet na ffa). Prev online: 2771, Server Online: 841215, Online: 2831. Diff online: 60, All online: 1126958, Monday online: 164273, Thursday online: 0  
[2026-03-13 14:37:04] local.INFO: Method: getPlayersOnline. Server: 2. Player: 76561198332903750(FOG. | Окрошка)). Prev online: 21037, Server Online: 402348, Online: 21097. Diff online: 60, All online: 710116, Monday online: 307768, Thursday online: 0  
[2026-03-13 14:37:04] local.INFO: Method: getPlayersOnline. Server: 2. Player: 76561199120398108(★PEPSIK★). Prev online: 9073, Server Online: 62633, Online: 9133. Diff online: 60, All online: 93544, Monday online: 30911, Thursday online: 0  
[2026-03-13 14:37:04] local.INFO: Method: getPlayersOnline. Server: 2. Player: 76561199258134981(胖他媽的). Prev online: 2174, Server Online: 3853, Online: 2233. Diff online: 59, All online: 97983, Monday online: 94130, Thursday online: 0  
[2026-03-13 14:37:04] local.INFO: Method: getPlayersOnline. Server: 2. Player: 76561199756724747(Dums#VorpalSwords). Prev online: 3081, Server Online: 8645, Online: 3141. Diff online: 60, All online: 52103, Monday online: 43458, Thursday online: 0  
[2026-03-13 14:37:04] local.INFO: Method: getPlayersOnline. Server: 2. Player: 76561199189404944(furtonger). Prev online: 17983, Server Online: 92000, Online: 18043. Diff online: 60, All online: 185454, Monday online: 93454, Thursday online: 0  
[2026-03-13 14:37:05] local.INFO: Method: getPlayersOnline. Server: 2. Player: 76561199499329355(冬Tw1nkev冬). Prev online: 13498, Server Online: 112755, Online: 13558. Diff online: 60, All online: 149649, Monday online: 36894, Thursday online: 0  
[2026-03-13 14:37:05] local.INFO: Method: getPlayersOnline. Server: 2. Player: 76561198128833802(Cow pussy). Prev online: 12535, Server Online: 38418, Online: 12595. Diff online: 60, All online: 484184, Monday online: 273804, Thursday online: 0  
[2026-03-13 14:37:05] local.INFO: Method: getPlayersOnline. Server: 2. Player: 76561199261706104(76561199261706104). Prev online: 324, Server Online: 328995, Online: 384. Diff online: 60, All online: 2243322, Monday online: 714881, Thursday online: 0  
[2026-03-13 14:37:05] local.INFO: Method: getPlayersOnline. Server: 2. Player: 76561199197000922(утка). Prev online: 3572, Server Online: 661, Online: 3632. Diff online: 60, All online: 661, Monday online: 0, Thursday online: 0  
[2026-03-13 14:37:05] local.INFO: Method: getPlayersOnline. Server: 2. Player: 76561199704747517([OSB] фуфел шмерц). Prev online: 4574, Server Online: 765343, Online: 4634. Diff online: 60, All online: 1265720, Monday online: 500377, Thursday online: 0  
[2026-03-13 14:37:05] local.INFO: Method: getPlayersOnline. Server: 2. Player: 76561198977413624(гуль). Prev online: 1397, Server Online: 2076317, Online: 1457. Diff online: 60, All online: 2924127, Monday online: 831786, Thursday online: 0  
[2026-03-13 14:37:05] local.INFO: Method: getPlayersOnline. Server: 2. Player: 76561198744795404(Аркадий). Prev online: 264, Server Online: 38403, Online: 324. Diff online: 60, All online: 38403, Monday online: 0, Thursday online: 0  
[2026-03-13 14:37:05] local.INFO: Method: getPlayersOnline. Server: 2. Player: 76561199251293554(Romana_Banana #RBN). Prev online: 5627, Server Online: 643464, Online: 5687. Diff online: 60, All online: 1527408, Monday online: 883944, Thursday online: 0  
[2026-03-13 14:37:06] local.INFO: Method: getPlayersOnline. Server: 2. Player: 76561199812537987(Satoru). Prev online: 5799, Server Online: 458438, Online: 5859. Diff online: 60, All online: 911310, Monday online: 452872, Thursday online: 0  
[2026-03-13 14:37:06] local.INFO: Method: getPlayersOnline. Server: 2. Player: 76561199887355862(TimkaRT). Prev online: 3036, Server Online: 7592, Online: 3096. Diff online: 60, All online: 7592, Monday online: 0, Thursday online: 0  
[2026-03-13 14:37:06] local.INFO: Method: getPlayersOnline. Server: 2. Player: 76561198858639494(CL | Yamato). Prev online: 12175, Server Online: 12445, Online: 12235. Diff online: 60, All online: 24195, Monday online: 11750, Thursday online: 0  
[2026-03-13 14:37:06] local.INFO: Method: getPlayersOnline. Server: 2. Player: 76561198845624597(КОТЭЭЭЭ). Prev online: 5148, Server Online: 1006757, Online: 5208. Diff online: 60, All online: 2553596, Monday online: 1508563, Thursday online: 0  
[2026-03-13 14:37:06] local.INFO: Method: getPlayersOnline. Server: 2. Player: 76561199243426772(4554 #ggrust). Prev online: 2699, Server Online: 660, Online: 2759. Diff online: 60, All online: 12979, Monday online: 12319, Thursday online: 0  
[2026-03-13 14:37:07] local.INFO: Method: getPlayersOnline. Server: 2. Player: 76561199497410738(Ашот). Prev online: 3679, Server Online: 127417, Online: 3738. Diff online: 59, All online: 157657, Monday online: 30240, Thursday online: 0  
[2026-03-13 14:37:07] local.INFO: Method: getPlayersOnline. Server: 2. Player: 76561199217271678(god OK!). Prev online: 240, Server Online: 772880, Online: 300. Diff online: 60, All online: 772880, Monday online: 0, Thursday online: 0  
[2026-03-13 14:37:07] local.INFO: Method: getPlayersOnline. Server: 2. Player: 76561199505080070(Pepega). Prev online: 5531, Server Online: 1576217, Online: 5591. Diff online: 60, All online: 2278895, Monday online: 451812, Thursday online: 0  
[2026-03-13 14:37:08] local.INFO: Method: getPlayersOnline. Server: 2. Player: 76561199250082883(rock). Prev online: 621, Server Online: 1410235, Online: 680. Diff online: 59, All online: 2881645, Monday online: 1265795, Thursday online: 0  
[2026-03-13 14:37:08] local.INFO: Method: getPlayersOnline. Server: 2. Player: 76561199258528453(bad-f1?). Prev online: 3155, Server Online: 654116, Online: 3215. Diff online: 60, All online: 841860, Monday online: 120062, Thursday online: 0  
[2026-03-13 14:37:08] local.INFO: Method: getPlayersOnline. Server: 2. Player: 76561198754436395(『Gaw』- D3). Prev online: 1866, Server Online: 62075, Online: 1926. Diff online: 60, All online: 142694, Monday online: 80619, Thursday online: 0  
[2026-03-13 14:37:08] local.INFO: Method: getPlayersOnline. Server: 2. Player: 76561199727554631(писякака). Prev online: 335, Server Online: 30280, Online: 395. Diff online: 60, All online: 30280, Monday online: 0, Thursday online: 0  
[2026-03-13 14:37:08] local.INFO: Method: getPlayersOnline. Server: 2. Player: 76561199144698786(AmyRose). Prev online: 176, Server Online: 17047, Online: 236. Diff online: 60, All online: 22455, Monday online: 5408, Thursday online: 0  
[2026-03-13 14:37:08] local.INFO: Method: getPlayersOnline. Server: 2. Player: 76561199488737519(.NB | Kasumi). Prev online: 7683, Server Online: 325854, Online: 85. Diff online: 60, All online: 547394, Monday online: 45019, Thursday online: 0  
[2026-03-13 14:37:09] local.INFO: Method: getPlayersOnline. Server: 3. Player: 76561199821262476(кава бухаетCS2BGD31.RU). Prev online: 1440, Server Online: 565308, Online: 1500. Diff online: 60, All online: 856857, Monday online: 565308, Thursday online: 0  
[2026-03-13 14:38:02] local.INFO: Method: getPlayersOnline. Start...  
[2026-03-13 14:38:03] local.INFO: Method: getPlayersOnline. Server: 2. Player: 76561199203821366(Xd). Prev online: 6945, Server Online: 468738, Online: 7005. Diff online: 60, All online: 909296, Monday online: 399228, Thursday online: 0  
[2026-03-13 14:38:03] local.INFO: Method: getPlayersOnline. Server: 2. Player: 76561199090783915(whxtebutterfly). Prev online: 495, Server Online: 335236, Online: 555. Diff online: 60, All online: 507518, Monday online: 142705, Thursday online: 0  
[2026-03-13 14:38:03] local.INFO: Method: getPlayersOnline. Server: 2. Player: 76561199743727010(werdix #ultimaterust). Prev online: 4225, Server Online: 720, Online: 4285. Diff online: 60, All online: 59943, Monday online: 59223, Thursday online: 0  
[2026-03-13 14:38:03] local.INFO: Method: getPlayersOnline. Server: 2. Player: 76561198451931006(Tom). Prev online: 23137, Server Online: 2889988, Online: 23197. Diff online: 60, All online: 3986309, Monday online: 451948, Thursday online: 0  
[2026-03-13 14:38:04] local.INFO: Method: getPlayersOnline. Server: 2. Player: 76561199384774505(trouble. whyyoufall1ng?). Prev online: 7085, Server Online: 229304, Online: 7145. Diff online: 60, All online: 453962, Monday online: 131401, Thursday online: 0  
[2026-03-13 14:38:04] local.INFO: Method: getPlayersOnline. Server: 2. Player: 76561199091294625(lagaet na ffa). Prev online: 2831, Server Online: 841275, Online: 2891. Diff online: 60, All online: 1127018, Monday online: 164273, Thursday online: 0  
[2026-03-13 14:38:04] local.INFO: Method: getPlayersOnline. Server: 2. Player: 76561198332903750(FOG. | Окрошка)). Prev online: 21097, Server Online: 402408, Online: 21157. Diff online: 60, All online: 710176, Monday online: 307768, Thursday online: 0  
[2026-03-13 14:38:04] local.INFO: Method: getPlayersOnline. Server: 2. Player: 76561199120398108(★PEPSIK★). Prev online: 9133, Server Online: 62693, Online: 9193. Diff online: 60, All online: 93604, Monday online: 30911, Thursday online: 0  
[2026-03-13 14:38:04] local.INFO: Method: getPlayersOnline. Server: 2. Player: 76561199258134981(胖他媽的). Prev online: 2233, Server Online: 3913, Online: 2293. Diff online: 60, All online: 98043, Monday online: 94130, Thursday online: 0  
[2026-03-13 14:38:04] local.INFO: Method: getPlayersOnline. Server: 2. Player: 76561199756724747(Dums#VorpalSwords). Prev online: 3141, Server Online: 8705, Online: 3201. Diff online: 60, All online: 52163, Monday online: 43458, Thursday online: 0  
[2026-03-13 14:38:04] local.INFO: Method: getPlayersOnline. Server: 2. Player: 76561199189404944(furtonger). Prev online: 18043, Server Online: 92060, Online: 18103. Diff online: 60, All online: 185514, Monday online: 93454, Thursday online: 0  
[2026-03-13 14:38:04] local.INFO: Method: getPlayersOnline. Server: 2. Player: 76561199499329355(冬Tw1nkev冬). Prev online: 13558, Server Online: 112815, Online: 13618. Diff online: 60, All online: 149709, Monday online: 36894, Thursday online: 0  
[2026-03-13 14:38:04] local.INFO: Method: getPlayersOnline. Server: 2. Player: 76561198128833802(Cow pussy). Prev online: 12595, Server Online: 38478, Online: 12655. Diff online: 60, All online: 484244, Monday online: 273804, Thursday online: 0  
[2026-03-13 14:38:04] local.INFO: Method: getPlayersOnline. Server: 2. Player: 76561199261706104(76561199261706104). Prev online: 384, Server Online: 329055, Online: 444. Diff online: 60, All online: 2243382, Monday online: 714881, Thursday online: 0  
[2026-03-13 14:38:05] local.INFO: Method: getPlayersOnline. Server: 2. Player: 76561199197000922(утка). Prev online: 3632, Server Online: 721, Online: 3692. Diff online: 60, All online: 721, Monday online: 0, Thursday online: 0  
[2026-03-13 14:38:05] local.INFO: Method: getPlayersOnline. Server: 2. Player: 76561199704747517([OSB] фуфел шмерц). Prev online: 4634, Server Online: 765403, Online: 4694. Diff online: 60, All online: 1265780, Monday online: 500377, Thursday online: 0  
[2026-03-13 14:38:05] local.INFO: Method: getPlayersOnline. Server: 2. Player: 76561198977413624(гуль). Prev online: 1457, Server Online: 2076377, Online: 1517. Diff online: 60, All online: 2924187, Monday online: 831786, Thursday online: 0  
[2026-03-13 14:38:05] local.INFO: Method: getPlayersOnline. Server: 2. Player: 76561198744795404(Аркадий). Prev online: 324, Server Online: 38463, Online: 384. Diff online: 60, All online: 38463, Monday online: 0, Thursday online: 0  
[2026-03-13 14:38:05] local.INFO: Method: getPlayersOnline. Server: 2. Player: 76561199251293554(Romana_Banana #RBN). Prev online: 5687, Server Online: 643524, Online: 5747. Diff online: 60, All online: 1527468, Monday online: 883944, Thursday online: 0  
[2026-03-13 14:38:05] local.INFO: Method: getPlayersOnline. Server: 2. Player: 76561199812537987(Satoru). Prev online: 5859, Server Online: 458498, Online: 5919. Diff online: 60, All online: 911370, Monday online: 452872, Thursday online: 0  
[2026-03-13 14:38:06] local.INFO: Method: getPlayersOnline. Server: 2. Player: 76561199887355862(TimkaRT). Prev online: 3096, Server Online: 7652, Online: 3156. Diff online: 60, All online: 7652, Monday online: 0, Thursday online: 0  
[2026-03-13 14:38:06] local.INFO: Method: getPlayersOnline. Server: 2. Player: 76561198858639494(CL | Yamato). Prev online: 12235, Server Online: 12505, Online: 12295. Diff online: 60, All online: 24255, Monday online: 11750, Thursday online: 0  
[2026-03-13 14:38:06] local.INFO: Method: getPlayersOnline. Server: 2. Player: 76561199027819270(what happened(((). Prev online: 725, Server Online: 246212, Online: 53. Diff online: 60, All online: 281166, Monday online: 34954, Thursday online: 0  
[2026-03-13 14:38:06] local.INFO: Method: getPlayersOnline. Server: 2. Player: 76561198845624597(КОТЭЭЭЭ). Prev online: 5208, Server Online: 1006817, Online: 5268. Diff online: 60, All online: 2553656, Monday online: 1508563, Thursday online: 0  
[2026-03-13 14:38:06] local.INFO: Method: getPlayersOnline. Server: 2. Player: 76561199243426772(4554 #ggrust). Prev online: 2759, Server Online: 720, Online: 2819. Diff online: 60, All online: 13039, Monday online: 12319, Thursday online: 0  
[2026-03-13 14:38:07] local.INFO: Method: getPlayersOnline. Server: 2. Player: 76561199497410738(Ашот). Prev online: 3738, Server Online: 127478, Online: 3799. Diff online: 61, All online: 157718, Monday online: 30240, Thursday online: 0  
[2026-03-13 14:38:07] local.INFO: Method: getPlayersOnline. Server: 2. Player: 76561199217271678(god OK!). Prev online: 300, Server Online: 772940, Online: 360. Diff online: 60, All online: 772940, Monday online: 0, Thursday online: 0  
[2026-03-13 14:38:07] local.INFO: Method: getPlayersOnline. Server: 2. Player: 76561199505080070(Pepega). Prev online: 5591, Server Online: 1576277, Online: 5651. Diff online: 60, All online: 2278955, Monday online: 451812, Thursday online: 0  
[2026-03-13 14:38:07] local.INFO: Method: getPlayersOnline. Server: 2. Player: 76561199250082883(rock). Prev online: 680, Server Online: 1410295, Online: 740. Diff online: 60, All online: 2881705, Monday online: 1265795, Thursday online: 0  
[2026-03-13 14:38:08] local.INFO: Method: getPlayersOnline. Server: 2. Player: 76561199258528453(bad-f1?). Prev online: 3215, Server Online: 654176, Online: 3275. Diff online: 60, All online: 841920, Monday online: 120062, Thursday online: 0  
[2026-03-13 14:38:08] local.INFO: Method: getPlayersOnline. Server: 2. Player: 76561198754436395(『Gaw』- D3). Prev online: 1926, Server Online: 62135, Online: 1986. Diff online: 60, All online: 142754, Monday online: 80619, Thursday online: 0  
[2026-03-13 14:38:08] local.INFO: Method: getPlayersOnline. Server: 2. Player: 76561199727554631(писякака). Prev online: 395, Server Online: 30340, Online: 455. Diff online: 60, All online: 30340, Monday online: 0, Thursday online: 0  
[2026-03-13 14:38:08] local.INFO: Method: getPlayersOnline. Server: 2. Player: 76561199144698786(AmyRose). Prev online: 236, Server Online: 17107, Online: 296. Diff online: 60, All online: 22515, Monday online: 5408, Thursday online: 0  
[2026-03-13 14:38:08] local.INFO: Method: getPlayersOnline. Server: 2. Player: 76561199488737519(.NB | Kasumi). Prev online: 85, Server Online: 325914, Online: 145. Diff online: 60, All online: 547454, Monday online: 45019, Thursday online: 0  
[2026-03-13 14:38:08] local.INFO: Method: getPlayersOnline. Server: 3. Player: 76561199821262476(кава бухаетCS2BGD31.RU). Prev online: 1500, Server Online: 565368, Online: 1560. Diff online: 60, All online: 856917, Monday online: 565368, Thursday online: 0  
[2026-03-13 14:39:02] local.INFO: Method: getPlayersOnline. Start...  
[2026-03-13 14:39:03] local.INFO: Method: getPlayersOnline. Server: 2. Player: 76561199203821366(Xd). Prev online: 7005, Server Online: 468738, Online: 7005. Diff online: 0, All online: 909296, Monday online: 399228, Thursday online: 0  
[2026-03-13 14:39:03] local.INFO: Method: getPlayersOnline. Server: 2. Player: 76561199090783915(whxtebutterfly). Prev online: 555, Server Online: 335236, Online: 555. Diff online: 0, All online: 507518, Monday online: 142705, Thursday online: 0  
[2026-03-13 14:39:03] local.INFO: Method: getPlayersOnline. Server: 2. Player: 76561199743727010(werdix #ultimaterust). Prev online: 4285, Server Online: 720, Online: 4285. Diff online: 0, All online: 59943, Monday online: 59223, Thursday online: 0  
[2026-03-13 14:39:03] local.INFO: Method: getPlayersOnline. Server: 2. Player: 76561198451931006(Tom). Prev online: 23197, Server Online: 2889988, Online: 23197. Diff online: 0, All online: 3986309, Monday online: 451948, Thursday online: 0  
[2026-03-13 14:39:03] local.INFO: Method: getPlayersOnline. Server: 2. Player: 76561199384774505(trouble. whyyoufall1ng?). Prev online: 7145, Server Online: 229304, Online: 7145. Diff online: 0, All online: 453962, Monday online: 131401, Thursday online: 0  
[2026-03-13 14:39:03] local.INFO: Method: getPlayersOnline. Server: 2. Player: 76561199091294625(lagaet na ffa). Prev online: 2891, Server Online: 841275, Online: 2891. Diff online: 0, All online: 1127018, Monday online: 164273, Thursday online: 0  
[2026-03-13 14:39:04] local.INFO: Method: getPlayersOnline. Server: 2. Player: 76561198332903750(FOG. | Окрошка)). Prev online: 21157, Server Online: 402408, Online: 21157. Diff online: 0, All online: 710176, Monday online: 307768, Thursday online: 0  
[2026-03-13 14:39:04] local.INFO: Method: getPlayersOnline. Server: 2. Player: 76561199120398108(★PEPSIK★). Prev online: 9193, Server Online: 62693, Online: 9193. Diff online: 0, All online: 93604, Monday online: 30911, Thursday online: 0  
[2026-03-13 14:39:04] local.INFO: Method: getPlayersOnline. Server: 2. Player: 76561199258134981(胖他媽的). Prev online: 2293, Server Online: 3913, Online: 2293. Diff online: 0, All online: 98043, Monday online: 94130, Thursday online: 0  
[2026-03-13 14:39:04] local.INFO: Method: getPlayersOnline. Server: 2. Player: 76561199756724747(Dums#VorpalSwords). Prev online: 3201, Server Online: 8705, Online: 3201. Diff online: 0, All online: 52163, Monday online: 43458, Thursday online: 0  
[2026-03-13 14:39:04] local.INFO: Method: getPlayersOnline. Server: 2. Player: 76561199189404944(furtonger). Prev online: 18103, Server Online: 92060, Online: 18103. Diff online: 0, All online: 185514, Monday online: 93454, Thursday online: 0  
[2026-03-13 14:39:04] local.INFO: Method: getPlayersOnline. Server: 2. Player: 76561199499329355(冬Tw1nkev冬). Prev online: 13618, Server Online: 112815, Online: 13618. Diff online: 0, All online: 149709, Monday online: 36894, Thursday online: 0  
[2026-03-13 14:39:04] local.INFO: Method: getPlayersOnline. Server: 2. Player: 76561198128833802(Cow pussy). Prev online: 12655, Server Online: 38478, Online: 12655. Diff online: 0, All online: 484244, Monday online: 273804, Thursday online: 0  
[2026-03-13 14:39:04] local.INFO: Method: getPlayersOnline. Server: 2. Player: 76561199261706104(76561199261706104). Prev online: 444, Server Online: 329055, Online: 444. Diff online: 0, All online: 2243382, Monday online: 714881, Thursday online: 0  
[2026-03-13 14:39:05] local.INFO: Method: getPlayersOnline. Server: 2. Player: 76561199197000922(утка). Prev online: 3692, Server Online: 721, Online: 3692. Diff online: 0, All online: 721, Monday online: 0, Thursday online: 0  
[2026-03-13 14:39:05] local.INFO: Method: getPlayersOnline. Server: 2. Player: 76561199704747517([OSB] фуфел шмерц). Prev online: 4694, Server Online: 765403, Online: 4694. Diff online: 0, All online: 1265780, Monday online: 500377, Thursday online: 0  
[2026-03-13 14:39:05] local.INFO: Method: getPlayersOnline. Server: 2. Player: 76561198977413624(гуль). Prev online: 1517, Server Online: 2076377, Online: 1517. Diff online: 0, All online: 2924187, Monday online: 831786, Thursday online: 0  
[2026-03-13 14:39:05] local.INFO: Method: getPlayersOnline. Server: 2. Player: 76561198744795404(Аркадий). Prev online: 384, Server Online: 38463, Online: 384. Diff online: 0, All online: 38463, Monday online: 0, Thursday online: 0  
[2026-03-13 14:39:05] local.INFO: Method: getPlayersOnline. Server: 2. Player: 76561199251293554(Romana_Banana #RBN). Prev online: 5747, Server Online: 643524, Online: 5747. Diff online: 0, All online: 1527468, Monday online: 883944, Thursday online: 0  
[2026-03-13 14:39:05] local.INFO: Method: getPlayersOnline. Server: 2. Player: 76561199812537987(Satoru). Prev online: 5919, Server Online: 458498, Online: 5919. Diff online: 0, All online: 911370, Monday online: 452872, Thursday online: 0  
[2026-03-13 14:39:05] local.INFO: Method: getPlayersOnline. Server: 2. Player: 76561199887355862(TimkaRT). Prev online: 3156, Server Online: 7652, Online: 3156. Diff online: 0, All online: 7652, Monday online: 0, Thursday online: 0  
[2026-03-13 14:39:05] local.INFO: Method: getPlayersOnline. Server: 2. Player: 76561198858639494(CL | Yamato). Prev online: 12295, Server Online: 12505, Online: 12295. Diff online: 0, All online: 24255, Monday online: 11750, Thursday online: 0  
[2026-03-13 14:39:06] local.INFO: Method: getPlayersOnline. Server: 2. Player: 76561199027819270(what happened(((). Prev online: 53, Server Online: 246212, Online: 53. Diff online: 0, All online: 281166, Monday online: 34954, Thursday online: 0  
[2026-03-13 14:39:06] local.INFO: Method: getPlayersOnline. Server: 2. Player: 76561198845624597(КОТЭЭЭЭ). Prev online: 5268, Server Online: 1006817, Online: 5268. Diff online: 0, All online: 2553656, Monday online: 1508563, Thursday online: 0  
[2026-03-13 14:39:06] local.INFO: Method: getPlayersOnline. Server: 2. Player: 76561199243426772(4554 #ggrust). Prev online: 2819, Server Online: 720, Online: 2819. Diff online: 0, All online: 13039, Monday online: 12319, Thursday online: 0  
[2026-03-13 14:39:06] local.INFO: Method: getPlayersOnline. Server: 2. Player: 76561199497410738(Ашот). Prev online: 3799, Server Online: 127478, Online: 3799. Diff online: 0, All online: 157718, Monday online: 30240, Thursday online: 0  
[2026-03-13 14:39:07] local.INFO: Method: getPlayersOnline. Server: 2. Player: 76561199217271678(god OK!). Prev online: 360, Server Online: 772940, Online: 360. Diff online: 0, All online: 772940, Monday online: 0, Thursday online: 0  
[2026-03-13 14:39:07] local.INFO: Method: getPlayersOnline. Server: 2. Player: 76561199505080070(Pepega). Prev online: 5651, Server Online: 1576277, Online: 5651. Diff online: 0, All online: 2278955, Monday online: 451812, Thursday online: 0  
[2026-03-13 14:39:07] local.INFO: Method: getPlayersOnline. Server: 2. Player: 76561199250082883(rock). Prev online: 740, Server Online: 1410295, Online: 740. Diff online: 0, All online: 2881705, Monday online: 1265795, Thursday online: 0  
[2026-03-13 14:39:07] local.INFO: Method: getPlayersOnline. Server: 2. Player: 76561199258528453(bad-f1?). Prev online: 3275, Server Online: 654176, Online: 3275. Diff online: 0, All online: 841920, Monday online: 120062, Thursday online: 0  
[2026-03-13 14:39:07] local.INFO: Method: getPlayersOnline. Server: 2. Player: 76561198754436395(『Gaw』- D3). Prev online: 1986, Server Online: 62135, Online: 1986. Diff online: 0, All online: 142754, Monday online: 80619, Thursday online: 0  
[2026-03-13 14:39:08] local.INFO: Method: getPlayersOnline. Server: 2. Player: 76561199727554631(писякака). Prev online: 455, Server Online: 30340, Online: 455. Diff online: 0, All online: 30340, Monday online: 0, Thursday online: 0  
[2026-03-13 14:39:08] local.INFO: Method: getPlayersOnline. Server: 2. Player: 76561199144698786(AmyRose). Prev online: 296, Server Online: 17107, Online: 296. Diff online: 0, All online: 22515, Monday online: 5408, Thursday online: 0  
[2026-03-13 14:39:08] local.INFO: Method: getPlayersOnline. Server: 2. Player: 76561199488737519(.NB | Kasumi). Prev online: 145, Server Online: 325914, Online: 145. Diff online: 0, All online: 547454, Monday online: 45019, Thursday online: 0  
[2026-03-13 14:39:08] local.INFO: Method: getPlayersOnline. Server: 3. Player: 76561199821262476(кава бухаетCS2BGD31.RU). Prev online: 1560, Server Online: 565427, Online: 1619. Diff online: 59, All online: 856976, Monday online: 565427, Thursday online: 0  
[2026-03-13 14:40:02] local.INFO: Method: getPlayersOnline. Start...  
[2026-03-13 14:40:03] local.INFO: Method: getPlayersOnline. Server: 2. Player: 76561199203821366(Xd). Prev online: 7005, Server Online: 468858, Online: 7125. Diff online: 120, All online: 909416, Monday online: 399228, Thursday online: 0  
[2026-03-13 14:40:03] local.INFO: Method: getPlayersOnline. Server: 2. Player: 76561199090783915(whxtebutterfly). Prev online: 555, Server Online: 335356, Online: 675. Diff online: 120, All online: 507638, Monday online: 142705, Thursday online: 0  
[2026-03-13 14:40:03] local.INFO: Method: getPlayersOnline. Server: 2. Player: 76561199743727010(werdix #ultimaterust). Prev online: 4285, Server Online: 840, Online: 4405. Diff online: 120, All online: 60063, Monday online: 59223, Thursday online: 0  
[2026-03-13 14:40:03] local.INFO: Method: getPlayersOnline. Server: 2. Player: 76561198451931006(Tom). Prev online: 23197, Server Online: 2890108, Online: 23317. Diff online: 120, All online: 3986429, Monday online: 451948, Thursday online: 0  
[2026-03-13 14:40:04] local.INFO: Method: getPlayersOnline. Server: 2. Player: 76561199384774505(trouble. whyyoufall1ng?). Prev online: 7145, Server Online: 229424, Online: 7265. Diff online: 120, All online: 454082, Monday online: 131401, Thursday online: 0  
[2026-03-13 14:40:04] local.INFO: Method: getPlayersOnline. Server: 2. Player: 76561199091294625(lagaet na ffa). Prev online: 2891, Server Online: 841395, Online: 3011. Diff online: 120, All online: 1127138, Monday online: 164273, Thursday online: 0  
[2026-03-13 14:40:04] local.INFO: Method: getPlayersOnline. Server: 2. Player: 76561198332903750(FOG. | Окрошка)). Prev online: 21157, Server Online: 402528, Online: 21277. Diff online: 120, All online: 710296, Monday online: 307768, Thursday online: 0  
[2026-03-13 14:40:04] local.INFO: Method: getPlayersOnline. Server: 2. Player: 76561199120398108(★PEPSIK★). Prev online: 9193, Server Online: 62813, Online: 9313. Diff online: 120, All online: 93724, Monday online: 30911, Thursday online: 0  
[2026-03-13 14:40:04] local.INFO: Method: getPlayersOnline. Server: 2. Player: 76561199258134981(胖他媽的). Prev online: 2293, Server Online: 4033, Online: 2413. Diff online: 120, All online: 98163, Monday online: 94130, Thursday online: 0  
[2026-03-13 14:40:04] local.INFO: Method: getPlayersOnline. Server: 2. Player: 76561199756724747(Dums#VorpalSwords). Prev online: 3201, Server Online: 8825, Online: 3321. Diff online: 120, All online: 52283, Monday online: 43458, Thursday online: 0  
[2026-03-13 14:40:04] local.INFO: Method: getPlayersOnline. Server: 2. Player: 76561199189404944(furtonger). Prev online: 18103, Server Online: 92180, Online: 18223. Diff online: 120, All online: 185634, Monday online: 93454, Thursday online: 0  
[2026-03-13 14:40:04] local.INFO: Method: getPlayersOnline. Server: 2. Player: 76561199499329355(冬Tw1nkev冬). Prev online: 13618, Server Online: 112935, Online: 13738. Diff online: 120, All online: 149829, Monday online: 36894, Thursday online: 0  
[2026-03-13 14:40:04] local.INFO: Method: getPlayersOnline. Server: 2. Player: 76561198128833802(Cow pussy). Prev online: 12655, Server Online: 38598, Online: 12775. Diff online: 120, All online: 484364, Monday online: 273804, Thursday online: 0  
[2026-03-13 14:40:04] local.INFO: Method: getPlayersOnline. Server: 2. Player: 76561199261706104(76561199261706104). Prev online: 444, Server Online: 329175, Online: 564. Diff online: 120, All online: 2243502, Monday online: 714881, Thursday online: 0  
[2026-03-13 14:40:05] local.INFO: Method: getPlayersOnline. Server: 2. Player: 76561199197000922(утка). Prev online: 3692, Server Online: 841, Online: 3812. Diff online: 120, All online: 841, Monday online: 0, Thursday online: 0  
[2026-03-13 14:40:05] local.INFO: Method: getPlayersOnline. Server: 2. Player: 76561199704747517([OSB] фуфел шмерц). Prev online: 4694, Server Online: 765523, Online: 4814. Diff online: 120, All online: 1265900, Monday online: 500377, Thursday online: 0  
[2026-03-13 14:40:05] local.INFO: Method: getPlayersOnline. Server: 2. Player: 76561198977413624(гуль). Prev online: 1517, Server Online: 2076497, Online: 1637. Diff online: 120, All online: 2924307, Monday online: 831786, Thursday online: 0  
[2026-03-13 14:40:05] local.INFO: Method: getPlayersOnline. Server: 2. Player: 76561198744795404(Аркадий). Prev online: 384, Server Online: 38583, Online: 504. Diff online: 120, All online: 38583, Monday online: 0, Thursday online: 0  
[2026-03-13 14:40:05] local.INFO: Method: getPlayersOnline. Server: 2. Player: 76561199251293554(Romana_Banana #RBN). Prev online: 5747, Server Online: 643644, Online: 5867. Diff online: 120, All online: 1527588, Monday online: 883944, Thursday online: 0  
[2026-03-13 14:40:05] local.INFO: Method: getPlayersOnline. Server: 2. Player: 76561199488737519(.NB | Kasumi). Prev online: 145, Server Online: 326034, Online: 265. Diff online: 120, All online: 547574, Monday online: 45019, Thursday online: 0  
[2026-03-13 14:40:05] local.INFO: Method: getPlayersOnline. Server: 2. Player: 76561199812537987(Satoru). Prev online: 5919, Server Online: 458618, Online: 6039. Diff online: 120, All online: 911490, Monday online: 452872, Thursday online: 0  
[2026-03-13 14:40:05] local.INFO: Method: getPlayersOnline. Server: 2. Player: 76561199887355862(TimkaRT). Prev online: 3156, Server Online: 7772, Online: 3276. Diff online: 120, All online: 7772, Monday online: 0, Thursday online: 0  
[2026-03-13 14:40:06] local.INFO: Method: getPlayersOnline. Server: 2. Player: 76561198858639494(CL | Yamato). Prev online: 12295, Server Online: 12625, Online: 12415. Diff online: 120, All online: 24375, Monday online: 11750, Thursday online: 0  
[2026-03-13 14:40:06] local.INFO: Method: getPlayersOnline. Server: 2. Player: 76561199027819270(what happened(((). Prev online: 53, Server Online: 246332, Online: 173. Diff online: 120, All online: 281286, Monday online: 34954, Thursday online: 0  
[2026-03-13 14:40:06] local.INFO: Method: getPlayersOnline. Server: 2. Player: 76561198845624597(КОТЭЭЭЭ). Prev online: 5268, Server Online: 1006937, Online: 5388. Diff online: 120, All online: 2553776, Monday online: 1508563, Thursday online: 0  
[2026-03-13 14:40:06] local.INFO: Method: getPlayersOnline. Server: 2. Player: 76561199243426772(4554 #ggrust). Prev online: 2819, Server Online: 840, Online: 2939. Diff online: 120, All online: 13159, Monday online: 12319, Thursday online: 0  
[2026-03-13 14:40:07] local.INFO: Method: getPlayersOnline. Server: 2. Player: 76561199497410738(Ашот). Prev online: 3799, Server Online: 127598, Online: 3919. Diff online: 120, All online: 157838, Monday online: 30240, Thursday online: 0  
[2026-03-13 14:40:07] local.INFO: Method: getPlayersOnline. Server: 2. Player: 76561199217271678(god OK!). Prev online: 360, Server Online: 773060, Online: 480. Diff online: 120, All online: 773060, Monday online: 0, Thursday online: 0  
[2026-03-13 14:40:07] local.INFO: Method: getPlayersOnline. Server: 2. Player: 76561199505080070(Pepega). Prev online: 5651, Server Online: 1576397, Online: 5771. Diff online: 120, All online: 2279075, Monday online: 451812, Thursday online: 0  
[2026-03-13 14:40:07] local.INFO: Method: getPlayersOnline. Server: 2. Player: 76561199250082883(rock). Prev online: 740, Server Online: 1410415, Online: 860. Diff online: 120, All online: 2881825, Monday online: 1265795, Thursday online: 0  
[2026-03-13 14:40:08] local.INFO: Method: getPlayersOnline. Server: 2. Player: 76561199258528453(bad-f1?). Prev online: 3275, Server Online: 654296, Online: 3395. Diff online: 120, All online: 842040, Monday online: 120062, Thursday online: 0  
[2026-03-13 14:40:08] local.INFO: Method: getPlayersOnline. Server: 2. Player: 76561198754436395(『Gaw』- D3). Prev online: 1986, Server Online: 62255, Online: 2106. Diff online: 120, All online: 142874, Monday online: 80619, Thursday online: 0  
[2026-03-13 14:40:08] local.INFO: Method: getPlayersOnline. Server: 2. Player: 76561199727554631(писякака). Prev online: 455, Server Online: 30460, Online: 575. Diff online: 120, All online: 30460, Monday online: 0, Thursday online: 0  
[2026-03-13 14:40:08] local.INFO: Method: getPlayersOnline. Server: 2. Player: 76561199144698786(AmyRose). Prev online: 296, Server Online: 17227, Online: 416. Diff online: 120, All online: 22635, Monday online: 5408, Thursday online: 0  
[2026-03-13 14:40:08] local.INFO: Method: getPlayersOnline. Server: 3. Player: 76561199821262476(кава бухаетCS2BGD31.RU). Prev online: 1619, Server Online: 565488, Online: 1680. Diff online: 61, All online: 857037, Monday online: 565488, Thursday online: 0  
[2026-03-13 14:41:03] local.INFO: Method: getPlayersOnline. Start...  
[2026-03-13 14:41:03] local.INFO: Method: getPlayersOnline. Server: 2. Player: 76561199203821366(Xd). Prev online: 7125, Server Online: 468918, Online: 7185. Diff online: 60, All online: 909476, Monday online: 399228, Thursday online: 0  
[2026-03-13 14:41:03] local.INFO: Method: getPlayersOnline. Server: 2. Player: 76561199090783915(whxtebutterfly). Prev online: 675, Server Online: 335416, Online: 735. Diff online: 60, All online: 507698, Monday online: 142705, Thursday online: 0  
[2026-03-13 14:41:03] local.INFO: Method: getPlayersOnline. Server: 2. Player: 76561199743727010(werdix #ultimaterust). Prev online: 4405, Server Online: 900, Online: 4465. Diff online: 60, All online: 60123, Monday online: 59223, Thursday online: 0  
[2026-03-13 14:41:03] local.INFO: Method: getPlayersOnline. Server: 2. Player: 76561198451931006(Tom). Prev online: 23317, Server Online: 2890168, Online: 23377. Diff online: 60, All online: 3986489, Monday online: 451948, Thursday online: 0  
[2026-03-13 14:41:04] local.INFO: Method: getPlayersOnline. Server: 2. Player: 76561199384774505(trouble. whyyoufall1ng?). Prev online: 7265, Server Online: 229484, Online: 7325. Diff online: 60, All online: 454142, Monday online: 131401, Thursday online: 0  
[2026-03-13 14:41:04] local.INFO: Method: getPlayersOnline. Server: 2. Player: 76561199091294625(lagaet na ffa). Prev online: 3011, Server Online: 841455, Online: 3071. Diff online: 60, All online: 1127198, Monday online: 164273, Thursday online: 0  
[2026-03-13 14:41:04] local.INFO: Method: getPlayersOnline. Server: 2. Player: 76561198332903750(FOG. | Окрошка)). Prev online: 21277, Server Online: 402588, Online: 21337. Diff online: 60, All online: 710356, Monday online: 307768, Thursday online: 0  
[2026-03-13 14:41:04] local.INFO: Method: getPlayersOnline. Server: 2. Player: 76561199120398108(★PEPSIK★). Prev online: 9313, Server Online: 62873, Online: 9373. Diff online: 60, All online: 93784, Monday online: 30911, Thursday online: 0  
[2026-03-13 14:41:04] local.INFO: Method: getPlayersOnline. Server: 2. Player: 76561199258134981(胖他媽的). Prev online: 2413, Server Online: 4093, Online: 2473. Diff online: 60, All online: 98223, Monday online: 94130, Thursday online: 0  
[2026-03-13 14:41:04] local.INFO: Method: getPlayersOnline. Server: 2. Player: 76561199756724747(Dums#VorpalSwords). Prev online: 3321, Server Online: 8885, Online: 3381. Diff online: 60, All online: 52343, Monday online: 43458, Thursday online: 0  
[2026-03-13 14:41:04] local.INFO: Method: getPlayersOnline. Server: 2. Player: 76561199189404944(furtonger). Prev online: 18223, Server Online: 92240, Online: 18283. Diff online: 60, All online: 185694, Monday online: 93454, Thursday online: 0  
[2026-03-13 14:41:05] local.INFO: Method: getPlayersOnline. Server: 2. Player: 76561199499329355(冬Tw1nkev冬). Prev online: 13738, Server Online: 112995, Online: 13798. Diff online: 60, All online: 149889, Monday online: 36894, Thursday online: 0  
[2026-03-13 14:41:05] local.INFO: Method: getPlayersOnline. Server: 2. Player: 76561198128833802(Cow pussy). Prev online: 12775, Server Online: 38658, Online: 12835. Diff online: 60, All online: 484424, Monday online: 273804, Thursday online: 0  
[2026-03-13 14:41:05] local.INFO: Method: getPlayersOnline. Server: 2. Player: 76561199261706104(76561199261706104). Prev online: 564, Server Online: 329235, Online: 624. Diff online: 60, All online: 2243562, Monday online: 714881, Thursday online: 0  
[2026-03-13 14:41:05] local.INFO: Method: getPlayersOnline. Server: 2. Player: 76561199197000922(утка). Prev online: 3812, Server Online: 901, Online: 3872. Diff online: 60, All online: 901, Monday online: 0, Thursday online: 0  
[2026-03-13 14:41:05] local.INFO: Method: getPlayersOnline. Server: 2. Player: 76561199704747517([OSB] фуфел шмерц). Prev online: 4814, Server Online: 765583, Online: 4874. Diff online: 60, All online: 1265960, Monday online: 500377, Thursday online: 0  
[2026-03-13 14:41:05] local.INFO: Method: getPlayersOnline. Server: 2. Player: 76561198977413624(гуль). Prev online: 1637, Server Online: 2076557, Online: 1697. Diff online: 60, All online: 2924367, Monday online: 831786, Thursday online: 0  
[2026-03-13 14:41:05] local.INFO: Method: getPlayersOnline. Server: 2. Player: 76561198744795404(Аркадий). Prev online: 504, Server Online: 38643, Online: 564. Diff online: 60, All online: 38643, Monday online: 0, Thursday online: 0  
[2026-03-13 14:41:05] local.INFO: Method: getPlayersOnline. Server: 2. Player: 76561199251293554(Romana_Banana #RBN). Prev online: 5867, Server Online: 643704, Online: 5927. Diff online: 60, All online: 1527648, Monday online: 883944, Thursday online: 0  
[2026-03-13 14:41:05] local.INFO: Method: getPlayersOnline. Server: 2. Player: 76561199488737519(.NB | Kasumi). Prev online: 265, Server Online: 326094, Online: 325. Diff online: 60, All online: 547634, Monday online: 45019, Thursday online: 0  
[2026-03-13 14:41:06] local.INFO: Method: getPlayersOnline. Server: 2. Player: 76561199812537987(Satoru). Prev online: 6039, Server Online: 458678, Online: 6099. Diff online: 60, All online: 911550, Monday online: 452872, Thursday online: 0  
[2026-03-13 14:41:06] local.INFO: Method: getPlayersOnline. Server: 2. Player: 76561199887355862(TimkaRT). Prev online: 3276, Server Online: 7832, Online: 3336. Diff online: 60, All online: 7832, Monday online: 0, Thursday online: 0  
[2026-03-13 14:41:06] local.INFO: Method: getPlayersOnline. Server: 2. Player: 76561198858639494(CL | Yamato). Prev online: 12415, Server Online: 12685, Online: 12475. Diff online: 60, All online: 24435, Monday online: 11750, Thursday online: 0  
[2026-03-13 14:41:06] local.INFO: Method: getPlayersOnline. Server: 2. Player: 76561199027819270(what happened(((). Prev online: 173, Server Online: 246392, Online: 233. Diff online: 60, All online: 281346, Monday online: 34954, Thursday online: 0  
[2026-03-13 14:41:06] local.INFO: Method: getPlayersOnline. Server: 2. Player: 76561198845624597(КОТЭЭЭЭ). Prev online: 5388, Server Online: 1006997, Online: 5448. Diff online: 60, All online: 2553836, Monday online: 1508563, Thursday online: 0  
[2026-03-13 14:41:06] local.INFO: Method: getPlayersOnline. Server: 2. Player: 76561199243426772(4554 #ggrust). Prev online: 2939, Server Online: 900, Online: 2999. Diff online: 60, All online: 13219, Monday online: 12319, Thursday online: 0  
[2026-03-13 14:41:07] local.INFO: Method: getPlayersOnline. Server: 2. Player: 76561199497410738(Ашот). Prev online: 3919, Server Online: 127658, Online: 3979. Diff online: 60, All online: 157898, Monday online: 30240, Thursday online: 0  
[2026-03-13 14:41:07] local.INFO: Method: getPlayersOnline. Server: 2. Player: 76561199217271678(god OK!). Prev online: 480, Server Online: 773120, Online: 540. Diff online: 60, All online: 773120, Monday online: 0, Thursday online: 0  
[2026-03-13 14:41:07] local.INFO: Method: getPlayersOnline. Server: 2. Player: 76561199505080070(Pepega). Prev online: 5771, Server Online: 1576457, Online: 5831. Diff online: 60, All online: 2279135, Monday online: 451812, Thursday online: 0  
[2026-03-13 14:41:08] local.INFO: Method: getPlayersOnline. Server: 2. Player: 76561199250082883(rock). Prev online: 860, Server Online: 1410475, Online: 920. Diff online: 60, All online: 2881885, Monday online: 1265795, Thursday online: 0  
[2026-03-13 14:41:08] local.INFO: Method: getPlayersOnline. Server: 2. Player: 76561199258528453(bad-f1?). Prev online: 3395, Server Online: 654356, Online: 3455. Diff online: 60, All online: 842100, Monday online: 120062, Thursday online: 0  
[2026-03-13 14:41:08] local.INFO: Method: getPlayersOnline. Server: 2. Player: 76561198754436395(『Gaw』- D3). Prev online: 2106, Server Online: 62315, Online: 2166. Diff online: 60, All online: 142934, Monday online: 80619, Thursday online: 0  
[2026-03-13 14:41:08] local.INFO: Method: getPlayersOnline. Server: 2. Player: 76561199727554631(писякака). Prev online: 575, Server Online: 30520, Online: 635. Diff online: 60, All online: 30520, Monday online: 0, Thursday online: 0  
[2026-03-13 14:41:08] local.INFO: Method: getPlayersOnline. Server: 2. Player: 76561199144698786(AmyRose). Prev online: 416, Server Online: 17287, Online: 476. Diff online: 60, All online: 22695, Monday online: 5408, Thursday online: 0  
[2026-03-13 14:41:08] local.INFO: Method: getPlayersOnline. Server: 2. Player: 76561199246146537(【.VEX】| Violetess). Prev online: 6746, Server Online: 308562, Online: 122. Diff online: 60, All online: 308562, Monday online: 0, Thursday online: 0  
[2026-03-13 14:41:09] local.INFO: Method: getPlayersOnline. Server: 3. Player: 76561199821262476(кава бухаетCS2BGD31.RU). Prev online: 1680, Server Online: 565548, Online: 1740. Diff online: 60, All online: 857097, Monday online: 565548, Thursday online: 0  
[2026-03-13 14:42:02] local.INFO: Method: getPlayersOnline. Start...  
[2026-03-13 14:42:03] local.INFO: Method: getPlayersOnline. Server: 2. Player: 76561199203821366(Xd). Prev online: 7185, Server Online: 468918, Online: 7185. Diff online: 0, All online: 909476, Monday online: 399228, Thursday online: 0  
[2026-03-13 14:42:03] local.INFO: Method: getPlayersOnline. Server: 2. Player: 76561199090783915(whxtebutterfly). Prev online: 735, Server Online: 335416, Online: 735. Diff online: 0, All online: 507698, Monday online: 142705, Thursday online: 0  
[2026-03-13 14:42:03] local.INFO: Method: getPlayersOnline. Server: 2. Player: 76561199743727010(werdix #ultimaterust). Prev online: 4465, Server Online: 900, Online: 4465. Diff online: 0, All online: 60123, Monday online: 59223, Thursday online: 0  
[2026-03-13 14:42:03] local.INFO: Method: getPlayersOnline. Server: 2. Player: 76561198451931006(Tom). Prev online: 23377, Server Online: 2890168, Online: 23377. Diff online: 0, All online: 3986489, Monday online: 451948, Thursday online: 0  
[2026-03-13 14:42:03] local.INFO: Method: getPlayersOnline. Server: 2. Player: 76561199384774505(trouble. whyyoufall1ng?). Prev online: 7325, Server Online: 229484, Online: 7325. Diff online: 0, All online: 454142, Monday online: 131401, Thursday online: 0  
[2026-03-13 14:42:04] local.INFO: Method: getPlayersOnline. Server: 2. Player: 76561199091294625(lagaet na ffa). Prev online: 3071, Server Online: 841455, Online: 3071. Diff online: 0, All online: 1127198, Monday online: 164273, Thursday online: 0  
[2026-03-13 14:42:04] local.INFO: Method: getPlayersOnline. Server: 2. Player: 76561198332903750(FOG. | Окрошка)). Prev online: 21337, Server Online: 402588, Online: 21337. Diff online: 0, All online: 710356, Monday online: 307768, Thursday online: 0  
[2026-03-13 14:42:04] local.INFO: Method: getPlayersOnline. Server: 2. Player: 76561199120398108(★PEPSIK★). Prev online: 9373, Server Online: 62873, Online: 9373. Diff online: 0, All online: 93784, Monday online: 30911, Thursday online: 0  
[2026-03-13 14:42:04] local.INFO: Method: getPlayersOnline. Server: 2. Player: 76561199258134981(胖他媽的). Prev online: 2473, Server Online: 4093, Online: 2473. Diff online: 0, All online: 98223, Monday online: 94130, Thursday online: 0  
[2026-03-13 14:42:04] local.INFO: Method: getPlayersOnline. Server: 2. Player: 76561199756724747(Dums#VorpalSwords). Prev online: 3381, Server Online: 8885, Online: 3381. Diff online: 0, All online: 52343, Monday online: 43458, Thursday online: 0  
[2026-03-13 14:42:04] local.INFO: Method: getPlayersOnline. Server: 2. Player: 76561199189404944(furtonger). Prev online: 18283, Server Online: 92240, Online: 18283. Diff online: 0, All online: 185694, Monday online: 93454, Thursday online: 0  
[2026-03-13 14:42:04] local.INFO: Method: getPlayersOnline. Server: 2. Player: 76561199499329355(冬Tw1nkev冬). Prev online: 13798, Server Online: 112995, Online: 13798. Diff online: 0, All online: 149889, Monday online: 36894, Thursday online: 0  
[2026-03-13 14:42:04] local.INFO: Method: getPlayersOnline. Server: 2. Player: 76561198128833802(Cow pussy). Prev online: 12835, Server Online: 38658, Online: 12835. Diff online: 0, All online: 484424, Monday online: 273804, Thursday online: 0  
[2026-03-13 14:42:04] local.INFO: Method: getPlayersOnline. Server: 2. Player: 76561199261706104(76561199261706104). Prev online: 624, Server Online: 329235, Online: 624. Diff online: 0, All online: 2243562, Monday online: 714881, Thursday online: 0  
[2026-03-13 14:42:05] local.INFO: Method: getPlayersOnline. Server: 2. Player: 76561199197000922(утка). Prev online: 3872, Server Online: 901, Online: 3872. Diff online: 0, All online: 901, Monday online: 0, Thursday online: 0  
[2026-03-13 14:42:05] local.INFO: Method: getPlayersOnline. Server: 2. Player: 76561199704747517([OSB] фуфел шмерц). Prev online: 4874, Server Online: 765583, Online: 4874. Diff online: 0, All online: 1265960, Monday online: 500377, Thursday online: 0  
[2026-03-13 14:42:05] local.INFO: Method: getPlayersOnline. Server: 2. Player: 76561198977413624(гуль). Prev online: 1697, Server Online: 2076557, Online: 1697. Diff online: 0, All online: 2924367, Monday online: 831786, Thursday online: 0  
[2026-03-13 14:42:05] local.INFO: Method: getPlayersOnline. Server: 2. Player: 76561198744795404(Аркадий). Prev online: 564, Server Online: 38643, Online: 564. Diff online: 0, All online: 38643, Monday online: 0, Thursday online: 0  
[2026-03-13 14:42:05] local.INFO: Method: getPlayersOnline. Server: 2. Player: 76561199251293554(Romana_Banana #RBN). Prev online: 5927, Server Online: 643704, Online: 5927. Diff online: 0, All online: 1527648, Monday online: 883944, Thursday online: 0  
[2026-03-13 14:42:05] local.INFO: Method: getPlayersOnline. Server: 2. Player: 76561199488737519(.NB | Kasumi). Prev online: 325, Server Online: 326094, Online: 325. Diff online: 0, All online: 547634, Monday online: 45019, Thursday online: 0  
[2026-03-13 14:42:05] local.INFO: Method: getPlayersOnline. Server: 2. Player: 76561199812537987(Satoru). Prev online: 6099, Server Online: 458678, Online: 6099. Diff online: 0, All online: 911550, Monday online: 452872, Thursday online: 0  
[2026-03-13 14:42:05] local.INFO: Method: getPlayersOnline. Server: 2. Player: 76561199887355862(TimkaRT). Prev online: 3336, Server Online: 7832, Online: 3336. Diff online: 0, All online: 7832, Monday online: 0, Thursday online: 0  
[2026-03-13 14:42:06] local.INFO: Method: getPlayersOnline. Server: 2. Player: 76561198858639494(CL | Yamato). Prev online: 12475, Server Online: 12685, Online: 12475. Diff online: 0, All online: 24435, Monday online: 11750, Thursday online: 0  
[2026-03-13 14:42:06] local.INFO: Method: getPlayersOnline. Server: 2. Player: 76561199027819270(what happened(((). Prev online: 233, Server Online: 246392, Online: 233. Diff online: 0, All online: 281346, Monday online: 34954, Thursday online: 0  
[2026-03-13 14:42:06] local.INFO: Method: getPlayersOnline. Server: 2. Player: 76561198845624597(КОТЭЭЭЭ). Prev online: 5448, Server Online: 1006997, Online: 5448. Diff online: 0, All online: 2553836, Monday online: 1508563, Thursday online: 0  
[2026-03-13 14:42:06] local.INFO: Method: getPlayersOnline. Server: 2. Player: 76561199243426772(4554 #ggrust). Prev online: 2999, Server Online: 900, Online: 2999. Diff online: 0, All online: 13219, Monday online: 12319, Thursday online: 0  
[2026-03-13 14:42:06] local.INFO: Method: getPlayersOnline. Server: 2. Player: 76561199497410738(Ашот). Prev online: 3979, Server Online: 127658, Online: 3979. Diff online: 0, All online: 157898, Monday online: 30240, Thursday online: 0  
[2026-03-13 14:42:07] local.INFO: Method: getPlayersOnline. Server: 2. Player: 76561199217271678(god OK!). Prev online: 540, Server Online: 773120, Online: 540. Diff online: 0, All online: 773120, Monday online: 0, Thursday online: 0  
[2026-03-13 14:42:07] local.INFO: Method: getPlayersOnline. Server: 2. Player: 76561199505080070(Pepega). Prev online: 5831, Server Online: 1576457, Online: 5831. Diff online: 0, All online: 2279135, Monday online: 451812, Thursday online: 0  
[2026-03-13 14:42:07] local.INFO: Method: getPlayersOnline. Server: 2. Player: 76561199250082883(rock). Prev online: 920, Server Online: 1410475, Online: 920. Diff online: 0, All online: 2881885, Monday online: 1265795, Thursday online: 0  
[2026-03-13 14:42:07] local.INFO: Method: getPlayersOnline. Server: 2. Player: 76561199258528453(bad-f1?). Prev online: 3455, Server Online: 654356, Online: 3455. Diff online: 0, All online: 842100, Monday online: 120062, Thursday online: 0  
[2026-03-13 14:42:08] local.INFO: Method: getPlayersOnline. Server: 2. Player: 76561198754436395(『Gaw』- D3). Prev online: 2166, Server Online: 62315, Online: 2166. Diff online: 0, All online: 142934, Monday online: 80619, Thursday online: 0  
[2026-03-13 14:42:08] local.INFO: Method: getPlayersOnline. Server: 2. Player: 76561199727554631(писякака). Prev online: 635, Server Online: 30520, Online: 635. Diff online: 0, All online: 30520, Monday online: 0, Thursday online: 0  
[2026-03-13 14:42:08] local.INFO: Method: getPlayersOnline. Server: 2. Player: 76561199144698786(AmyRose). Prev online: 476, Server Online: 17287, Online: 476. Diff online: 0, All online: 22695, Monday online: 5408, Thursday online: 0  
[2026-03-13 14:42:08] local.INFO: Method: getPlayersOnline. Server: 2. Player: 76561199246146537(【.VEX】| Violetess). Prev online: 122, Server Online: 308562, Online: 122. Diff online: 0, All online: 308562, Monday online: 0, Thursday online: 0  
[2026-03-13 14:42:08] local.INFO: Method: getPlayersOnline. Server: 3. Player: 76561199821262476(кава бухаетCS2BGD31.RU). Prev online: 1740, Server Online: 565608, Online: 1800. Diff online: 60, All online: 857157, Monday online: 565608, Thursday online: 0  
[2026-03-13 14:43:03] local.INFO: Method: getPlayersOnline. Start...  
[2026-03-13 14:43:03] local.INFO: Method: getPlayersOnline. Server: 2. Player: 76561199203821366(Xd). Prev online: 7185, Server Online: 469038, Online: 7305. Diff online: 120, All online: 909596, Monday online: 399228, Thursday online: 0  
[2026-03-13 14:43:03] local.INFO: Method: getPlayersOnline. Server: 2. Player: 76561199090783915(whxtebutterfly). Prev online: 735, Server Online: 335536, Online: 855. Diff online: 120, All online: 507818, Monday online: 142705, Thursday online: 0  
[2026-03-13 14:43:03] local.INFO: Method: getPlayersOnline. Server: 2. Player: 76561199743727010(werdix #ultimaterust). Prev online: 4465, Server Online: 1020, Online: 4585. Diff online: 120, All online: 60243, Monday online: 59223, Thursday online: 0  
[2026-03-13 14:43:03] local.INFO: Method: getPlayersOnline. Server: 2. Player: 76561198451931006(Tom). Prev online: 23377, Server Online: 2890288, Online: 23497. Diff online: 120, All online: 3986609, Monday online: 451948, Thursday online: 0  
[2026-03-13 14:43:04] local.INFO: Method: getPlayersOnline. Server: 2. Player: 76561199384774505(trouble. whyyoufall1ng?). Prev online: 7325, Server Online: 229604, Online: 7445. Diff online: 120, All online: 454262, Monday online: 131401, Thursday online: 0  
[2026-03-13 14:43:04] local.INFO: Method: getPlayersOnline. Server: 2. Player: 76561199091294625(lagaet na ffa). Prev online: 3071, Server Online: 841575, Online: 3191. Diff online: 120, All online: 1127318, Monday online: 164273, Thursday online: 0  
[2026-03-13 14:43:04] local.INFO: Method: getPlayersOnline. Server: 2. Player: 76561198332903750(FOG. | Окрошка)). Prev online: 21337, Server Online: 402708, Online: 21457. Diff online: 120, All online: 710476, Monday online: 307768, Thursday online: 0  
[2026-03-13 14:43:05] local.INFO: Method: getPlayersOnline. Server: 2. Player: 76561199120398108(★PEPSIK★). Prev online: 9373, Server Online: 62993, Online: 9493. Diff online: 120, All online: 93904, Monday online: 30911, Thursday online: 0  
[2026-03-13 14:43:05] local.INFO: Method: getPlayersOnline. Server: 2. Player: 76561199258134981(胖他媽的). Prev online: 2473, Server Online: 4213, Online: 2593. Diff online: 120, All online: 98343, Monday online: 94130, Thursday online: 0  
[2026-03-13 14:43:05] local.INFO: Method: getPlayersOnline. Server: 2. Player: 76561199756724747(Dums#VorpalSwords). Prev online: 3381, Server Online: 9005, Online: 3501. Diff online: 120, All online: 52463, Monday online: 43458, Thursday online: 0  
[2026-03-13 14:43:05] local.INFO: Method: getPlayersOnline. Server: 2. Player: 76561199499329355(冬Tw1nkev冬). Prev online: 13798, Server Online: 113115, Online: 13918. Diff online: 120, All online: 150009, Monday online: 36894, Thursday online: 0  
[2026-03-13 14:43:05] local.INFO: Method: getPlayersOnline. Server: 2. Player: 76561198128833802(Cow pussy). Prev online: 12835, Server Online: 38778, Online: 12955. Diff online: 120, All online: 484544, Monday online: 273804, Thursday online: 0  
[2026-03-13 14:43:05] local.INFO: Method: getPlayersOnline. Server: 2. Player: 76561199261706104(76561199261706104). Prev online: 624, Server Online: 329355, Online: 744. Diff online: 120, All online: 2243682, Monday online: 714881, Thursday online: 0  
[2026-03-13 14:43:05] local.INFO: Method: getPlayersOnline. Server: 2. Player: 76561199197000922(утка). Prev online: 3872, Server Online: 1021, Online: 3992. Diff online: 120, All online: 1021, Monday online: 0, Thursday online: 0  
[2026-03-13 14:43:06] local.INFO: Method: getPlayersOnline. Server: 2. Player: 76561199704747517([OSB] фуфел шмерц). Prev online: 4874, Server Online: 765703, Online: 4994. Diff online: 120, All online: 1266080, Monday online: 500377, Thursday online: 0  
[2026-03-13 14:43:06] local.INFO: Method: getPlayersOnline. Server: 2. Player: 76561198977413624(гуль). Prev online: 1697, Server Online: 2076677, Online: 1817. Diff online: 120, All online: 2924487, Monday online: 831786, Thursday online: 0  
[2026-03-13 14:43:06] local.INFO: Method: getPlayersOnline. Server: 2. Player: 76561198744795404(Аркадий). Prev online: 564, Server Online: 38763, Online: 684. Diff online: 120, All online: 38763, Monday online: 0, Thursday online: 0  
[2026-03-13 14:43:06] local.INFO: Method: getPlayersOnline. Server: 2. Player: 76561199251293554(Romana_Banana #RBN). Prev online: 5927, Server Online: 643824, Online: 6047. Diff online: 120, All online: 1527768, Monday online: 883944, Thursday online: 0  
[2026-03-13 14:43:07] local.INFO: Method: getPlayersOnline. Server: 2. Player: 76561199488737519(.NB | Kasumi). Prev online: 325, Server Online: 326214, Online: 445. Diff online: 120, All online: 547754, Monday online: 45019, Thursday online: 0  
[2026-03-13 14:43:07] local.INFO: Method: getPlayersOnline. Server: 2. Player: 76561199812537987(Satoru). Prev online: 6099, Server Online: 458798, Online: 6219. Diff online: 120, All online: 911670, Monday online: 452872, Thursday online: 0  
[2026-03-13 14:43:07] local.INFO: Method: getPlayersOnline. Server: 2. Player: 76561199887355862(TimkaRT). Prev online: 3336, Server Online: 7952, Online: 3456. Diff online: 120, All online: 7952, Monday online: 0, Thursday online: 0  
[2026-03-13 14:43:08] local.INFO: Method: getPlayersOnline. Server: 2. Player: 76561198858639494(CL | Yamato). Prev online: 12475, Server Online: 12805, Online: 12595. Diff online: 120, All online: 24555, Monday online: 11750, Thursday online: 0  
[2026-03-13 14:43:08] local.INFO: Method: getPlayersOnline. Server: 2. Player: 76561199027819270(what happened(((). Prev online: 233, Server Online: 246512, Online: 353. Diff online: 120, All online: 281466, Monday online: 34954, Thursday online: 0  
[2026-03-13 14:43:09] local.INFO: Method: getPlayersOnline. Server: 2. Player: 76561198845624597(КОТЭЭЭЭ). Prev online: 5448, Server Online: 1007117, Online: 5568. Diff online: 120, All online: 2553956, Monday online: 1508563, Thursday online: 0  
[2026-03-13 14:43:10] local.INFO: Method: getPlayersOnline. Server: 2. Player: 76561199497410738(Ашот). Prev online: 3979, Server Online: 127778, Online: 4099. Diff online: 120, All online: 158018, Monday online: 30240, Thursday online: 0  
[2026-03-13 14:43:11] local.INFO: Method: getPlayersOnline. Server: 2. Player: 76561199217271678(god OK!). Prev online: 540, Server Online: 773240, Online: 660. Diff online: 120, All online: 773240, Monday online: 0, Thursday online: 0  
[2026-03-13 14:43:12] local.INFO: Method: getPlayersOnline. Server: 2. Player: 76561199505080070(Pepega). Prev online: 5831, Server Online: 1576577, Online: 5951. Diff online: 120, All online: 2279255, Monday online: 451812, Thursday online: 0  
[2026-03-13 14:43:12] local.INFO: Method: getPlayersOnline. Server: 2. Player: 76561199250082883(rock). Prev online: 920, Server Online: 1410596, Online: 1041. Diff online: 121, All online: 2882006, Monday online: 1265795, Thursday online: 0  
[2026-03-13 14:43:13] local.INFO: Method: getPlayersOnline. Server: 2. Player: 76561199258528453(bad-f1?). Prev online: 3455, Server Online: 654476, Online: 3575. Diff online: 120, All online: 842220, Monday online: 120062, Thursday online: 0  
[2026-03-13 14:43:13] local.INFO: Method: getPlayersOnline. Server: 2. Player: 76561198754436395(『Gaw』- D3). Prev online: 2166, Server Online: 62435, Online: 2286. Diff online: 120, All online: 143054, Monday online: 80619, Thursday online: 0  
[2026-03-13 14:43:13] local.INFO: Method: getPlayersOnline. Server: 2. Player: 76561199727554631(писякака). Prev online: 635, Server Online: 30640, Online: 755. Diff online: 120, All online: 30640, Monday online: 0, Thursday online: 0  
[2026-03-13 14:43:13] local.INFO: Method: getPlayersOnline. Server: 2. Player: 76561199144698786(AmyRose). Prev online: 476, Server Online: 17407, Online: 596. Diff online: 120, All online: 22815, Monday online: 5408, Thursday online: 0  
[2026-03-13 14:43:13] local.INFO: Method: getPlayersOnline. Server: 2. Player: 76561199246146537(【.VEX】| Violetess). Prev online: 122, Server Online: 308682, Online: 242. Diff online: 120, All online: 308682, Monday online: 0, Thursday online: 0  
[2026-03-13 14:43:14] local.INFO: Method: getPlayersOnline. Server: 3. Player: 76561199821262476(кава бухаетCS2BGD31.RU). Prev online: 1800, Server Online: 565668, Online: 1860. Diff online: 60, All online: 857217, Monday online: 565668, Thursday online: 0  
[2026-03-13 14:44:04] local.INFO: Method: getPlayersOnline. Start...  
[2026-03-13 14:44:05] local.INFO: Method: getPlayersOnline. Server: 2. Player: 76561199203821366(Xd). Prev online: 7305, Server Online: 469098, Online: 7365. Diff online: 60, All online: 909656, Monday online: 399228, Thursday online: 0  
[2026-03-13 14:44:05] local.INFO: Method: getPlayersOnline. Server: 2. Player: 76561199090783915(whxtebutterfly). Prev online: 855, Server Online: 335597, Online: 916. Diff online: 61, All online: 507879, Monday online: 142705, Thursday online: 0  
[2026-03-13 14:44:06] local.INFO: Method: getPlayersOnline. Server: 2. Player: 76561199743727010(werdix #ultimaterust). Prev online: 4585, Server Online: 1081, Online: 4646. Diff online: 61, All online: 60304, Monday online: 59223, Thursday online: 0  
[2026-03-13 14:44:06] local.INFO: Method: getPlayersOnline. Server: 2. Player: 76561198451931006(Tom). Prev online: 23497, Server Online: 2890348, Online: 23557. Diff online: 60, All online: 3986669, Monday online: 451948, Thursday online: 0  
[2026-03-13 14:44:06] local.INFO: Method: getPlayersOnline. Server: 2. Player: 76561199384774505(trouble. whyyoufall1ng?). Prev online: 7445, Server Online: 229665, Online: 7506. Diff online: 61, All online: 454323, Monday online: 131401, Thursday online: 0  
[2026-03-13 14:44:06] local.INFO: Method: getPlayersOnline. Server: 2. Player: 76561199091294625(lagaet na ffa). Prev online: 3191, Server Online: 841635, Online: 3251. Diff online: 60, All online: 1127378, Monday online: 164273, Thursday online: 0  
[2026-03-13 14:44:06] local.INFO: Method: getPlayersOnline. Server: 2. Player: 76561198332903750(FOG. | Окрошка)). Prev online: 21457, Server Online: 402768, Online: 21517. Diff online: 60, All online: 710536, Monday online: 307768, Thursday online: 0  
[2026-03-13 14:44:07] local.INFO: Method: getPlayersOnline. Server: 2. Player: 76561199120398108(★PEPSIK★). Prev online: 9493, Server Online: 63054, Online: 9554. Diff online: 61, All online: 93965, Monday online: 30911, Thursday online: 0  
[2026-03-13 14:44:07] local.INFO: Method: getPlayersOnline. Server: 2. Player: 76561199258134981(胖他媽的). Prev online: 2593, Server Online: 4274, Online: 2654. Diff online: 61, All online: 98404, Monday online: 94130, Thursday online: 0  
[2026-03-13 14:44:07] local.INFO: Method: getPlayersOnline. Server: 2. Player: 76561199756724747(Dums#VorpalSwords). Prev online: 3501, Server Online: 9065, Online: 3561. Diff online: 60, All online: 52523, Monday online: 43458, Thursday online: 0  
[2026-03-13 14:44:07] local.INFO: Method: getPlayersOnline. Server: 2. Player: 76561198128833802(Cow pussy). Prev online: 12955, Server Online: 38839, Online: 13016. Diff online: 61, All online: 484605, Monday online: 273804, Thursday online: 0  
[2026-03-13 14:44:07] local.INFO: Method: getPlayersOnline. Server: 2. Player: 76561199261706104(76561199261706104). Prev online: 744, Server Online: 329416, Online: 805. Diff online: 61, All online: 2243743, Monday online: 714881, Thursday online: 0  
[2026-03-13 14:44:07] local.INFO: Method: getPlayersOnline. Server: 2. Player: 76561199197000922(утка). Prev online: 3992, Server Online: 1081, Online: 4052. Diff online: 60, All online: 1081, Monday online: 0, Thursday online: 0  
[2026-03-13 14:44:07] local.INFO: Method: getPlayersOnline. Server: 2. Player: 76561199704747517([OSB] фуфел шмерц). Prev online: 4994, Server Online: 765763, Online: 5054. Diff online: 60, All online: 1266140, Monday online: 500377, Thursday online: 0  
[2026-03-13 14:44:08] local.INFO: Method: getPlayersOnline. Server: 2. Player: 76561198977413624(гуль). Prev online: 1817, Server Online: 2076738, Online: 1878. Diff online: 61, All online: 2924548, Monday online: 831786, Thursday online: 0  
[2026-03-13 14:44:08] local.INFO: Method: getPlayersOnline. Server: 2. Player: 76561198744795404(Аркадий). Prev online: 684, Server Online: 38824, Online: 745. Diff online: 61, All online: 38824, Monday online: 0, Thursday online: 0  
[2026-03-13 14:44:08] local.INFO: Method: getPlayersOnline. Server: 2. Player: 76561199251293554(Romana_Banana #RBN). Prev online: 6047, Server Online: 643885, Online: 6108. Diff online: 61, All online: 1527829, Monday online: 883944, Thursday online: 0  
[2026-03-13 14:44:08] local.INFO: Method: getPlayersOnline. Server: 2. Player: 76561199488737519(.NB | Kasumi). Prev online: 445, Server Online: 326275, Online: 506. Diff online: 61, All online: 547815, Monday online: 45019, Thursday online: 0  
[2026-03-13 14:44:08] local.INFO: Method: getPlayersOnline. Server: 2. Player: 76561199812537987(Satoru). Prev online: 6219, Server Online: 458859, Online: 6280. Diff online: 61, All online: 911731, Monday online: 452872, Thursday online: 0  
[2026-03-13 14:44:08] local.INFO: Method: getPlayersOnline. Server: 2. Player: 76561199887355862(TimkaRT). Prev online: 3456, Server Online: 8013, Online: 3517. Diff online: 61, All online: 8013, Monday online: 0, Thursday online: 0  
[2026-03-13 14:44:08] local.INFO: Method: getPlayersOnline. Server: 2. Player: 76561198858639494(CL | Yamato). Prev online: 12595, Server Online: 12865, Online: 12655. Diff online: 60, All online: 24615, Monday online: 11750, Thursday online: 0  
[2026-03-13 14:44:08] local.INFO: Method: getPlayersOnline. Server: 2. Player: 76561199027819270(what happened(((). Prev online: 353, Server Online: 246572, Online: 413. Diff online: 60, All online: 281526, Monday online: 34954, Thursday online: 0  
[2026-03-13 14:44:09] local.INFO: Method: getPlayersOnline. Server: 2. Player: 76561198845624597(КОТЭЭЭЭ). Prev online: 5568, Server Online: 1007178, Online: 5629. Diff online: 61, All online: 2554017, Monday online: 1508563, Thursday online: 0  
[2026-03-13 14:44:10] local.INFO: Method: getPlayersOnline. Server: 2. Player: 76561199497410738(Ашот). Prev online: 4099, Server Online: 127838, Online: 4159. Diff online: 60, All online: 158078, Monday online: 30240, Thursday online: 0  
[2026-03-13 14:44:10] local.INFO: Method: getPlayersOnline. Server: 2. Player: 76561199217271678(god OK!). Prev online: 660, Server Online: 773301, Online: 721. Diff online: 61, All online: 773301, Monday online: 0, Thursday online: 0  
[2026-03-13 14:44:10] local.INFO: Method: getPlayersOnline. Server: 2. Player: 76561199505080070(Pepega). Prev online: 5951, Server Online: 1576638, Online: 6012. Diff online: 61, All online: 2279316, Monday online: 451812, Thursday online: 0  
[2026-03-13 14:44:10] local.INFO: Method: getPlayersOnline. Server: 2. Player: 76561199250082883(rock). Prev online: 1041, Server Online: 1410656, Online: 1101. Diff online: 60, All online: 2882066, Monday online: 1265795, Thursday online: 0  
[2026-03-13 14:44:11] local.INFO: Method: getPlayersOnline. Server: 2. Player: 76561199258528453(bad-f1?). Prev online: 3575, Server Online: 654537, Online: 3636. Diff online: 61, All online: 842281, Monday online: 120062, Thursday online: 0  
[2026-03-13 14:44:11] local.INFO: Method: getPlayersOnline. Server: 2. Player: 76561198754436395(『Gaw』- D3). Prev online: 2286, Server Online: 62495, Online: 2346. Diff online: 60, All online: 143114, Monday online: 80619, Thursday online: 0  
[2026-03-13 14:44:11] local.INFO: Method: getPlayersOnline. Server: 2. Player: 76561199727554631(писякака). Prev online: 755, Server Online: 30701, Online: 816. Diff online: 61, All online: 30701, Monday online: 0, Thursday online: 0  
[2026-03-13 14:44:11] local.INFO: Method: getPlayersOnline. Server: 2. Player: 76561199144698786(AmyRose). Prev online: 596, Server Online: 17468, Online: 657. Diff online: 61, All online: 22876, Monday online: 5408, Thursday online: 0  
[2026-03-13 14:44:11] local.INFO: Method: getPlayersOnline. Server: 2. Player: 76561199246146537(【.VEX】| Violetess). Prev online: 242, Server Online: 308742, Online: 302. Diff online: 60, All online: 308742, Monday online: 0, Thursday online: 0  
[2026-03-13 14:44:12] local.INFO: Method: getPlayersOnline. Server: 3. Player: 76561199821262476(кава бухаетCS2BGD31.RU). Prev online: 1860, Server Online: 565729, Online: 1921. Diff online: 61, All online: 857278, Monday online: 565729, Thursday online: 0  
[2026-03-13 14:45:05] local.INFO: Method: getPlayersOnline. Start...  
[2026-03-13 14:45:05] local.INFO: Method: getPlayersOnline. Server: 2. Player: 76561199203821366(Xd). Prev online: 7365, Server Online: 469159, Online: 7426. Diff online: 61, All online: 909717, Monday online: 399228, Thursday online: 0  
[2026-03-13 14:45:05] local.INFO: Method: getPlayersOnline. Server: 2. Player: 76561199090783915(whxtebutterfly). Prev online: 916, Server Online: 335657, Online: 976. Diff online: 60, All online: 507939, Monday online: 142705, Thursday online: 0  
[2026-03-13 14:45:06] local.INFO: Method: getPlayersOnline. Server: 2. Player: 76561199743727010(werdix #ultimaterust). Prev online: 4646, Server Online: 1141, Online: 4706. Diff online: 60, All online: 60364, Monday online: 59223, Thursday online: 0  
[2026-03-13 14:45:06] local.INFO: Method: getPlayersOnline. Server: 2. Player: 76561198451931006(Tom). Prev online: 23557, Server Online: 2890408, Online: 23617. Diff online: 60, All online: 3986729, Monday online: 451948, Thursday online: 0  
[2026-03-13 14:45:07] local.INFO: Method: getPlayersOnline. Server: 2. Player: 76561199384774505(trouble. whyyoufall1ng?). Prev online: 7506, Server Online: 229725, Online: 7566. Diff online: 60, All online: 454383, Monday online: 131401, Thursday online: 0  
[2026-03-13 14:45:07] local.INFO: Method: getPlayersOnline. Server: 2. Player: 76561199091294625(lagaet na ffa). Prev online: 3251, Server Online: 841696, Online: 3312. Diff online: 61, All online: 1127439, Monday online: 164273, Thursday online: 0  
[2026-03-13 14:45:07] local.INFO: Method: getPlayersOnline. Server: 2. Player: 76561198332903750(FOG. | Окрошка)). Prev online: 21517, Server Online: 402829, Online: 21578. Diff online: 61, All online: 710597, Monday online: 307768, Thursday online: 0  
[2026-03-13 14:45:07] local.INFO: Method: getPlayersOnline. Server: 2. Player: 76561199258134981(胖他媽的). Prev online: 2654, Server Online: 4334, Online: 2714. Diff online: 60, All online: 98464, Monday online: 94130, Thursday online: 0  
[2026-03-13 14:45:07] local.INFO: Method: getPlayersOnline. Server: 2. Player: 76561199756724747(Dums#VorpalSwords). Prev online: 3561, Server Online: 9126, Online: 3622. Diff online: 61, All online: 52584, Monday online: 43458, Thursday online: 0  
[2026-03-13 14:45:08] local.INFO: Method: getPlayersOnline. Server: 2. Player: 76561198128833802(Cow pussy). Prev online: 13016, Server Online: 38899, Online: 13076. Diff online: 60, All online: 484665, Monday online: 273804, Thursday online: 0  
[2026-03-13 14:45:08] local.INFO: Method: getPlayersOnline. Server: 2. Player: 76561199261706104(76561199261706104). Prev online: 805, Server Online: 329476, Online: 865. Diff online: 60, All online: 2243803, Monday online: 714881, Thursday online: 0  
[2026-03-13 14:45:08] local.INFO: Method: getPlayersOnline. Server: 2. Player: 76561199197000922(утка). Prev online: 4052, Server Online: 1141, Online: 4112. Diff online: 60, All online: 1141, Monday online: 0, Thursday online: 0  
[2026-03-13 14:45:08] local.INFO: Method: getPlayersOnline. Server: 2. Player: 76561199704747517([OSB] фуфел шмерц). Prev online: 5054, Server Online: 765823, Online: 5114. Diff online: 60, All online: 1266200, Monday online: 500377, Thursday online: 0  
[2026-03-13 14:45:08] local.INFO: Method: getPlayersOnline. Server: 2. Player: 76561198977413624(гуль). Prev online: 1878, Server Online: 2076798, Online: 1938. Diff online: 60, All online: 2924608, Monday online: 831786, Thursday online: 0  
[2026-03-13 14:45:08] local.INFO: Method: getPlayersOnline. Server: 2. Player: 76561198744795404(Аркадий). Prev online: 745, Server Online: 38884, Online: 805. Diff online: 60, All online: 38884, Monday online: 0, Thursday online: 0  
[2026-03-13 14:45:08] local.INFO: Method: getPlayersOnline. Server: 2. Player: 76561199251293554(Romana_Banana #RBN). Prev online: 6108, Server Online: 643945, Online: 6168. Diff online: 60, All online: 1527889, Monday online: 883944, Thursday online: 0  
[2026-03-13 14:45:08] local.INFO: Method: getPlayersOnline. Server: 2. Player: 76561199488737519(.NB | Kasumi). Prev online: 506, Server Online: 326335, Online: 566. Diff online: 60, All online: 547875, Monday online: 45019, Thursday online: 0  
[2026-03-13 14:45:09] local.INFO: Method: getPlayersOnline. Server: 2. Player: 76561199812537987(Satoru). Prev online: 6280, Server Online: 458919, Online: 6340. Diff online: 60, All online: 911791, Monday online: 452872, Thursday online: 0  
[2026-03-13 14:45:09] local.INFO: Method: getPlayersOnline. Server: 2. Player: 76561199887355862(TimkaRT). Prev online: 3517, Server Online: 8073, Online: 3577. Diff online: 60, All online: 8073, Monday online: 0, Thursday online: 0  
[2026-03-13 14:45:09] local.INFO: Method: getPlayersOnline. Server: 2. Player: 76561198858639494(CL | Yamato). Prev online: 12655, Server Online: 12926, Online: 12716. Diff online: 61, All online: 24676, Monday online: 11750, Thursday online: 0  
[2026-03-13 14:45:09] local.INFO: Method: getPlayersOnline. Server: 2. Player: 76561199027819270(what happened(((). Prev online: 413, Server Online: 246632, Online: 473. Diff online: 60, All online: 281586, Monday online: 34954, Thursday online: 0  
[2026-03-13 14:45:09] local.INFO: Method: getPlayersOnline. Server: 2. Player: 76561198845624597(КОТЭЭЭЭ). Prev online: 5629, Server Online: 1007238, Online: 5689. Diff online: 60, All online: 2554077, Monday online: 1508563, Thursday online: 0  
[2026-03-13 14:45:10] local.INFO: Method: getPlayersOnline. Server: 2. Player: 76561199497410738(Ашот). Prev online: 4159, Server Online: 127898, Online: 4219. Diff online: 60, All online: 158138, Monday online: 30240, Thursday online: 0  
[2026-03-13 14:45:10] local.INFO: Method: getPlayersOnline. Server: 2. Player: 76561199217271678(god OK!). Prev online: 721, Server Online: 773361, Online: 781. Diff online: 60, All online: 773361, Monday online: 0, Thursday online: 0  
[2026-03-13 14:45:10] local.INFO: Method: getPlayersOnline. Server: 2. Player: 76561199505080070(Pepega). Prev online: 6012, Server Online: 1576698, Online: 6072. Diff online: 60, All online: 2279376, Monday online: 451812, Thursday online: 0  
[2026-03-13 14:45:11] local.INFO: Method: getPlayersOnline. Server: 2. Player: 76561199250082883(rock). Prev online: 1101, Server Online: 1410716, Online: 1161. Diff online: 60, All online: 2882126, Monday online: 1265795, Thursday online: 0  
[2026-03-13 14:45:11] local.INFO: Method: getPlayersOnline. Server: 2. Player: 76561199258528453(bad-f1?). Prev online: 3636, Server Online: 654597, Online: 3696. Diff online: 60, All online: 842341, Monday online: 120062, Thursday online: 0  
[2026-03-13 14:45:11] local.INFO: Method: getPlayersOnline. Server: 2. Player: 76561198754436395(『Gaw』- D3). Prev online: 2346, Server Online: 62556, Online: 2407. Diff online: 61, All online: 143175, Monday online: 80619, Thursday online: 0  
[2026-03-13 14:45:11] local.INFO: Method: getPlayersOnline. Server: 2. Player: 76561199727554631(писякака). Prev online: 816, Server Online: 30761, Online: 876. Diff online: 60, All online: 30761, Monday online: 0, Thursday online: 0  
[2026-03-13 14:45:11] local.INFO: Method: getPlayersOnline. Server: 2. Player: 76561199144698786(AmyRose). Prev online: 657, Server Online: 17528, Online: 717. Diff online: 60, All online: 22936, Monday online: 5408, Thursday online: 0  
[2026-03-13 14:45:11] local.INFO: Method: getPlayersOnline. Server: 2. Player: 76561199246146537(【.VEX】| Violetess). Prev online: 302, Server Online: 308802, Online: 362. Diff online: 60, All online: 308802, Monday online: 0, Thursday online: 0  
[2026-03-13 14:45:11] local.INFO: Method: getPlayersOnline. Server: 2. Player: 76561199189404944(furtonger). Prev online: 18283, Server Online: 92312, Online: 72. Diff online: 60, All online: 185766, Monday online: 93454, Thursday online: 0  
[2026-03-13 14:45:12] local.INFO: Method: getPlayersOnline. Server: 3. Player: 76561199821262476(кава бухаетCS2BGD31.RU). Prev online: 1921, Server Online: 565790, Online: 1982. Diff online: 61, All online: 857339, Monday online: 565790, Thursday online: 0  
[2026-03-13 14:46:03] local.INFO: Method: getPlayersOnline. Start...  
[2026-03-13 14:46:03] local.INFO: Method: getPlayersOnline. Server: 2. Player: 76561199203821366(Xd). Prev online: 7426, Server Online: 469159, Online: 7426. Diff online: 0, All online: 909717, Monday online: 399228, Thursday online: 0  
[2026-03-13 14:46:04] local.INFO: Method: getPlayersOnline. Server: 2. Player: 76561199090783915(whxtebutterfly). Prev online: 976, Server Online: 335657, Online: 976. Diff online: 0, All online: 507939, Monday online: 142705, Thursday online: 0  
[2026-03-13 14:46:04] local.INFO: Method: getPlayersOnline. Server: 2. Player: 76561199743727010(werdix #ultimaterust). Prev online: 4706, Server Online: 1141, Online: 4706. Diff online: 0, All online: 60364, Monday online: 59223, Thursday online: 0  
[2026-03-13 14:46:04] local.INFO: Method: getPlayersOnline. Server: 2. Player: 76561198451931006(Tom). Prev online: 23617, Server Online: 2890408, Online: 23617. Diff online: 0, All online: 3986729, Monday online: 451948, Thursday online: 0  
[2026-03-13 14:46:04] local.INFO: Method: getPlayersOnline. Server: 2. Player: 76561199384774505(trouble. whyyoufall1ng?). Prev online: 7566, Server Online: 229725, Online: 7566. Diff online: 0, All online: 454383, Monday online: 131401, Thursday online: 0  
[2026-03-13 14:46:04] local.INFO: Method: getPlayersOnline. Server: 2. Player: 76561199091294625(lagaet na ffa). Prev online: 3312, Server Online: 841696, Online: 3312. Diff online: 0, All online: 1127439, Monday online: 164273, Thursday online: 0  
[2026-03-13 14:46:04] local.INFO: Method: getPlayersOnline. Server: 2. Player: 76561198332903750(FOG. | Окрошка)). Prev online: 21578, Server Online: 402829, Online: 21578. Diff online: 0, All online: 710597, Monday online: 307768, Thursday online: 0  
[2026-03-13 14:46:05] local.INFO: Method: getPlayersOnline. Server: 2. Player: 76561199258134981(胖他媽的). Prev online: 2714, Server Online: 4334, Online: 2714. Diff online: 0, All online: 98464, Monday online: 94130, Thursday online: 0  
[2026-03-13 14:46:05] local.INFO: Method: getPlayersOnline. Server: 2. Player: 76561199756724747(Dums#VorpalSwords). Prev online: 3622, Server Online: 9126, Online: 3622. Diff online: 0, All online: 52584, Monday online: 43458, Thursday online: 0  
[2026-03-13 14:46:05] local.INFO: Method: getPlayersOnline. Server: 2. Player: 76561198128833802(Cow pussy). Prev online: 13076, Server Online: 38899, Online: 13076. Diff online: 0, All online: 484665, Monday online: 273804, Thursday online: 0  
[2026-03-13 14:46:05] local.INFO: Method: getPlayersOnline. Server: 2. Player: 76561199261706104(76561199261706104). Prev online: 865, Server Online: 329476, Online: 865. Diff online: 0, All online: 2243803, Monday online: 714881, Thursday online: 0  
[2026-03-13 14:46:05] local.INFO: Method: getPlayersOnline. Server: 2. Player: 76561199197000922(утка). Prev online: 4112, Server Online: 1141, Online: 4112. Diff online: 0, All online: 1141, Monday online: 0, Thursday online: 0  
[2026-03-13 14:46:06] local.INFO: Method: getPlayersOnline. Server: 2. Player: 76561199704747517([OSB] фуфел шмерц). Prev online: 5114, Server Online: 765823, Online: 5114. Diff online: 0, All online: 1266200, Monday online: 500377, Thursday online: 0  
[2026-03-13 14:46:06] local.INFO: Method: getPlayersOnline. Server: 2. Player: 76561198977413624(гуль). Prev online: 1938, Server Online: 2076798, Online: 1938. Diff online: 0, All online: 2924608, Monday online: 831786, Thursday online: 0  
[2026-03-13 14:46:06] local.INFO: Method: getPlayersOnline. Server: 2. Player: 76561198744795404(Аркадий). Prev online: 805, Server Online: 38884, Online: 805. Diff online: 0, All online: 38884, Monday online: 0, Thursday online: 0  
[2026-03-13 14:46:06] local.INFO: Method: getPlayersOnline. Server: 2. Player: 76561199251293554(Romana_Banana #RBN). Prev online: 6168, Server Online: 643945, Online: 6168. Diff online: 0, All online: 1527889, Monday online: 883944, Thursday online: 0  
[2026-03-13 14:46:06] local.INFO: Method: getPlayersOnline. Server: 2. Player: 76561199488737519(.NB | Kasumi). Prev online: 566, Server Online: 326335, Online: 566. Diff online: 0, All online: 547875, Monday online: 45019, Thursday online: 0  
[2026-03-13 14:46:06] local.INFO: Method: getPlayersOnline. Server: 2. Player: 76561199812537987(Satoru). Prev online: 6340, Server Online: 458919, Online: 6340. Diff online: 0, All online: 911791, Monday online: 452872, Thursday online: 0  
[2026-03-13 14:46:06] local.INFO: Method: getPlayersOnline. Server: 2. Player: 76561199887355862(TimkaRT). Prev online: 3577, Server Online: 8073, Online: 3577. Diff online: 0, All online: 8073, Monday online: 0, Thursday online: 0  
[2026-03-13 14:46:07] local.INFO: Method: getPlayersOnline. Server: 2. Player: 76561198858639494(CL | Yamato). Prev online: 12716, Server Online: 12926, Online: 12716. Diff online: 0, All online: 24676, Monday online: 11750, Thursday online: 0  
[2026-03-13 14:46:07] local.INFO: Method: getPlayersOnline. Server: 2. Player: 76561199027819270(what happened(((). Prev online: 473, Server Online: 246632, Online: 473. Diff online: 0, All online: 281586, Monday online: 34954, Thursday online: 0  
[2026-03-13 14:46:07] local.INFO: Method: getPlayersOnline. Server: 2. Player: 76561198845624597(КОТЭЭЭЭ). Prev online: 5689, Server Online: 1007238, Online: 5689. Diff online: 0, All online: 2554077, Monday online: 1508563, Thursday online: 0  
[2026-03-13 14:46:07] local.INFO: Method: getPlayersOnline. Server: 2. Player: 76561199497410738(Ашот). Prev online: 4219, Server Online: 127898, Online: 4219. Diff online: 0, All online: 158138, Monday online: 30240, Thursday online: 0  
[2026-03-13 14:46:08] local.INFO: Method: getPlayersOnline. Server: 2. Player: 76561199217271678(god OK!). Prev online: 781, Server Online: 773361, Online: 781. Diff online: 0, All online: 773361, Monday online: 0, Thursday online: 0  
[2026-03-13 14:46:08] local.INFO: Method: getPlayersOnline. Server: 2. Player: 76561199505080070(Pepega). Prev online: 6072, Server Online: 1576698, Online: 6072. Diff online: 0, All online: 2279376, Monday online: 451812, Thursday online: 0  
[2026-03-13 14:46:08] local.INFO: Method: getPlayersOnline. Server: 2. Player: 76561199250082883(rock). Prev online: 1161, Server Online: 1410716, Online: 1161. Diff online: 0, All online: 2882126, Monday online: 1265795, Thursday online: 0  
[2026-03-13 14:46:08] local.INFO: Method: getPlayersOnline. Server: 2. Player: 76561199258528453(bad-f1?). Prev online: 3696, Server Online: 654597, Online: 3696. Diff online: 0, All online: 842341, Monday online: 120062, Thursday online: 0  
[2026-03-13 14:46:09] local.INFO: Method: getPlayersOnline. Server: 2. Player: 76561198754436395(『Gaw』- D3). Prev online: 2407, Server Online: 62556, Online: 2407. Diff online: 0, All online: 143175, Monday online: 80619, Thursday online: 0  
[2026-03-13 14:46:09] local.INFO: Method: getPlayersOnline. Server: 2. Player: 76561199727554631(писякака). Prev online: 876, Server Online: 30761, Online: 876. Diff online: 0, All online: 30761, Monday online: 0, Thursday online: 0  
[2026-03-13 14:46:09] local.INFO: Method: getPlayersOnline. Server: 2. Player: 76561199144698786(AmyRose). Prev online: 717, Server Online: 17528, Online: 717. Diff online: 0, All online: 22936, Monday online: 5408, Thursday online: 0  
[2026-03-13 14:46:09] local.INFO: Method: getPlayersOnline. Server: 2. Player: 76561199246146537(【.VEX】| Violetess). Prev online: 362, Server Online: 308802, Online: 362. Diff online: 0, All online: 308802, Monday online: 0, Thursday online: 0  
[2026-03-13 14:46:09] local.INFO: Method: getPlayersOnline. Server: 2. Player: 76561199189404944(furtonger). Prev online: 72, Server Online: 92312, Online: 72. Diff online: 0, All online: 185766, Monday online: 93454, Thursday online: 0  
[2026-03-13 14:46:09] local.INFO: Method: getPlayersOnline. Server: 3. Player: 76561199821262476(кава бухаетCS2BGD31.RU). Prev online: 1982, Server Online: 565848, Online: 2040. Diff online: 58, All online: 857397, Monday online: 565848, Thursday online: 0  
[2026-03-13 14:47:04] local.INFO: Method: getPlayersOnline. Start...  
[2026-03-13 14:47:05] local.INFO: Method: getPlayersOnline. Server: 2. Player: 76561199203821366(Xd). Prev online: 7426, Server Online: 469278, Online: 7545. Diff online: 119, All online: 909836, Monday online: 399228, Thursday online: 0  
[2026-03-13 14:47:05] local.INFO: Method: getPlayersOnline. Server: 2. Player: 76561199090783915(whxtebutterfly). Prev online: 976, Server Online: 335777, Online: 1096. Diff online: 120, All online: 508059, Monday online: 142705, Thursday online: 0  
[2026-03-13 14:47:05] local.INFO: Method: getPlayersOnline. Server: 2. Player: 76561199743727010(werdix #ultimaterust). Prev online: 4706, Server Online: 1261, Online: 4826. Diff online: 120, All online: 60484, Monday online: 59223, Thursday online: 0  
[2026-03-13 14:47:05] local.INFO: Method: getPlayersOnline. Server: 2. Player: 76561198451931006(Tom). Prev online: 23617, Server Online: 2890528, Online: 23737. Diff online: 120, All online: 3986849, Monday online: 451948, Thursday online: 0  
[2026-03-13 14:47:05] local.INFO: Method: getPlayersOnline. Server: 2. Player: 76561199384774505(trouble. whyyoufall1ng?). Prev online: 7566, Server Online: 229845, Online: 7686. Diff online: 120, All online: 454503, Monday online: 131401, Thursday online: 0  
[2026-03-13 14:47:06] local.INFO: Method: getPlayersOnline. Server: 2. Player: 76561199091294625(lagaet na ffa). Prev online: 3312, Server Online: 841815, Online: 3431. Diff online: 119, All online: 1127558, Monday online: 164273, Thursday online: 0  
[2026-03-13 14:47:06] local.INFO: Method: getPlayersOnline. Server: 2. Player: 76561198332903750(FOG. | Окрошка)). Prev online: 21578, Server Online: 402948, Online: 21697. Diff online: 119, All online: 710716, Monday online: 307768, Thursday online: 0  
[2026-03-13 14:47:06] local.INFO: Method: getPlayersOnline. Server: 2. Player: 76561199258134981(胖他媽的). Prev online: 2714, Server Online: 4454, Online: 2834. Diff online: 120, All online: 98584, Monday online: 94130, Thursday online: 0  
[2026-03-13 14:47:06] local.INFO: Method: getPlayersOnline. Server: 2. Player: 76561199756724747(Dums#VorpalSwords). Prev online: 3622, Server Online: 9245, Online: 3741. Diff online: 119, All online: 52703, Monday online: 43458, Thursday online: 0  
[2026-03-13 14:47:06] local.INFO: Method: getPlayersOnline. Server: 2. Player: 76561198128833802(Cow pussy). Prev online: 13076, Server Online: 39019, Online: 13196. Diff online: 120, All online: 484785, Monday online: 273804, Thursday online: 0  
[2026-03-13 14:47:06] local.INFO: Method: getPlayersOnline. Server: 2. Player: 76561199261706104(76561199261706104). Prev online: 865, Server Online: 329596, Online: 985. Diff online: 120, All online: 2243923, Monday online: 714881, Thursday online: 0  
[2026-03-13 14:47:07] local.INFO: Method: getPlayersOnline. Server: 2. Player: 76561199197000922(утка). Prev online: 4112, Server Online: 1261, Online: 4232. Diff online: 120, All online: 1261, Monday online: 0, Thursday online: 0  
[2026-03-13 14:47:07] local.INFO: Method: getPlayersOnline. Server: 2. Player: 76561199704747517([OSB] фуфел шмерц). Prev online: 5114, Server Online: 765943, Online: 5234. Diff online: 120, All online: 1266320, Monday online: 500377, Thursday online: 0  
[2026-03-13 14:47:07] local.INFO: Method: getPlayersOnline. Server: 2. Player: 76561198977413624(гуль). Prev online: 1938, Server Online: 2076918, Online: 2058. Diff online: 120, All online: 2924728, Monday online: 831786, Thursday online: 0  
[2026-03-13 14:47:07] local.INFO: Method: getPlayersOnline. Server: 2. Player: 76561198744795404(Аркадий). Prev online: 805, Server Online: 39004, Online: 925. Diff online: 120, All online: 39004, Monday online: 0, Thursday online: 0  
[2026-03-13 14:47:07] local.INFO: Method: getPlayersOnline. Server: 2. Player: 76561199251293554(Romana_Banana #RBN). Prev online: 6168, Server Online: 644065, Online: 6288. Diff online: 120, All online: 1528009, Monday online: 883944, Thursday online: 0  
[2026-03-13 14:47:07] local.INFO: Method: getPlayersOnline. Server: 2. Player: 76561199488737519(.NB | Kasumi). Prev online: 566, Server Online: 326455, Online: 686. Diff online: 120, All online: 547995, Monday online: 45019, Thursday online: 0  
[2026-03-13 14:47:08] local.INFO: Method: getPlayersOnline. Server: 2. Player: 76561199812537987(Satoru). Prev online: 6340, Server Online: 459039, Online: 6460. Diff online: 120, All online: 911911, Monday online: 452872, Thursday online: 0  
[2026-03-13 14:47:08] local.INFO: Method: getPlayersOnline. Server: 2. Player: 76561199887355862(TimkaRT). Prev online: 3577, Server Online: 8193, Online: 3697. Diff online: 120, All online: 8193, Monday online: 0, Thursday online: 0  
[2026-03-13 14:47:08] local.INFO: Method: getPlayersOnline. Server: 2. Player: 76561198858639494(CL | Yamato). Prev online: 12716, Server Online: 13045, Online: 12835. Diff online: 119, All online: 24795, Monday online: 11750, Thursday online: 0  
[2026-03-13 14:47:08] local.INFO: Method: getPlayersOnline. Server: 2. Player: 76561199027819270(what happened(((). Prev online: 473, Server Online: 246752, Online: 593. Diff online: 120, All online: 281706, Monday online: 34954, Thursday online: 0  
[2026-03-13 14:47:08] local.INFO: Method: getPlayersOnline. Server: 2. Player: 76561198845624597(КОТЭЭЭЭ). Prev online: 5689, Server Online: 1007358, Online: 5809. Diff online: 120, All online: 2554197, Monday online: 1508563, Thursday online: 0  
[2026-03-13 14:47:09] local.INFO: Method: getPlayersOnline. Server: 2. Player: 76561199497410738(Ашот). Prev online: 4219, Server Online: 128018, Online: 4339. Diff online: 120, All online: 158258, Monday online: 30240, Thursday online: 0  
[2026-03-13 14:47:09] local.INFO: Method: getPlayersOnline. Server: 2. Player: 76561199217271678(god OK!). Prev online: 781, Server Online: 773481, Online: 901. Diff online: 120, All online: 773481, Monday online: 0, Thursday online: 0  
[2026-03-13 14:47:09] local.INFO: Method: getPlayersOnline. Server: 2. Player: 76561199505080070(Pepega). Prev online: 6072, Server Online: 1576818, Online: 6192. Diff online: 120, All online: 2279496, Monday online: 451812, Thursday online: 0  
[2026-03-13 14:47:10] local.INFO: Method: getPlayersOnline. Server: 2. Player: 76561199250082883(rock). Prev online: 1161, Server Online: 1410836, Online: 1281. Diff online: 120, All online: 2882246, Monday online: 1265795, Thursday online: 0  
[2026-03-13 14:47:10] local.INFO: Method: getPlayersOnline. Server: 2. Player: 76561199258528453(bad-f1?). Prev online: 3696, Server Online: 654717, Online: 3816. Diff online: 120, All online: 842461, Monday online: 120062, Thursday online: 0  
[2026-03-13 14:47:10] local.INFO: Method: getPlayersOnline. Server: 2. Player: 76561198754436395(『Gaw』- D3). Prev online: 2407, Server Online: 62675, Online: 2526. Diff online: 119, All online: 143294, Monday online: 80619, Thursday online: 0  
[2026-03-13 14:47:10] local.INFO: Method: getPlayersOnline. Server: 2. Player: 76561199727554631(писякака). Prev online: 876, Server Online: 30881, Online: 996. Diff online: 120, All online: 30881, Monday online: 0, Thursday online: 0  
[2026-03-13 14:47:10] local.INFO: Method: getPlayersOnline. Server: 2. Player: 76561199144698786(AmyRose). Prev online: 717, Server Online: 17648, Online: 837. Diff online: 120, All online: 23056, Monday online: 5408, Thursday online: 0  
[2026-03-13 14:47:10] local.INFO: Method: getPlayersOnline. Server: 2. Player: 76561199246146537(【.VEX】| Violetess). Prev online: 362, Server Online: 308922, Online: 482. Diff online: 120, All online: 308922, Monday online: 0, Thursday online: 0  
[2026-03-13 14:47:10] local.INFO: Method: getPlayersOnline. Server: 2. Player: 76561199189404944(furtonger). Prev online: 72, Server Online: 92432, Online: 192. Diff online: 120, All online: 185886, Monday online: 93454, Thursday online: 0  
[2026-03-13 14:47:11] local.INFO: Method: getPlayersOnline. Server: 3. Player: 76561199821262476(кава бухаетCS2BGD31.RU). Prev online: 2040, Server Online: 565909, Online: 2101. Diff online: 61, All online: 857458, Monday online: 565909, Thursday online: 0  
[2026-03-13 14:48:04] local.INFO: Method: getPlayersOnline. Start...  
[2026-03-13 14:48:04] local.INFO: Method: getPlayersOnline. Server: 2. Player: 76561199203821366(Xd). Prev online: 7545, Server Online: 469339, Online: 7606. Diff online: 61, All online: 909897, Monday online: 399228, Thursday online: 0  
[2026-03-13 14:48:04] local.INFO: Method: getPlayersOnline. Server: 2. Player: 76561199090783915(whxtebutterfly). Prev online: 1096, Server Online: 335837, Online: 1156. Diff online: 60, All online: 508119, Monday online: 142705, Thursday online: 0  
[2026-03-13 14:48:05] local.INFO: Method: getPlayersOnline. Server: 2. Player: 76561199743727010(werdix #ultimaterust). Prev online: 4826, Server Online: 1321, Online: 4886. Diff online: 60, All online: 60544, Monday online: 59223, Thursday online: 0  
[2026-03-13 14:48:05] local.INFO: Method: getPlayersOnline. Server: 2. Player: 76561198451931006(Tom). Prev online: 23737, Server Online: 2890588, Online: 23797. Diff online: 60, All online: 3986909, Monday online: 451948, Thursday online: 0  
[2026-03-13 14:48:05] local.INFO: Method: getPlayersOnline. Server: 2. Player: 76561199384774505(trouble. whyyoufall1ng?). Prev online: 7686, Server Online: 229905, Online: 7746. Diff online: 60, All online: 454563, Monday online: 131401, Thursday online: 0  
[2026-03-13 14:48:05] local.INFO: Method: getPlayersOnline. Server: 2. Player: 76561199091294625(lagaet na ffa). Prev online: 3431, Server Online: 841875, Online: 3491. Diff online: 60, All online: 1127618, Monday online: 164273, Thursday online: 0  
[2026-03-13 14:48:05] local.INFO: Method: getPlayersOnline. Server: 2. Player: 76561198332903750(FOG. | Окрошка)). Prev online: 21697, Server Online: 403008, Online: 21757. Diff online: 60, All online: 710776, Monday online: 307768, Thursday online: 0  
[2026-03-13 14:48:05] local.INFO: Method: getPlayersOnline. Server: 2. Player: 76561199258134981(胖他媽的). Prev online: 2834, Server Online: 4514, Online: 2894. Diff online: 60, All online: 98644, Monday online: 94130, Thursday online: 0  
[2026-03-13 14:48:06] local.INFO: Method: getPlayersOnline. Server: 2. Player: 76561199756724747(Dums#VorpalSwords). Prev online: 3741, Server Online: 9305, Online: 3801. Diff online: 60, All online: 52763, Monday online: 43458, Thursday online: 0  
[2026-03-13 14:48:06] local.INFO: Method: getPlayersOnline. Server: 2. Player: 76561198128833802(Cow pussy). Prev online: 13196, Server Online: 39079, Online: 13256. Diff online: 60, All online: 484845, Monday online: 273804, Thursday online: 0  
[2026-03-13 14:48:06] local.INFO: Method: getPlayersOnline. Server: 2. Player: 76561199261706104(76561199261706104). Prev online: 985, Server Online: 329656, Online: 1045. Diff online: 60, All online: 2243983, Monday online: 714881, Thursday online: 0  
[2026-03-13 14:48:06] local.INFO: Method: getPlayersOnline. Server: 2. Player: 76561199197000922(утка). Prev online: 4232, Server Online: 1321, Online: 4292. Diff online: 60, All online: 1321, Monday online: 0, Thursday online: 0  
[2026-03-13 14:48:07] local.INFO: Method: getPlayersOnline. Server: 2. Player: 76561199704747517([OSB] фуфел шмерц). Prev online: 5234, Server Online: 766003, Online: 5294. Diff online: 60, All online: 1266380, Monday online: 500377, Thursday online: 0  
[2026-03-13 14:48:07] local.INFO: Method: getPlayersOnline. Server: 2. Player: 76561198977413624(гуль). Prev online: 2058, Server Online: 2076978, Online: 2118. Diff online: 60, All online: 2924788, Monday online: 831786, Thursday online: 0  
[2026-03-13 14:48:07] local.INFO: Method: getPlayersOnline. Server: 2. Player: 76561198744795404(Аркадий). Prev online: 925, Server Online: 39064, Online: 985. Diff online: 60, All online: 39064, Monday online: 0, Thursday online: 0  
[2026-03-13 14:48:07] local.INFO: Method: getPlayersOnline. Server: 2. Player: 76561199251293554(Romana_Banana #RBN). Prev online: 6288, Server Online: 644125, Online: 6348. Diff online: 60, All online: 1528069, Monday online: 883944, Thursday online: 0  
[2026-03-13 14:48:07] local.INFO: Method: getPlayersOnline. Server: 2. Player: 76561199488737519(.NB | Kasumi). Prev online: 686, Server Online: 326515, Online: 746. Diff online: 60, All online: 548055, Monday online: 45019, Thursday online: 0  
[2026-03-13 14:48:07] local.INFO: Method: getPlayersOnline. Server: 2. Player: 76561199812537987(Satoru). Prev online: 6460, Server Online: 459099, Online: 6520. Diff online: 60, All online: 911971, Monday online: 452872, Thursday online: 0  
[2026-03-13 14:48:07] local.INFO: Method: getPlayersOnline. Server: 2. Player: 76561199887355862(TimkaRT). Prev online: 3697, Server Online: 8253, Online: 3757. Diff online: 60, All online: 8253, Monday online: 0, Thursday online: 0  
[2026-03-13 14:48:07] local.INFO: Method: getPlayersOnline. Server: 2. Player: 76561198858639494(CL | Yamato). Prev online: 12835, Server Online: 13106, Online: 12896. Diff online: 61, All online: 24856, Monday online: 11750, Thursday online: 0  
[2026-03-13 14:48:07] local.INFO: Method: getPlayersOnline. Server: 2. Player: 76561199027819270(what happened(((). Prev online: 593, Server Online: 246812, Online: 653. Diff online: 60, All online: 281766, Monday online: 34954, Thursday online: 0  
[2026-03-13 14:48:08] local.INFO: Method: getPlayersOnline. Server: 2. Player: 76561198845624597(КОТЭЭЭЭ). Prev online: 5809, Server Online: 1007418, Online: 5869. Diff online: 60, All online: 2554257, Monday online: 1508563, Thursday online: 0  
[2026-03-13 14:48:08] local.INFO: Method: getPlayersOnline. Server: 2. Player: 76561199497410738(Ашот). Prev online: 4339, Server Online: 128078, Online: 4399. Diff online: 60, All online: 158318, Monday online: 30240, Thursday online: 0  
[2026-03-13 14:48:08] local.INFO: Method: getPlayersOnline. Server: 2. Player: 76561199217271678(god OK!). Prev online: 901, Server Online: 773541, Online: 961. Diff online: 60, All online: 773541, Monday online: 0, Thursday online: 0  
[2026-03-13 14:48:09] local.INFO: Method: getPlayersOnline. Server: 2. Player: 76561199505080070(Pepega). Prev online: 6192, Server Online: 1576878, Online: 6252. Diff online: 60, All online: 2279556, Monday online: 451812, Thursday online: 0  
[2026-03-13 14:48:09] local.INFO: Method: getPlayersOnline. Server: 2. Player: 76561199250082883(rock). Prev online: 1281, Server Online: 1410896, Online: 1341. Diff online: 60, All online: 2882306, Monday online: 1265795, Thursday online: 0  
[2026-03-13 14:48:09] local.INFO: Method: getPlayersOnline. Server: 2. Player: 76561199258528453(bad-f1?). Prev online: 3816, Server Online: 654777, Online: 3876. Diff online: 60, All online: 842521, Monday online: 120062, Thursday online: 0  
[2026-03-13 14:48:09] local.INFO: Method: getPlayersOnline. Server: 2. Player: 76561198754436395(『Gaw』- D3). Prev online: 2526, Server Online: 62735, Online: 2586. Diff online: 60, All online: 143354, Monday online: 80619, Thursday online: 0  
[2026-03-13 14:48:10] local.INFO: Method: getPlayersOnline. Server: 2. Player: 76561199727554631(писякака). Prev online: 996, Server Online: 30941, Online: 1056. Diff online: 60, All online: 30941, Monday online: 0, Thursday online: 0  
[2026-03-13 14:48:10] local.INFO: Method: getPlayersOnline. Server: 2. Player: 76561199144698786(AmyRose). Prev online: 837, Server Online: 17708, Online: 897. Diff online: 60, All online: 23116, Monday online: 5408, Thursday online: 0  
[2026-03-13 14:48:10] local.INFO: Method: getPlayersOnline. Server: 2. Player: 76561199246146537(【.VEX】| Violetess). Prev online: 482, Server Online: 308982, Online: 542. Diff online: 60, All online: 308982, Monday online: 0, Thursday online: 0  
[2026-03-13 14:48:10] local.INFO: Method: getPlayersOnline. Server: 2. Player: 76561199189404944(furtonger). Prev online: 192, Server Online: 92492, Online: 252. Diff online: 60, All online: 185946, Monday online: 93454, Thursday online: 0  
[2026-03-13 14:48:10] local.INFO: Method: getPlayersOnline. Server: 3. Player: 76561199821262476(кава бухаетCS2BGD31.RU). Prev online: 2101, Server Online: 565969, Online: 2161. Diff online: 60, All online: 857518, Monday online: 565969, Thursday online: 0  
[2026-03-13 14:49:03] local.INFO: Method: getPlayersOnline. Start...  
[2026-03-13 14:49:03] local.INFO: Method: getPlayersOnline. Server: 2. Player: 76561199203821366(Xd). Prev online: 7606, Server Online: 469398, Online: 7665. Diff online: 59, All online: 909956, Monday online: 399228, Thursday online: 0  
[2026-03-13 14:49:03] local.INFO: Method: getPlayersOnline. Server: 2. Player: 76561199090783915(whxtebutterfly). Prev online: 1156, Server Online: 335896, Online: 1215. Diff online: 59, All online: 508178, Monday online: 142705, Thursday online: 0  
[2026-03-13 14:49:04] local.INFO: Method: getPlayersOnline. Server: 2. Player: 76561199743727010(werdix #ultimaterust). Prev online: 4886, Server Online: 1380, Online: 4945. Diff online: 59, All online: 60603, Monday online: 59223, Thursday online: 0  
[2026-03-13 14:49:04] local.INFO: Method: getPlayersOnline. Server: 2. Player: 76561198451931006(Tom). Prev online: 23797, Server Online: 2890648, Online: 23857. Diff online: 60, All online: 3986969, Monday online: 451948, Thursday online: 0  
[2026-03-13 14:49:04] local.INFO: Method: getPlayersOnline. Server: 2. Player: 76561199384774505(trouble. whyyoufall1ng?). Prev online: 7746, Server Online: 229964, Online: 7805. Diff online: 59, All online: 454622, Monday online: 131401, Thursday online: 0  
[2026-03-13 14:49:04] local.INFO: Method: getPlayersOnline. Server: 2. Player: 76561199091294625(lagaet na ffa). Prev online: 3491, Server Online: 841935, Online: 3551. Diff online: 60, All online: 1127678, Monday online: 164273, Thursday online: 0  
[2026-03-13 14:49:04] local.INFO: Method: getPlayersOnline. Server: 2. Player: 76561198332903750(FOG. | Окрошка)). Prev online: 21757, Server Online: 403068, Online: 21817. Diff online: 60, All online: 710836, Monday online: 307768, Thursday online: 0  
[2026-03-13 14:49:05] local.INFO: Method: getPlayersOnline. Server: 2. Player: 76561199258134981(胖他媽的). Prev online: 2894, Server Online: 4574, Online: 2954. Diff online: 60, All online: 98704, Monday online: 94130, Thursday online: 0  
[2026-03-13 14:49:05] local.INFO: Method: getPlayersOnline. Server: 2. Player: 76561199756724747(Dums#VorpalSwords). Prev online: 3801, Server Online: 9365, Online: 3861. Diff online: 60, All online: 52823, Monday online: 43458, Thursday online: 0  
[2026-03-13 14:49:05] local.INFO: Method: getPlayersOnline. Server: 2. Player: 76561198128833802(Cow pussy). Prev online: 13256, Server Online: 39138, Online: 13315. Diff online: 59, All online: 484904, Monday online: 273804, Thursday online: 0  
[2026-03-13 14:49:05] local.INFO: Method: getPlayersOnline. Server: 2. Player: 76561199261706104(76561199261706104). Prev online: 1045, Server Online: 329715, Online: 1104. Diff online: 59, All online: 2244042, Monday online: 714881, Thursday online: 0  
[2026-03-13 14:49:06] local.INFO: Method: getPlayersOnline. Server: 2. Player: 76561199197000922(утка). Prev online: 4292, Server Online: 1381, Online: 4352. Diff online: 60, All online: 1381, Monday online: 0, Thursday online: 0  
[2026-03-13 14:49:06] local.INFO: Method: getPlayersOnline. Server: 2. Player: 76561199704747517([OSB] фуфел шмерц). Prev online: 5294, Server Online: 766063, Online: 5354. Diff online: 60, All online: 1266440, Monday online: 500377, Thursday online: 0  
[2026-03-13 14:49:06] local.INFO: Method: getPlayersOnline. Server: 2. Player: 76561198977413624(гуль). Prev online: 2118, Server Online: 2077037, Online: 2177. Diff online: 59, All online: 2924847, Monday online: 831786, Thursday online: 0  
[2026-03-13 14:49:06] local.INFO: Method: getPlayersOnline. Server: 2. Player: 76561198744795404(Аркадий). Prev online: 985, Server Online: 39123, Online: 1044. Diff online: 59, All online: 39123, Monday online: 0, Thursday online: 0  
[2026-03-13 14:49:06] local.INFO: Method: getPlayersOnline. Server: 2. Player: 76561199251293554(Romana_Banana #RBN). Prev online: 6348, Server Online: 644184, Online: 6407. Diff online: 59, All online: 1528128, Monday online: 883944, Thursday online: 0  
[2026-03-13 14:49:06] local.INFO: Method: getPlayersOnline. Server: 2. Player: 76561199488737519(.NB | Kasumi). Prev online: 746, Server Online: 326574, Online: 805. Diff online: 59, All online: 548114, Monday online: 45019, Thursday online: 0  
[2026-03-13 14:49:07] local.INFO: Method: getPlayersOnline. Server: 2. Player: 76561199812537987(Satoru). Prev online: 6520, Server Online: 459158, Online: 6579. Diff online: 59, All online: 912030, Monday online: 452872, Thursday online: 0  
[2026-03-13 14:49:07] local.INFO: Method: getPlayersOnline. Server: 2. Player: 76561199887355862(TimkaRT). Prev online: 3757, Server Online: 8312, Online: 3816. Diff online: 59, All online: 8312, Monday online: 0, Thursday online: 0  
[2026-03-13 14:49:07] local.INFO: Method: getPlayersOnline. Server: 2. Player: 76561198858639494(CL | Yamato). Prev online: 12896, Server Online: 13165, Online: 12955. Diff online: 59, All online: 24915, Monday online: 11750, Thursday online: 0  
[2026-03-13 14:49:07] local.INFO: Method: getPlayersOnline. Server: 2. Player: 76561199027819270(what happened(((). Prev online: 653, Server Online: 246872, Online: 713. Diff online: 60, All online: 281826, Monday online: 34954, Thursday online: 0  
[2026-03-13 14:49:07] local.INFO: Method: getPlayersOnline. Server: 2. Player: 76561198845624597(КОТЭЭЭЭ). Prev online: 5869, Server Online: 1007477, Online: 5928. Diff online: 59, All online: 2554316, Monday online: 1508563, Thursday online: 0  
[2026-03-13 14:49:08] local.INFO: Method: getPlayersOnline. Server: 2. Player: 76561199497410738(Ашот). Prev online: 4399, Server Online: 128138, Online: 4459. Diff online: 60, All online: 158378, Monday online: 30240, Thursday online: 0  
[2026-03-13 14:49:08] local.INFO: Method: getPlayersOnline. Server: 2. Player: 76561199217271678(god OK!). Prev online: 961, Server Online: 773600, Online: 1020. Diff online: 59, All online: 773600, Monday online: 0, Thursday online: 0  
[2026-03-13 14:49:09] local.INFO: Method: getPlayersOnline. Server: 2. Player: 76561199505080070(Pepega). Prev online: 6252, Server Online: 1576937, Online: 6311. Diff online: 59, All online: 2279615, Monday online: 451812, Thursday online: 0  
[2026-03-13 14:49:09] local.INFO: Method: getPlayersOnline. Server: 2. Player: 76561199250082883(rock). Prev online: 1341, Server Online: 1410956, Online: 1401. Diff online: 60, All online: 2882366, Monday online: 1265795, Thursday online: 0  
[2026-03-13 14:49:09] local.INFO: Method: getPlayersOnline. Server: 2. Player: 76561199258528453(bad-f1?). Prev online: 3876, Server Online: 654837, Online: 3936. Diff online: 60, All online: 842581, Monday online: 120062, Thursday online: 0  
[2026-03-13 14:49:10] local.INFO: Method: getPlayersOnline. Server: 2. Player: 76561198754436395(『Gaw』- D3). Prev online: 2586, Server Online: 62795, Online: 2646. Diff online: 60, All online: 143414, Monday online: 80619, Thursday online: 0  
[2026-03-13 14:49:10] local.INFO: Method: getPlayersOnline. Server: 2. Player: 76561199727554631(писякака). Prev online: 1056, Server Online: 31000, Online: 1115. Diff online: 59, All online: 31000, Monday online: 0, Thursday online: 0  
[2026-03-13 14:49:10] local.INFO: Method: getPlayersOnline. Server: 2. Player: 76561199144698786(AmyRose). Prev online: 897, Server Online: 17767, Online: 956. Diff online: 59, All online: 23175, Monday online: 5408, Thursday online: 0  
[2026-03-13 14:49:10] local.INFO: Method: getPlayersOnline. Server: 2. Player: 76561199246146537(【.VEX】| Violetess). Prev online: 542, Server Online: 309042, Online: 602. Diff online: 60, All online: 309042, Monday online: 0, Thursday online: 0  
[2026-03-13 14:49:10] local.INFO: Method: getPlayersOnline. Server: 2. Player: 76561199189404944(furtonger). Prev online: 252, Server Online: 92551, Online: 311. Diff online: 59, All online: 186005, Monday online: 93454, Thursday online: 0  
[2026-03-13 14:49:10] local.INFO: Method: getPlayersOnline. Server: 3. Player: 76561199821262476(кава бухаетCS2BGD31.RU). Prev online: 2161, Server Online: 566028, Online: 2220. Diff online: 59, All online: 857577, Monday online: 566028, Thursday online: 0  
[2026-03-13 14:50:03] local.INFO: Method: getPlayersOnline. Start...  
[2026-03-13 14:50:04] local.INFO: Method: getPlayersOnline. Server: 2. Player: 76561199203821366(Xd). Prev online: 7665, Server Online: 469398, Online: 7665. Diff online: 0, All online: 909956, Monday online: 399228, Thursday online: 0  
[2026-03-13 14:50:04] local.INFO: Method: getPlayersOnline. Server: 2. Player: 76561199090783915(whxtebutterfly). Prev online: 1215, Server Online: 335896, Online: 1215. Diff online: 0, All online: 508178, Monday online: 142705, Thursday online: 0  
[2026-03-13 14:50:05] local.INFO: Method: getPlayersOnline. Server: 2. Player: 76561199743727010(werdix #ultimaterust). Prev online: 4945, Server Online: 1380, Online: 4945. Diff online: 0, All online: 60603, Monday online: 59223, Thursday online: 0  
[2026-03-13 14:50:05] local.INFO: Method: getPlayersOnline. Server: 2. Player: 76561198451931006(Tom). Prev online: 23857, Server Online: 2890648, Online: 23857. Diff online: 0, All online: 3986969, Monday online: 451948, Thursday online: 0  
[2026-03-13 14:50:05] local.INFO: Method: getPlayersOnline. Server: 2. Player: 76561199384774505(trouble. whyyoufall1ng?). Prev online: 7805, Server Online: 229964, Online: 7805. Diff online: 0, All online: 454622, Monday online: 131401, Thursday online: 0  
[2026-03-13 14:50:05] local.INFO: Method: getPlayersOnline. Server: 2. Player: 76561199091294625(lagaet na ffa). Prev online: 3551, Server Online: 841935, Online: 3551. Diff online: 0, All online: 1127678, Monday online: 164273, Thursday online: 0  
[2026-03-13 14:50:06] local.INFO: Method: getPlayersOnline. Server: 2. Player: 76561198332903750(FOG. | Окрошка)). Prev online: 21817, Server Online: 403068, Online: 21817. Diff online: 0, All online: 710836, Monday online: 307768, Thursday online: 0  
[2026-03-13 14:50:06] local.INFO: Method: getPlayersOnline. Server: 2. Player: 76561199258134981(胖他媽的). Prev online: 2954, Server Online: 4574, Online: 2954. Diff online: 0, All online: 98704, Monday online: 94130, Thursday online: 0  
[2026-03-13 14:50:06] local.INFO: Method: getPlayersOnline. Server: 2. Player: 76561199756724747(Dums#VorpalSwords). Prev online: 3861, Server Online: 9365, Online: 3861. Diff online: 0, All online: 52823, Monday online: 43458, Thursday online: 0  
[2026-03-13 14:50:07] local.INFO: Method: getPlayersOnline. Server: 2. Player: 76561198128833802(Cow pussy). Prev online: 13315, Server Online: 39138, Online: 13315. Diff online: 0, All online: 484904, Monday online: 273804, Thursday online: 0  
[2026-03-13 14:50:07] local.INFO: Method: getPlayersOnline. Server: 2. Player: 76561199261706104(76561199261706104). Prev online: 1104, Server Online: 329715, Online: 1104. Diff online: 0, All online: 2244042, Monday online: 714881, Thursday online: 0  
[2026-03-13 14:50:07] local.INFO: Method: getPlayersOnline. Server: 2. Player: 76561199197000922(утка). Prev online: 4352, Server Online: 1381, Online: 4352. Diff online: 0, All online: 1381, Monday online: 0, Thursday online: 0  
[2026-03-13 14:50:07] local.INFO: Method: getPlayersOnline. Server: 2. Player: 76561199704747517([OSB] фуфел шмерц). Prev online: 5354, Server Online: 766063, Online: 5354. Diff online: 0, All online: 1266440, Monday online: 500377, Thursday online: 0  
[2026-03-13 14:50:07] local.INFO: Method: getPlayersOnline. Server: 2. Player: 76561198977413624(гуль). Prev online: 2177, Server Online: 2077037, Online: 2177. Diff online: 0, All online: 2924847, Monday online: 831786, Thursday online: 0  
[2026-03-13 14:50:07] local.INFO: Method: getPlayersOnline. Server: 2. Player: 76561198744795404(Аркадий). Prev online: 1044, Server Online: 39123, Online: 1044. Diff online: 0, All online: 39123, Monday online: 0, Thursday online: 0  
[2026-03-13 14:50:07] local.INFO: Method: getPlayersOnline. Server: 2. Player: 76561199251293554(Romana_Banana #RBN). Prev online: 6407, Server Online: 644184, Online: 6407. Diff online: 0, All online: 1528128, Monday online: 883944, Thursday online: 0  
[2026-03-13 14:50:07] local.INFO: Method: getPlayersOnline. Server: 2. Player: 76561199488737519(.NB | Kasumi). Prev online: 805, Server Online: 326574, Online: 805. Diff online: 0, All online: 548114, Monday online: 45019, Thursday online: 0  
[2026-03-13 14:50:08] local.INFO: Method: getPlayersOnline. Server: 2. Player: 76561199812537987(Satoru). Prev online: 6579, Server Online: 459158, Online: 6579. Diff online: 0, All online: 912030, Monday online: 452872, Thursday online: 0  
[2026-03-13 14:50:08] local.INFO: Method: getPlayersOnline. Server: 2. Player: 76561199887355862(TimkaRT). Prev online: 3816, Server Online: 8312, Online: 3816. Diff online: 0, All online: 8312, Monday online: 0, Thursday online: 0  
[2026-03-13 14:50:08] local.INFO: Method: getPlayersOnline. Server: 2. Player: 76561198858639494(CL | Yamato). Prev online: 12955, Server Online: 13165, Online: 12955. Diff online: 0, All online: 24915, Monday online: 11750, Thursday online: 0  
[2026-03-13 14:50:08] local.INFO: Method: getPlayersOnline. Server: 2. Player: 76561199027819270(what happened(((). Prev online: 713, Server Online: 246872, Online: 713. Diff online: 0, All online: 281826, Monday online: 34954, Thursday online: 0  
[2026-03-13 14:50:08] local.INFO: Method: getPlayersOnline. Server: 2. Player: 76561198845624597(КОТЭЭЭЭ). Prev online: 5928, Server Online: 1007477, Online: 5928. Diff online: 0, All online: 2554316, Monday online: 1508563, Thursday online: 0  
[2026-03-13 14:50:09] local.INFO: Method: getPlayersOnline. Server: 2. Player: 76561199497410738(Ашот). Prev online: 4459, Server Online: 128138, Online: 4459. Diff online: 0, All online: 158378, Monday online: 30240, Thursday online: 0  
[2026-03-13 14:50:09] local.INFO: Method: getPlayersOnline. Server: 2. Player: 76561199217271678(god OK!). Prev online: 1020, Server Online: 773600, Online: 1020. Diff online: 0, All online: 773600, Monday online: 0, Thursday online: 0  
[2026-03-13 14:50:09] local.INFO: Method: getPlayersOnline. Server: 2. Player: 76561199505080070(Pepega). Prev online: 6311, Server Online: 1576937, Online: 6311. Diff online: 0, All online: 2279615, Monday online: 451812, Thursday online: 0  
[2026-03-13 14:50:10] local.INFO: Method: getPlayersOnline. Server: 2. Player: 76561199250082883(rock). Prev online: 1401, Server Online: 1410956, Online: 1401. Diff online: 0, All online: 2882366, Monday online: 1265795, Thursday online: 0  
[2026-03-13 14:50:10] local.INFO: Method: getPlayersOnline. Server: 2. Player: 76561199258528453(bad-f1?). Prev online: 3936, Server Online: 654837, Online: 3936. Diff online: 0, All online: 842581, Monday online: 120062, Thursday online: 0  
[2026-03-13 14:50:10] local.INFO: Method: getPlayersOnline. Server: 2. Player: 76561198754436395(『Gaw』- D3). Prev online: 2646, Server Online: 62795, Online: 2646. Diff online: 0, All online: 143414, Monday online: 80619, Thursday online: 0  
[2026-03-13 14:50:10] local.INFO: Method: getPlayersOnline. Server: 2. Player: 76561199727554631(писякака). Prev online: 1115, Server Online: 31000, Online: 1115. Diff online: 0, All online: 31000, Monday online: 0, Thursday online: 0  
[2026-03-13 14:50:10] local.INFO: Method: getPlayersOnline. Server: 2. Player: 76561199144698786(AmyRose). Prev online: 956, Server Online: 17767, Online: 956. Diff online: 0, All online: 23175, Monday online: 5408, Thursday online: 0  
[2026-03-13 14:50:10] local.INFO: Method: getPlayersOnline. Server: 2. Player: 76561199246146537(【.VEX】| Violetess). Prev online: 602, Server Online: 309042, Online: 602. Diff online: 0, All online: 309042, Monday online: 0, Thursday online: 0  
[2026-03-13 14:50:10] local.INFO: Method: getPlayersOnline. Server: 2. Player: 76561199189404944(furtonger). Prev online: 311, Server Online: 92551, Online: 311. Diff online: 0, All online: 186005, Monday online: 93454, Thursday online: 0  
[2026-03-13 14:50:11] local.INFO: Method: getPlayersOnline. Server: 3. Player: 76561199821262476(кава бухаетCS2BGD31.RU). Prev online: 2220, Server Online: 566088, Online: 2280. Diff online: 60, All online: 857637, Monday online: 566088, Thursday online: 0  
[2026-03-13 14:51:03] local.INFO: Method: getPlayersOnline. Start...  
[2026-03-13 14:51:03] local.INFO: Method: getPlayersOnline. Server: 2. Player: 76561199203821366(Xd). Prev online: 7665, Server Online: 469518, Online: 7785. Diff online: 120, All online: 910076, Monday online: 399228, Thursday online: 0  
[2026-03-13 14:51:03] local.INFO: Method: getPlayersOnline. Server: 2. Player: 76561199090783915(whxtebutterfly). Prev online: 1215, Server Online: 336016, Online: 1335. Diff online: 120, All online: 508298, Monday online: 142705, Thursday online: 0  
[2026-03-13 14:51:04] local.INFO: Method: getPlayersOnline. Server: 2. Player: 76561199743727010(werdix #ultimaterust). Prev online: 4945, Server Online: 1500, Online: 5065. Diff online: 120, All online: 60723, Monday online: 59223, Thursday online: 0  
[2026-03-13 14:51:04] local.INFO: Method: getPlayersOnline. Server: 2. Player: 76561198451931006(Tom). Prev online: 23857, Server Online: 2890768, Online: 23977. Diff online: 120, All online: 3987089, Monday online: 451948, Thursday online: 0  
[2026-03-13 14:51:04] local.INFO: Method: getPlayersOnline. Server: 2. Player: 76561199384774505(trouble. whyyoufall1ng?). Prev online: 7805, Server Online: 230084, Online: 7925. Diff online: 120, All online: 454742, Monday online: 131401, Thursday online: 0  
[2026-03-13 14:51:04] local.INFO: Method: getPlayersOnline. Server: 2. Player: 76561199091294625(lagaet na ffa). Prev online: 3551, Server Online: 842055, Online: 3671. Diff online: 120, All online: 1127798, Monday online: 164273, Thursday online: 0  
[2026-03-13 14:51:04] local.INFO: Method: getPlayersOnline. Server: 2. Player: 76561198332903750(FOG. | Окрошка)). Prev online: 21817, Server Online: 403188, Online: 21937. Diff online: 120, All online: 710956, Monday online: 307768, Thursday online: 0  
[2026-03-13 14:51:04] local.INFO: Method: getPlayersOnline. Server: 2. Player: 76561199258134981(胖他媽的). Prev online: 2954, Server Online: 4694, Online: 3074. Diff online: 120, All online: 98824, Monday online: 94130, Thursday online: 0  
[2026-03-13 14:51:04] local.INFO: Method: getPlayersOnline. Server: 2. Player: 76561199756724747(Dums#VorpalSwords). Prev online: 3861, Server Online: 9485, Online: 3981. Diff online: 120, All online: 52943, Monday online: 43458, Thursday online: 0  
[2026-03-13 14:51:05] local.INFO: Method: getPlayersOnline. Server: 2. Player: 76561198128833802(Cow pussy). Prev online: 13315, Server Online: 39258, Online: 13435. Diff online: 120, All online: 485024, Monday online: 273804, Thursday online: 0  
[2026-03-13 14:51:05] local.INFO: Method: getPlayersOnline. Server: 2. Player: 76561199261706104(76561199261706104). Prev online: 1104, Server Online: 329835, Online: 1224. Diff online: 120, All online: 2244162, Monday online: 714881, Thursday online: 0  
[2026-03-13 14:51:05] local.INFO: Method: getPlayersOnline. Server: 2. Player: 76561199197000922(утка). Prev online: 4352, Server Online: 1501, Online: 4472. Diff online: 120, All online: 1501, Monday online: 0, Thursday online: 0  
[2026-03-13 14:51:05] local.INFO: Method: getPlayersOnline. Server: 2. Player: 76561199704747517([OSB] фуфел шмерц). Prev online: 5354, Server Online: 766183, Online: 5474. Diff online: 120, All online: 1266560, Monday online: 500377, Thursday online: 0  
[2026-03-13 14:51:05] local.INFO: Method: getPlayersOnline. Server: 2. Player: 76561198977413624(гуль). Prev online: 2177, Server Online: 2077157, Online: 2297. Diff online: 120, All online: 2924967, Monday online: 831786, Thursday online: 0  
[2026-03-13 14:51:05] local.INFO: Method: getPlayersOnline. Server: 2. Player: 76561198744795404(Аркадий). Prev online: 1044, Server Online: 39243, Online: 1164. Diff online: 120, All online: 39243, Monday online: 0, Thursday online: 0  
[2026-03-13 14:51:05] local.INFO: Method: getPlayersOnline. Server: 2. Player: 76561199251293554(Romana_Banana #RBN). Prev online: 6407, Server Online: 644304, Online: 6527. Diff online: 120, All online: 1528248, Monday online: 883944, Thursday online: 0  
[2026-03-13 14:51:06] local.INFO: Method: getPlayersOnline. Server: 2. Player: 76561199488737519(.NB | Kasumi). Prev online: 805, Server Online: 326694, Online: 925. Diff online: 120, All online: 548234, Monday online: 45019, Thursday online: 0  
[2026-03-13 14:51:06] local.INFO: Method: getPlayersOnline. Server: 2. Player: 76561199812537987(Satoru). Prev online: 6579, Server Online: 459279, Online: 6700. Diff online: 121, All online: 912151, Monday online: 452872, Thursday online: 0  
[2026-03-13 14:51:06] local.INFO: Method: getPlayersOnline. Server: 2. Player: 76561199887355862(TimkaRT). Prev online: 3816, Server Online: 8432, Online: 3936. Diff online: 120, All online: 8432, Monday online: 0, Thursday online: 0  
[2026-03-13 14:51:06] local.INFO: Method: getPlayersOnline. Server: 2. Player: 76561198858639494(CL | Yamato). Prev online: 12955, Server Online: 13285, Online: 13075. Diff online: 120, All online: 25035, Monday online: 11750, Thursday online: 0  
[2026-03-13 14:51:06] local.INFO: Method: getPlayersOnline. Server: 2. Player: 76561199027819270(what happened(((). Prev online: 713, Server Online: 246992, Online: 833. Diff online: 120, All online: 281946, Monday online: 34954, Thursday online: 0  
[2026-03-13 14:51:07] local.INFO: Method: getPlayersOnline. Server: 2. Player: 76561198845624597(КОТЭЭЭЭ). Prev online: 5928, Server Online: 1007597, Online: 6048. Diff online: 120, All online: 2554436, Monday online: 1508563, Thursday online: 0  
[2026-03-13 14:51:07] local.INFO: Method: getPlayersOnline. Server: 2. Player: 76561199497410738(Ашот). Prev online: 4459, Server Online: 128258, Online: 4579. Diff online: 120, All online: 158498, Monday online: 30240, Thursday online: 0  
[2026-03-13 14:51:07] local.INFO: Method: getPlayersOnline. Server: 2. Player: 76561199217271678(god OK!). Prev online: 1020, Server Online: 773721, Online: 1141. Diff online: 121, All online: 773721, Monday online: 0, Thursday online: 0  
[2026-03-13 14:51:08] local.INFO: Method: getPlayersOnline. Server: 2. Player: 76561199505080070(Pepega). Prev online: 6311, Server Online: 1577057, Online: 6431. Diff online: 120, All online: 2279735, Monday online: 451812, Thursday online: 0  
[2026-03-13 14:51:08] local.INFO: Method: getPlayersOnline. Server: 2. Player: 76561199250082883(rock). Prev online: 1401, Server Online: 1411076, Online: 1521. Diff online: 120, All online: 2882486, Monday online: 1265795, Thursday online: 0  
[2026-03-13 14:51:08] local.INFO: Method: getPlayersOnline. Server: 2. Player: 76561199258528453(bad-f1?). Prev online: 3936, Server Online: 654957, Online: 4056. Diff online: 120, All online: 842701, Monday online: 120062, Thursday online: 0  
[2026-03-13 14:51:08] local.INFO: Method: getPlayersOnline. Server: 2. Player: 76561198754436395(『Gaw』- D3). Prev online: 2646, Server Online: 62915, Online: 2766. Diff online: 120, All online: 143534, Monday online: 80619, Thursday online: 0  
[2026-03-13 14:51:09] local.INFO: Method: getPlayersOnline. Server: 2. Player: 76561199727554631(писякака). Prev online: 1115, Server Online: 31121, Online: 1236. Diff online: 121, All online: 31121, Monday online: 0, Thursday online: 0  
[2026-03-13 14:51:09] local.INFO: Method: getPlayersOnline. Server: 2. Player: 76561199144698786(AmyRose). Prev online: 956, Server Online: 17887, Online: 1076. Diff online: 120, All online: 23295, Monday online: 5408, Thursday online: 0  
[2026-03-13 14:51:09] local.INFO: Method: getPlayersOnline. Server: 2. Player: 76561199246146537(【.VEX】| Violetess). Prev online: 602, Server Online: 309162, Online: 722. Diff online: 120, All online: 309162, Monday online: 0, Thursday online: 0  
[2026-03-13 14:51:09] local.INFO: Method: getPlayersOnline. Server: 2. Player: 76561199189404944(furtonger). Prev online: 311, Server Online: 92671, Online: 431. Diff online: 120, All online: 186125, Monday online: 93454, Thursday online: 0  
[2026-03-13 14:51:09] local.INFO: Method: getPlayersOnline. Server: 3. Player: 76561199821262476(кава бухаетCS2BGD31.RU). Prev online: 2280, Server Online: 566148, Online: 2340. Diff online: 60, All online: 857697, Monday online: 566148, Thursday online: 0  
[2026-03-13 14:52:04] local.INFO: Method: getPlayersOnline. Start...  
[2026-03-13 14:52:04] local.INFO: Method: getPlayersOnline. Server: 2. Player: 76561199203821366(Xd). Prev online: 7785, Server Online: 469578, Online: 7845. Diff online: 60, All online: 910136, Monday online: 399228, Thursday online: 0  
[2026-03-13 14:52:04] local.INFO: Method: getPlayersOnline. Server: 2. Player: 76561199090783915(whxtebutterfly). Prev online: 1335, Server Online: 336077, Online: 1396. Diff online: 61, All online: 508359, Monday online: 142705, Thursday online: 0  
[2026-03-13 14:52:05] local.INFO: Method: getPlayersOnline. Server: 2. Player: 76561199743727010(werdix #ultimaterust). Prev online: 5065, Server Online: 1560, Online: 5125. Diff online: 60, All online: 60783, Monday online: 59223, Thursday online: 0  
[2026-03-13 14:52:05] local.INFO: Method: getPlayersOnline. Server: 2. Player: 76561198451931006(Tom). Prev online: 23977, Server Online: 2890828, Online: 24037. Diff online: 60, All online: 3987149, Monday online: 451948, Thursday online: 0  
[2026-03-13 14:52:05] local.INFO: Method: getPlayersOnline. Server: 2. Player: 76561199384774505(trouble. whyyoufall1ng?). Prev online: 7925, Server Online: 230145, Online: 7986. Diff online: 61, All online: 454803, Monday online: 131401, Thursday online: 0  
[2026-03-13 14:52:05] local.INFO: Method: getPlayersOnline. Server: 2. Player: 76561199091294625(lagaet na ffa). Prev online: 3671, Server Online: 842115, Online: 3731. Diff online: 60, All online: 1127858, Monday online: 164273, Thursday online: 0  
[2026-03-13 14:52:05] local.INFO: Method: getPlayersOnline. Server: 2. Player: 76561198332903750(FOG. | Окрошка)). Prev online: 21937, Server Online: 403248, Online: 21997. Diff online: 60, All online: 711016, Monday online: 307768, Thursday online: 0  
[2026-03-13 14:52:06] local.INFO: Method: getPlayersOnline. Server: 2. Player: 76561199258134981(胖他媽的). Prev online: 3074, Server Online: 4754, Online: 3134. Diff online: 60, All online: 98884, Monday online: 94130, Thursday online: 0  
[2026-03-13 14:52:06] local.INFO: Method: getPlayersOnline. Server: 2. Player: 76561199756724747(Dums#VorpalSwords). Prev online: 3981, Server Online: 9545, Online: 4041. Diff online: 60, All online: 53003, Monday online: 43458, Thursday online: 0  
[2026-03-13 14:52:06] local.INFO: Method: getPlayersOnline. Server: 2. Player: 76561198128833802(Cow pussy). Prev online: 13435, Server Online: 39319, Online: 13496. Diff online: 61, All online: 485085, Monday online: 273804, Thursday online: 0  
[2026-03-13 14:52:06] local.INFO: Method: getPlayersOnline. Server: 2. Player: 76561199261706104(76561199261706104). Prev online: 1224, Server Online: 329896, Online: 1285. Diff online: 61, All online: 2244223, Monday online: 714881, Thursday online: 0  
[2026-03-13 14:52:06] local.INFO: Method: getPlayersOnline. Server: 2. Player: 76561199197000922(утка). Prev online: 4472, Server Online: 1561, Online: 4532. Diff online: 60, All online: 1561, Monday online: 0, Thursday online: 0  
[2026-03-13 14:52:07] local.INFO: Method: getPlayersOnline. Server: 2. Player: 76561199704747517([OSB] фуфел шмерц). Prev online: 5474, Server Online: 766243, Online: 5534. Diff online: 60, All online: 1266620, Monday online: 500377, Thursday online: 0  
[2026-03-13 14:52:07] local.INFO: Method: getPlayersOnline. Server: 2. Player: 76561198977413624(гуль). Prev online: 2297, Server Online: 2077218, Online: 2358. Diff online: 61, All online: 2925028, Monday online: 831786, Thursday online: 0  
[2026-03-13 14:52:07] local.INFO: Method: getPlayersOnline. Server: 2. Player: 76561198744795404(Аркадий). Prev online: 1164, Server Online: 39304, Online: 1225. Diff online: 61, All online: 39304, Monday online: 0, Thursday online: 0  
[2026-03-13 14:52:07] local.INFO: Method: getPlayersOnline. Server: 2. Player: 76561199251293554(Romana_Banana #RBN). Prev online: 6527, Server Online: 644365, Online: 6588. Diff online: 61, All online: 1528309, Monday online: 883944, Thursday online: 0  
[2026-03-13 14:52:07] local.INFO: Method: getPlayersOnline. Server: 2. Player: 76561199488737519(.NB | Kasumi). Prev online: 925, Server Online: 326755, Online: 986. Diff online: 61, All online: 548295, Monday online: 45019, Thursday online: 0  
[2026-03-13 14:52:07] local.INFO: Method: getPlayersOnline. Server: 2. Player: 76561199812537987(Satoru). Prev online: 6700, Server Online: 459339, Online: 6760. Diff online: 60, All online: 912211, Monday online: 452872, Thursday online: 0  
[2026-03-13 14:52:07] local.INFO: Method: getPlayersOnline. Server: 2. Player: 76561199887355862(TimkaRT). Prev online: 3936, Server Online: 8493, Online: 3997. Diff online: 61, All online: 8493, Monday online: 0, Thursday online: 0  
[2026-03-13 14:52:08] local.INFO: Method: getPlayersOnline. Server: 2. Player: 76561198858639494(CL | Yamato). Prev online: 13075, Server Online: 13345, Online: 13135. Diff online: 60, All online: 25095, Monday online: 11750, Thursday online: 0  
[2026-03-13 14:52:08] local.INFO: Method: getPlayersOnline. Server: 2. Player: 76561199027819270(what happened(((). Prev online: 833, Server Online: 247052, Online: 893. Diff online: 60, All online: 282006, Monday online: 34954, Thursday online: 0  
[2026-03-13 14:52:08] local.INFO: Method: getPlayersOnline. Server: 2. Player: 76561198845624597(КОТЭЭЭЭ). Prev online: 6048, Server Online: 1007658, Online: 6109. Diff online: 61, All online: 2554497, Monday online: 1508563, Thursday online: 0  
[2026-03-13 14:52:09] local.INFO: Method: getPlayersOnline. Server: 2. Player: 76561199497410738(Ашот). Prev online: 4579, Server Online: 128318, Online: 4639. Diff online: 60, All online: 158558, Monday online: 30240, Thursday online: 0  
[2026-03-13 14:52:09] local.INFO: Method: getPlayersOnline. Server: 2. Player: 76561199217271678(god OK!). Prev online: 1141, Server Online: 773781, Online: 1201. Diff online: 60, All online: 773781, Monday online: 0, Thursday online: 0  
[2026-03-13 14:52:09] local.INFO: Method: getPlayersOnline. Server: 2. Player: 76561199505080070(Pepega). Prev online: 6431, Server Online: 1577118, Online: 6492. Diff online: 61, All online: 2279796, Monday online: 451812, Thursday online: 0  
[2026-03-13 14:52:09] local.INFO: Method: getPlayersOnline. Server: 2. Player: 76561199250082883(rock). Prev online: 1521, Server Online: 1411136, Online: 1581. Diff online: 60, All online: 2882546, Monday online: 1265795, Thursday online: 0  
[2026-03-13 14:52:10] local.INFO: Method: getPlayersOnline. Server: 2. Player: 76561199258528453(bad-f1?). Prev online: 4056, Server Online: 655017, Online: 4116. Diff online: 60, All online: 842761, Monday online: 120062, Thursday online: 0  
[2026-03-13 14:52:10] local.INFO: Method: getPlayersOnline. Server: 2. Player: 76561198754436395(『Gaw』- D3). Prev online: 2766, Server Online: 62975, Online: 2826. Diff online: 60, All online: 143594, Monday online: 80619, Thursday online: 0  
[2026-03-13 14:52:10] local.INFO: Method: getPlayersOnline. Server: 2. Player: 76561199727554631(писякака). Prev online: 1236, Server Online: 31181, Online: 1296. Diff online: 60, All online: 31181, Monday online: 0, Thursday online: 0  
[2026-03-13 14:52:10] local.INFO: Method: getPlayersOnline. Server: 2. Player: 76561199144698786(AmyRose). Prev online: 1076, Server Online: 17948, Online: 1137. Diff online: 61, All online: 23356, Monday online: 5408, Thursday online: 0  
[2026-03-13 14:52:10] local.INFO: Method: getPlayersOnline. Server: 2. Player: 76561199246146537(【.VEX】| Violetess). Prev online: 722, Server Online: 309222, Online: 782. Diff online: 60, All online: 309222, Monday online: 0, Thursday online: 0  
[2026-03-13 14:52:10] local.INFO: Method: getPlayersOnline. Server: 2. Player: 76561199189404944(furtonger). Prev online: 431, Server Online: 92732, Online: 492. Diff online: 61, All online: 186186, Monday online: 93454, Thursday online: 0  
[2026-03-13 14:52:11] local.INFO: Method: getPlayersOnline. Server: 3. Player: 76561199821262476(кава бухаетCS2BGD31.RU). Prev online: 2340, Server Online: 566209, Online: 2401. Diff online: 61, All online: 857758, Monday online: 566209, Thursday online: 0  
[2026-03-13 14:53:03] local.INFO: Method: getPlayersOnline. Start...  
[2026-03-13 14:53:03] local.INFO: Method: getPlayersOnline. Server: 2. Player: 76561199203821366(Xd). Prev online: 7845, Server Online: 469638, Online: 7905. Diff online: 60, All online: 910196, Monday online: 399228, Thursday online: 0  
[2026-03-13 14:53:04] local.INFO: Method: getPlayersOnline. Server: 2. Player: 76561199090783915(whxtebutterfly). Prev online: 1396, Server Online: 336136, Online: 1455. Diff online: 59, All online: 508418, Monday online: 142705, Thursday online: 0  
[2026-03-13 14:53:04] local.INFO: Method: getPlayersOnline. Server: 2. Player: 76561199743727010(werdix #ultimaterust). Prev online: 5125, Server Online: 1620, Online: 5185. Diff online: 60, All online: 60843, Monday online: 59223, Thursday online: 0  
[2026-03-13 14:53:04] local.INFO: Method: getPlayersOnline. Server: 2. Player: 76561198451931006(Tom). Prev online: 24037, Server Online: 2890888, Online: 24097. Diff online: 60, All online: 3987209, Monday online: 451948, Thursday online: 0  
[2026-03-13 14:53:04] local.INFO: Method: getPlayersOnline. Server: 2. Player: 76561199384774505(trouble. whyyoufall1ng?). Prev online: 7986, Server Online: 230204, Online: 8045. Diff online: 59, All online: 454862, Monday online: 131401, Thursday online: 0  
[2026-03-13 14:53:04] local.INFO: Method: getPlayersOnline. Server: 2. Player: 76561199091294625(lagaet na ffa). Prev online: 3731, Server Online: 842175, Online: 3791. Diff online: 60, All online: 1127918, Monday online: 164273, Thursday online: 0  
[2026-03-13 14:53:05] local.INFO: Method: getPlayersOnline. Server: 2. Player: 76561198332903750(FOG. | Окрошка)). Prev online: 21997, Server Online: 403308, Online: 22057. Diff online: 60, All online: 711076, Monday online: 307768, Thursday online: 0  
[2026-03-13 14:53:05] local.INFO: Method: getPlayersOnline. Server: 2. Player: 76561199258134981(胖他媽的). Prev online: 3134, Server Online: 4813, Online: 3193. Diff online: 59, All online: 98943, Monday online: 94130, Thursday online: 0  
[2026-03-13 14:53:05] local.INFO: Method: getPlayersOnline. Server: 2. Player: 76561199756724747(Dums#VorpalSwords). Prev online: 4041, Server Online: 9605, Online: 4101. Diff online: 60, All online: 53063, Monday online: 43458, Thursday online: 0  
[2026-03-13 14:53:05] local.INFO: Method: getPlayersOnline. Server: 2. Player: 76561198128833802(Cow pussy). Prev online: 13496, Server Online: 39378, Online: 13555. Diff online: 59, All online: 485144, Monday online: 273804, Thursday online: 0  
[2026-03-13 14:53:05] local.INFO: Method: getPlayersOnline. Server: 2. Player: 76561199261706104(76561199261706104). Prev online: 1285, Server Online: 329955, Online: 1344. Diff online: 59, All online: 2244282, Monday online: 714881, Thursday online: 0  
[2026-03-13 14:53:06] local.INFO: Method: getPlayersOnline. Server: 2. Player: 76561199197000922(утка). Prev online: 4532, Server Online: 1621, Online: 4592. Diff online: 60, All online: 1621, Monday online: 0, Thursday online: 0  
[2026-03-13 14:53:07] local.INFO: Method: getPlayersOnline. Server: 2. Player: 76561199704747517([OSB] фуфел шмерц). Prev online: 5534, Server Online: 766303, Online: 5594. Diff online: 60, All online: 1266680, Monday online: 500377, Thursday online: 0  
[2026-03-13 14:53:07] local.INFO: Method: getPlayersOnline. Server: 2. Player: 76561198977413624(гуль). Prev online: 2358, Server Online: 2077277, Online: 2417. Diff online: 59, All online: 2925087, Monday online: 831786, Thursday online: 0  
[2026-03-13 14:53:07] local.INFO: Method: getPlayersOnline. Server: 2. Player: 76561198744795404(Аркадий). Prev online: 1225, Server Online: 39363, Online: 1284. Diff online: 59, All online: 39363, Monday online: 0, Thursday online: 0  
[2026-03-13 14:53:07] local.INFO: Method: getPlayersOnline. Server: 2. Player: 76561199251293554(Romana_Banana #RBN). Prev online: 6588, Server Online: 644424, Online: 6647. Diff online: 59, All online: 1528368, Monday online: 883944, Thursday online: 0  
[2026-03-13 14:53:07] local.INFO: Method: getPlayersOnline. Server: 2. Player: 76561199488737519(.NB | Kasumi). Prev online: 986, Server Online: 326814, Online: 1045. Diff online: 59, All online: 548354, Monday online: 45019, Thursday online: 0  
[2026-03-13 14:53:07] local.INFO: Method: getPlayersOnline. Server: 2. Player: 76561199812537987(Satoru). Prev online: 6760, Server Online: 459398, Online: 6819. Diff online: 59, All online: 912270, Monday online: 452872, Thursday online: 0  
[2026-03-13 14:53:07] local.INFO: Method: getPlayersOnline. Server: 2. Player: 76561199887355862(TimkaRT). Prev online: 3997, Server Online: 8552, Online: 4056. Diff online: 59, All online: 8552, Monday online: 0, Thursday online: 0  
[2026-03-13 14:53:08] local.INFO: Method: getPlayersOnline. Server: 2. Player: 76561198858639494(CL | Yamato). Prev online: 13135, Server Online: 13405, Online: 13195. Diff online: 60, All online: 25155, Monday online: 11750, Thursday online: 0  
[2026-03-13 14:53:08] local.INFO: Method: getPlayersOnline. Server: 2. Player: 76561199027819270(what happened(((). Prev online: 893, Server Online: 247112, Online: 953. Diff online: 60, All online: 282066, Monday online: 34954, Thursday online: 0  
[2026-03-13 14:53:08] local.INFO: Method: getPlayersOnline. Server: 2. Player: 76561198845624597(КОТЭЭЭЭ). Prev online: 6109, Server Online: 1007717, Online: 6168. Diff online: 59, All online: 2554556, Monday online: 1508563, Thursday online: 0  
[2026-03-13 14:53:08] local.INFO: Method: getPlayersOnline. Server: 2. Player: 76561199497410738(Ашот). Prev online: 4639, Server Online: 128378, Online: 4699. Diff online: 60, All online: 158618, Monday online: 30240, Thursday online: 0  
[2026-03-13 14:53:09] local.INFO: Method: getPlayersOnline. Server: 2. Player: 76561199217271678(god OK!). Prev online: 1201, Server Online: 773840, Online: 1260. Diff online: 59, All online: 773840, Monday online: 0, Thursday online: 0  
[2026-03-13 14:53:09] local.INFO: Method: getPlayersOnline. Server: 2. Player: 76561199505080070(Pepega). Prev online: 6492, Server Online: 1577177, Online: 6551. Diff online: 59, All online: 2279855, Monday online: 451812, Thursday online: 0  
[2026-03-13 14:53:09] local.INFO: Method: getPlayersOnline. Server: 2. Player: 76561199250082883(rock). Prev online: 1581, Server Online: 1411195, Online: 1640. Diff online: 59, All online: 2882605, Monday online: 1265795, Thursday online: 0  
[2026-03-13 14:53:09] local.INFO: Method: getPlayersOnline. Server: 2. Player: 76561199258528453(bad-f1?). Prev online: 4116, Server Online: 655076, Online: 4175. Diff online: 59, All online: 842820, Monday online: 120062, Thursday online: 0  
[2026-03-13 14:53:10] local.INFO: Method: getPlayersOnline. Server: 2. Player: 76561198754436395(『Gaw』- D3). Prev online: 2826, Server Online: 63035, Online: 2886. Diff online: 60, All online: 143654, Monday online: 80619, Thursday online: 0  
[2026-03-13 14:53:10] local.INFO: Method: getPlayersOnline. Server: 2. Player: 76561199727554631(писякака). Prev online: 1296, Server Online: 31240, Online: 1355. Diff online: 59, All online: 31240, Monday online: 0, Thursday online: 0  
[2026-03-13 14:53:10] local.INFO: Method: getPlayersOnline. Server: 2. Player: 76561199144698786(AmyRose). Prev online: 1137, Server Online: 18007, Online: 1196. Diff online: 59, All online: 23415, Monday online: 5408, Thursday online: 0  
[2026-03-13 14:53:10] local.INFO: Method: getPlayersOnline. Server: 2. Player: 76561199246146537(【.VEX】| Violetess). Prev online: 782, Server Online: 309282, Online: 842. Diff online: 60, All online: 309282, Monday online: 0, Thursday online: 0  
[2026-03-13 14:53:10] local.INFO: Method: getPlayersOnline. Server: 3. Player: 76561199821262476(кава бухаетCS2BGD31.RU). Prev online: 2401, Server Online: 566268, Online: 2460. Diff online: 59, All online: 857817, Monday online: 566268, Thursday online: 0  
[2026-03-13 14:54:03] local.INFO: Method: getPlayersOnline. Start...  
[2026-03-13 14:54:03] local.INFO: Method: getPlayersOnline. Server: 2. Player: 76561199203821366(Xd). Prev online: 7905, Server Online: 469698, Online: 7965. Diff online: 60, All online: 910256, Monday online: 399228, Thursday online: 0  
[2026-03-13 14:54:03] local.INFO: Method: getPlayersOnline. Server: 2. Player: 76561199090783915(whxtebutterfly). Prev online: 1455, Server Online: 336196, Online: 1515. Diff online: 60, All online: 508478, Monday online: 142705, Thursday online: 0  
[2026-03-13 14:54:04] local.INFO: Method: getPlayersOnline. Server: 2. Player: 76561199743727010(werdix #ultimaterust). Prev online: 5185, Server Online: 1680, Online: 5245. Diff online: 60, All online: 60903, Monday online: 59223, Thursday online: 0  
[2026-03-13 14:54:04] local.INFO: Method: getPlayersOnline. Server: 2. Player: 76561198451931006(Tom). Prev online: 24097, Server Online: 2890948, Online: 24157. Diff online: 60, All online: 3987269, Monday online: 451948, Thursday online: 0  
[2026-03-13 14:54:04] local.INFO: Method: getPlayersOnline. Server: 2. Player: 76561199384774505(trouble. whyyoufall1ng?). Prev online: 8045, Server Online: 230264, Online: 8105. Diff online: 60, All online: 454922, Monday online: 131401, Thursday online: 0  
[2026-03-13 14:54:04] local.INFO: Method: getPlayersOnline. Server: 2. Player: 76561199091294625(lagaet na ffa). Prev online: 3791, Server Online: 842235, Online: 3851. Diff online: 60, All online: 1127978, Monday online: 164273, Thursday online: 0  
[2026-03-13 14:54:04] local.INFO: Method: getPlayersOnline. Server: 2. Player: 76561198332903750(FOG. | Окрошка)). Prev online: 22057, Server Online: 403368, Online: 22117. Diff online: 60, All online: 711136, Monday online: 307768, Thursday online: 0  
[2026-03-13 14:54:05] local.INFO: Method: getPlayersOnline. Server: 2. Player: 76561199258134981(胖他媽的). Prev online: 3193, Server Online: 4874, Online: 3254. Diff online: 61, All online: 99004, Monday online: 94130, Thursday online: 0  
[2026-03-13 14:54:05] local.INFO: Method: getPlayersOnline. Server: 2. Player: 76561199756724747(Dums#VorpalSwords). Prev online: 4101, Server Online: 9665, Online: 4161. Diff online: 60, All online: 53123, Monday online: 43458, Thursday online: 0  
[2026-03-13 14:54:05] local.INFO: Method: getPlayersOnline. Server: 2. Player: 76561198128833802(Cow pussy). Prev online: 13555, Server Online: 39438, Online: 13615. Diff online: 60, All online: 485204, Monday online: 273804, Thursday online: 0  
[2026-03-13 14:54:05] local.INFO: Method: getPlayersOnline. Server: 2. Player: 76561199261706104(76561199261706104). Prev online: 1344, Server Online: 330015, Online: 1404. Diff online: 60, All online: 2244342, Monday online: 714881, Thursday online: 0  
[2026-03-13 14:54:05] local.INFO: Method: getPlayersOnline. Server: 2. Player: 76561199197000922(утка). Prev online: 4592, Server Online: 1681, Online: 4652. Diff online: 60, All online: 1681, Monday online: 0, Thursday online: 0  
[2026-03-13 14:54:05] local.INFO: Method: getPlayersOnline. Server: 2. Player: 76561199704747517([OSB] фуфел шмерц). Prev online: 5594, Server Online: 766363, Online: 5654. Diff online: 60, All online: 1266740, Monday online: 500377, Thursday online: 0  
[2026-03-13 14:54:05] local.INFO: Method: getPlayersOnline. Server: 2. Player: 76561198977413624(гуль). Prev online: 2417, Server Online: 2077337, Online: 2477. Diff online: 60, All online: 2925147, Monday online: 831786, Thursday online: 0  
[2026-03-13 14:54:05] local.INFO: Method: getPlayersOnline. Server: 2. Player: 76561198744795404(Аркадий). Prev online: 1284, Server Online: 39424, Online: 1345. Diff online: 61, All online: 39424, Monday online: 0, Thursday online: 0  
[2026-03-13 14:54:05] local.INFO: Method: getPlayersOnline. Server: 2. Player: 76561199251293554(Romana_Banana #RBN). Prev online: 6647, Server Online: 644485, Online: 6708. Diff online: 61, All online: 1528429, Monday online: 883944, Thursday online: 0  
[2026-03-13 14:54:06] local.INFO: Method: getPlayersOnline. Server: 2. Player: 76561199488737519(.NB | Kasumi). Prev online: 1045, Server Online: 326874, Online: 1105. Diff online: 60, All online: 548414, Monday online: 45019, Thursday online: 0  
[2026-03-13 14:54:06] local.INFO: Method: getPlayersOnline. Server: 2. Player: 76561199812537987(Satoru). Prev online: 6819, Server Online: 459459, Online: 6880. Diff online: 61, All online: 912331, Monday online: 452872, Thursday online: 0  
[2026-03-13 14:54:06] local.INFO: Method: getPlayersOnline. Server: 2. Player: 76561199887355862(TimkaRT). Prev online: 4056, Server Online: 8612, Online: 4116. Diff online: 60, All online: 8612, Monday online: 0, Thursday online: 0  
[2026-03-13 14:54:07] local.INFO: Method: getPlayersOnline. Server: 2. Player: 76561198858639494(CL | Yamato). Prev online: 13195, Server Online: 13465, Online: 13255. Diff online: 60, All online: 25215, Monday online: 11750, Thursday online: 0  
[2026-03-13 14:54:07] local.INFO: Method: getPlayersOnline. Server: 2. Player: 76561199027819270(what happened(((). Prev online: 953, Server Online: 247172, Online: 1013. Diff online: 60, All online: 282126, Monday online: 34954, Thursday online: 0  
[2026-03-13 14:54:07] local.INFO: Method: getPlayersOnline. Server: 2. Player: 76561198845624597(КОТЭЭЭЭ). Prev online: 6168, Server Online: 1007778, Online: 6229. Diff online: 61, All online: 2554617, Monday online: 1508563, Thursday online: 0  
[2026-03-13 14:54:07] local.INFO: Method: getPlayersOnline. Server: 2. Player: 76561199497410738(Ашот). Prev online: 4699, Server Online: 128438, Online: 4759. Diff online: 60, All online: 158678, Monday online: 30240, Thursday online: 0  
[2026-03-13 14:54:08] local.INFO: Method: getPlayersOnline. Server: 2. Player: 76561199217271678(god OK!). Prev online: 1260, Server Online: 773901, Online: 1321. Diff online: 61, All online: 773901, Monday online: 0, Thursday online: 0  
[2026-03-13 14:54:08] local.INFO: Method: getPlayersOnline. Server: 2. Player: 76561199505080070(Pepega). Prev online: 6551, Server Online: 1577237, Online: 6611. Diff online: 60, All online: 2279915, Monday online: 451812, Thursday online: 0  
[2026-03-13 14:54:08] local.INFO: Method: getPlayersOnline. Server: 2. Player: 76561199250082883(rock). Prev online: 1640, Server Online: 1411256, Online: 1701. Diff online: 61, All online: 2882666, Monday online: 1265795, Thursday online: 0  
[2026-03-13 14:54:09] local.INFO: Method: getPlayersOnline. Server: 2. Player: 76561199258528453(bad-f1?). Prev online: 4175, Server Online: 655137, Online: 4236. Diff online: 61, All online: 842881, Monday online: 120062, Thursday online: 0  
[2026-03-13 14:54:09] local.INFO: Method: getPlayersOnline. Server: 2. Player: 76561198754436395(『Gaw』- D3). Prev online: 2886, Server Online: 63095, Online: 2946. Diff online: 60, All online: 143714, Monday online: 80619, Thursday online: 0  
[2026-03-13 14:54:09] local.INFO: Method: getPlayersOnline. Server: 2. Player: 76561199727554631(писякака). Prev online: 1355, Server Online: 31301, Online: 1416. Diff online: 61, All online: 31301, Monday online: 0, Thursday online: 0  
[2026-03-13 14:54:09] local.INFO: Method: getPlayersOnline. Server: 2. Player: 76561199144698786(AmyRose). Prev online: 1196, Server Online: 18068, Online: 1257. Diff online: 61, All online: 23476, Monday online: 5408, Thursday online: 0  
[2026-03-13 14:54:09] local.INFO: Method: getPlayersOnline. Server: 2. Player: 76561199246146537(【.VEX】| Violetess). Prev online: 842, Server Online: 309342, Online: 902. Diff online: 60, All online: 309342, Monday online: 0, Thursday online: 0  
[2026-03-13 14:54:09] local.INFO: Method: getPlayersOnline. Server: 3. Player: 76561199821262476(кава бухаетCS2BGD31.RU). Prev online: 2460, Server Online: 566328, Online: 2520. Diff online: 60, All online: 857877, Monday online: 566328, Thursday online: 0  
[2026-03-13 14:55:02] local.INFO: Method: getPlayersOnline. Start...  
[2026-03-13 14:55:03] local.INFO: Method: getPlayersOnline. Server: 2. Player: 76561199203821366(Xd). Prev online: 7965, Server Online: 469698, Online: 7965. Diff online: 0, All online: 910256, Monday online: 399228, Thursday online: 0  
[2026-03-13 14:55:03] local.INFO: Method: getPlayersOnline. Server: 2. Player: 76561199090783915(whxtebutterfly). Prev online: 1515, Server Online: 336196, Online: 1515. Diff online: 0, All online: 508478, Monday online: 142705, Thursday online: 0  
[2026-03-13 14:55:03] local.INFO: Method: getPlayersOnline. Server: 2. Player: 76561199743727010(werdix #ultimaterust). Prev online: 5245, Server Online: 1680, Online: 5245. Diff online: 0, All online: 60903, Monday online: 59223, Thursday online: 0  
[2026-03-13 14:55:03] local.INFO: Method: getPlayersOnline. Server: 2. Player: 76561198451931006(Tom). Prev online: 24157, Server Online: 2890948, Online: 24157. Diff online: 0, All online: 3987269, Monday online: 451948, Thursday online: 0  
[2026-03-13 14:55:03] local.INFO: Method: getPlayersOnline. Server: 2. Player: 76561199384774505(trouble. whyyoufall1ng?). Prev online: 8105, Server Online: 230264, Online: 8105. Diff online: 0, All online: 454922, Monday online: 131401, Thursday online: 0  
[2026-03-13 14:55:04] local.INFO: Method: getPlayersOnline. Server: 2. Player: 76561199091294625(lagaet na ffa). Prev online: 3851, Server Online: 842235, Online: 3851. Diff online: 0, All online: 1127978, Monday online: 164273, Thursday online: 0  
[2026-03-13 14:55:04] local.INFO: Method: getPlayersOnline. Server: 2. Player: 76561198332903750(FOG. | Окрошка)). Prev online: 22117, Server Online: 403368, Online: 22117. Diff online: 0, All online: 711136, Monday online: 307768, Thursday online: 0  
[2026-03-13 14:55:04] local.INFO: Method: getPlayersOnline. Server: 2. Player: 76561199258134981(胖他媽的). Prev online: 3254, Server Online: 4874, Online: 3254. Diff online: 0, All online: 99004, Monday online: 94130, Thursday online: 0  
[2026-03-13 14:55:04] local.INFO: Method: getPlayersOnline. Server: 2. Player: 76561199756724747(Dums#VorpalSwords). Prev online: 4161, Server Online: 9665, Online: 4161. Diff online: 0, All online: 53123, Monday online: 43458, Thursday online: 0  
[2026-03-13 14:55:04] local.INFO: Method: getPlayersOnline. Server: 2. Player: 76561198128833802(Cow pussy). Prev online: 13615, Server Online: 39438, Online: 13615. Diff online: 0, All online: 485204, Monday online: 273804, Thursday online: 0  
[2026-03-13 14:55:04] local.INFO: Method: getPlayersOnline. Server: 2. Player: 76561199261706104(76561199261706104). Prev online: 1404, Server Online: 330015, Online: 1404. Diff online: 0, All online: 2244342, Monday online: 714881, Thursday online: 0  
[2026-03-13 14:55:05] local.INFO: Method: getPlayersOnline. Server: 2. Player: 76561199197000922(утка). Prev online: 4652, Server Online: 1681, Online: 4652. Diff online: 0, All online: 1681, Monday online: 0, Thursday online: 0  
[2026-03-13 14:55:05] local.INFO: Method: getPlayersOnline. Server: 2. Player: 76561199704747517([OSB] фуфел шмерц). Prev online: 5654, Server Online: 766363, Online: 5654. Diff online: 0, All online: 1266740, Monday online: 500377, Thursday online: 0  
[2026-03-13 14:55:05] local.INFO: Method: getPlayersOnline. Server: 2. Player: 76561198977413624(гуль). Prev online: 2477, Server Online: 2077337, Online: 2477. Diff online: 0, All online: 2925147, Monday online: 831786, Thursday online: 0  
[2026-03-13 14:55:05] local.INFO: Method: getPlayersOnline. Server: 2. Player: 76561198744795404(Аркадий). Prev online: 1345, Server Online: 39424, Online: 1345. Diff online: 0, All online: 39424, Monday online: 0, Thursday online: 0  
[2026-03-13 14:55:05] local.INFO: Method: getPlayersOnline. Server: 2. Player: 76561199251293554(Romana_Banana #RBN). Prev online: 6708, Server Online: 644485, Online: 6708. Diff online: 0, All online: 1528429, Monday online: 883944, Thursday online: 0  
[2026-03-13 14:55:05] local.INFO: Method: getPlayersOnline. Server: 2. Player: 76561199488737519(.NB | Kasumi). Prev online: 1105, Server Online: 326874, Online: 1105. Diff online: 0, All online: 548414, Monday online: 45019, Thursday online: 0  
[2026-03-13 14:55:05] local.INFO: Method: getPlayersOnline. Server: 2. Player: 76561199812537987(Satoru). Prev online: 6880, Server Online: 459459, Online: 6880. Diff online: 0, All online: 912331, Monday online: 452872, Thursday online: 0  
[2026-03-13 14:55:05] local.INFO: Method: getPlayersOnline. Server: 2. Player: 76561199887355862(TimkaRT). Prev online: 4116, Server Online: 8612, Online: 4116. Diff online: 0, All online: 8612, Monday online: 0, Thursday online: 0  
[2026-03-13 14:55:06] local.INFO: Method: getPlayersOnline. Server: 2. Player: 76561198858639494(CL | Yamato). Prev online: 13255, Server Online: 13465, Online: 13255. Diff online: 0, All online: 25215, Monday online: 11750, Thursday online: 0  
[2026-03-13 14:55:06] local.INFO: Method: getPlayersOnline. Server: 2. Player: 76561199027819270(what happened(((). Prev online: 1013, Server Online: 247172, Online: 1013. Diff online: 0, All online: 282126, Monday online: 34954, Thursday online: 0  
[2026-03-13 14:55:06] local.INFO: Method: getPlayersOnline. Server: 2. Player: 76561198845624597(КОТЭЭЭЭ). Prev online: 6229, Server Online: 1007778, Online: 6229. Diff online: 0, All online: 2554617, Monday online: 1508563, Thursday online: 0  
[2026-03-13 14:55:07] local.INFO: Method: getPlayersOnline. Server: 2. Player: 76561199497410738(Ашот). Prev online: 4759, Server Online: 128438, Online: 4759. Diff online: 0, All online: 158678, Monday online: 30240, Thursday online: 0  
[2026-03-13 14:55:07] local.INFO: Method: getPlayersOnline. Server: 2. Player: 76561199217271678(god OK!). Prev online: 1321, Server Online: 773901, Online: 1321. Diff online: 0, All online: 773901, Monday online: 0, Thursday online: 0  
[2026-03-13 14:55:07] local.INFO: Method: getPlayersOnline. Server: 2. Player: 76561199505080070(Pepega). Prev online: 6611, Server Online: 1577237, Online: 6611. Diff online: 0, All online: 2279915, Monday online: 451812, Thursday online: 0  
[2026-03-13 14:55:08] local.INFO: Method: getPlayersOnline. Server: 2. Player: 76561199250082883(rock). Prev online: 1701, Server Online: 1411256, Online: 1701. Diff online: 0, All online: 2882666, Monday online: 1265795, Thursday online: 0  
[2026-03-13 14:55:08] local.INFO: Method: getPlayersOnline. Server: 2. Player: 76561199258528453(bad-f1?). Prev online: 4236, Server Online: 655137, Online: 4236. Diff online: 0, All online: 842881, Monday online: 120062, Thursday online: 0  
[2026-03-13 14:55:08] local.INFO: Method: getPlayersOnline. Server: 2. Player: 76561198754436395(『Gaw』- D3). Prev online: 2946, Server Online: 63095, Online: 2946. Diff online: 0, All online: 143714, Monday online: 80619, Thursday online: 0  
[2026-03-13 14:55:08] local.INFO: Method: getPlayersOnline. Server: 2. Player: 76561199727554631(писякака). Prev online: 1416, Server Online: 31301, Online: 1416. Diff online: 0, All online: 31301, Monday online: 0, Thursday online: 0  
[2026-03-13 14:55:08] local.INFO: Method: getPlayersOnline. Server: 2. Player: 76561199144698786(AmyRose). Prev online: 1257, Server Online: 18068, Online: 1257. Diff online: 0, All online: 23476, Monday online: 5408, Thursday online: 0  
[2026-03-13 14:55:08] local.INFO: Method: getPlayersOnline. Server: 2. Player: 76561199246146537(【.VEX】| Violetess). Prev online: 902, Server Online: 309342, Online: 902. Diff online: 0, All online: 309342, Monday online: 0, Thursday online: 0  
[2026-03-13 14:55:09] local.INFO: Method: getPlayersOnline. Server: 3. Player: 76561199821262476(кава бухаетCS2BGD31.RU). Prev online: 2520, Server Online: 566388, Online: 2580. Diff online: 60, All online: 857937, Monday online: 566388, Thursday online: 0  
[2026-03-13 14:56:02] local.INFO: Method: getPlayersOnline. Start...  
[2026-03-13 14:56:02] local.INFO: Method: getPlayersOnline. Server: 2. Player: 76561199203821366(Xd). Prev online: 7965, Server Online: 469698, Online: 7965. Diff online: 0, All online: 910256, Monday online: 399228, Thursday online: 0  
[2026-03-13 14:56:02] local.INFO: Method: getPlayersOnline. Server: 2. Player: 76561199090783915(whxtebutterfly). Prev online: 1515, Server Online: 336196, Online: 1515. Diff online: 0, All online: 508478, Monday online: 142705, Thursday online: 0  
[2026-03-13 14:56:03] local.INFO: Method: getPlayersOnline. Server: 2. Player: 76561199743727010(werdix #ultimaterust). Prev online: 5245, Server Online: 1680, Online: 5245. Diff online: 0, All online: 60903, Monday online: 59223, Thursday online: 0  
[2026-03-13 14:56:03] local.INFO: Method: getPlayersOnline. Server: 2. Player: 76561198451931006(Tom). Prev online: 24157, Server Online: 2890948, Online: 24157. Diff online: 0, All online: 3987269, Monday online: 451948, Thursday online: 0  
[2026-03-13 14:56:03] local.INFO: Method: getPlayersOnline. Server: 2. Player: 76561199384774505(trouble. whyyoufall1ng?). Prev online: 8105, Server Online: 230264, Online: 8105. Diff online: 0, All online: 454922, Monday online: 131401, Thursday online: 0  
[2026-03-13 14:56:03] local.INFO: Method: getPlayersOnline. Server: 2. Player: 76561199091294625(lagaet na ffa). Prev online: 3851, Server Online: 842235, Online: 3851. Diff online: 0, All online: 1127978, Monday online: 164273, Thursday online: 0  
[2026-03-13 14:56:03] local.INFO: Method: getPlayersOnline. Server: 2. Player: 76561198332903750(FOG. | Окрошка)). Prev online: 22117, Server Online: 403368, Online: 22117. Diff online: 0, All online: 711136, Monday online: 307768, Thursday online: 0  
[2026-03-13 14:56:03] local.INFO: Method: getPlayersOnline. Server: 2. Player: 76561199258134981(胖他媽的). Prev online: 3254, Server Online: 4874, Online: 3254. Diff online: 0, All online: 99004, Monday online: 94130, Thursday online: 0  
[2026-03-13 14:56:03] local.INFO: Method: getPlayersOnline. Server: 2. Player: 76561199756724747(Dums#VorpalSwords). Prev online: 4161, Server Online: 9665, Online: 4161. Diff online: 0, All online: 53123, Monday online: 43458, Thursday online: 0  
[2026-03-13 14:56:04] local.INFO: Method: getPlayersOnline. Server: 2. Player: 76561198128833802(Cow pussy). Prev online: 13615, Server Online: 39438, Online: 13615. Diff online: 0, All online: 485204, Monday online: 273804, Thursday online: 0  
[2026-03-13 14:56:04] local.INFO: Method: getPlayersOnline. Server: 2. Player: 76561199261706104(76561199261706104). Prev online: 1404, Server Online: 330015, Online: 1404. Diff online: 0, All online: 2244342, Monday online: 714881, Thursday online: 0  
[2026-03-13 14:56:04] local.INFO: Method: getPlayersOnline. Server: 2. Player: 76561199197000922(утка). Prev online: 4652, Server Online: 1681, Online: 4652. Diff online: 0, All online: 1681, Monday online: 0, Thursday online: 0  
[2026-03-13 14:56:04] local.INFO: Method: getPlayersOnline. Server: 2. Player: 76561199704747517([OSB] фуфел шмерц). Prev online: 5654, Server Online: 766363, Online: 5654. Diff online: 0, All online: 1266740, Monday online: 500377, Thursday online: 0  
[2026-03-13 14:56:04] local.INFO: Method: getPlayersOnline. Server: 2. Player: 76561198977413624(гуль). Prev online: 2477, Server Online: 2077337, Online: 2477. Diff online: 0, All online: 2925147, Monday online: 831786, Thursday online: 0  
[2026-03-13 14:56:04] local.INFO: Method: getPlayersOnline. Server: 2. Player: 76561198744795404(Аркадий). Prev online: 1345, Server Online: 39424, Online: 1345. Diff online: 0, All online: 39424, Monday online: 0, Thursday online: 0  
[2026-03-13 14:56:04] local.INFO: Method: getPlayersOnline. Server: 2. Player: 76561199251293554(Romana_Banana #RBN). Prev online: 6708, Server Online: 644485, Online: 6708. Diff online: 0, All online: 1528429, Monday online: 883944, Thursday online: 0  
[2026-03-13 14:56:05] local.INFO: Method: getPlayersOnline. Server: 2. Player: 76561199488737519(.NB | Kasumi). Prev online: 1105, Server Online: 326874, Online: 1105. Diff online: 0, All online: 548414, Monday online: 45019, Thursday online: 0  
[2026-03-13 14:56:05] local.INFO: Method: getPlayersOnline. Server: 2. Player: 76561199812537987(Satoru). Prev online: 6880, Server Online: 459459, Online: 6880. Diff online: 0, All online: 912331, Monday online: 452872, Thursday online: 0  
[2026-03-13 14:56:05] local.INFO: Method: getPlayersOnline. Server: 2. Player: 76561199887355862(TimkaRT). Prev online: 4116, Server Online: 8612, Online: 4116. Diff online: 0, All online: 8612, Monday online: 0, Thursday online: 0  
[2026-03-13 14:56:05] local.INFO: Method: getPlayersOnline. Server: 2. Player: 76561198858639494(CL | Yamato). Prev online: 13255, Server Online: 13465, Online: 13255. Diff online: 0, All online: 25215, Monday online: 11750, Thursday online: 0  
[2026-03-13 14:56:05] local.INFO: Method: getPlayersOnline. Server: 2. Player: 76561199027819270(what happened(((). Prev online: 1013, Server Online: 247172, Online: 1013. Diff online: 0, All online: 282126, Monday online: 34954, Thursday online: 0  
[2026-03-13 14:56:06] local.INFO: Method: getPlayersOnline. Server: 2. Player: 76561198845624597(КОТЭЭЭЭ). Prev online: 6229, Server Online: 1007778, Online: 6229. Diff online: 0, All online: 2554617, Monday online: 1508563, Thursday online: 0  
[2026-03-13 14:56:07] local.INFO: Method: getPlayersOnline. Server: 2. Player: 76561199497410738(Ашот). Prev online: 4759, Server Online: 128438, Online: 4759. Diff online: 0, All online: 158678, Monday online: 30240, Thursday online: 0  
[2026-03-13 14:56:07] local.INFO: Method: getPlayersOnline. Server: 2. Player: 76561199217271678(god OK!). Prev online: 1321, Server Online: 773901, Online: 1321. Diff online: 0, All online: 773901, Monday online: 0, Thursday online: 0  
[2026-03-13 14:56:07] local.INFO: Method: getPlayersOnline. Server: 2. Player: 76561199505080070(Pepega). Prev online: 6611, Server Online: 1577237, Online: 6611. Diff online: 0, All online: 2279915, Monday online: 451812, Thursday online: 0  
[2026-03-13 14:56:08] local.INFO: Method: getPlayersOnline. Server: 2. Player: 76561199250082883(rock). Prev online: 1701, Server Online: 1411256, Online: 1701. Diff online: 0, All online: 2882666, Monday online: 1265795, Thursday online: 0  
[2026-03-13 14:56:08] local.INFO: Method: getPlayersOnline. Server: 2. Player: 76561199258528453(bad-f1?). Prev online: 4236, Server Online: 655137, Online: 4236. Diff online: 0, All online: 842881, Monday online: 120062, Thursday online: 0  
[2026-03-13 14:56:08] local.INFO: Method: getPlayersOnline. Server: 2. Player: 76561198754436395(『Gaw』- D3). Prev online: 2946, Server Online: 63095, Online: 2946. Diff online: 0, All online: 143714, Monday online: 80619, Thursday online: 0  
[2026-03-13 14:56:08] local.INFO: Method: getPlayersOnline. Server: 2. Player: 76561199727554631(писякака). Prev online: 1416, Server Online: 31301, Online: 1416. Diff online: 0, All online: 31301, Monday online: 0, Thursday online: 0  
[2026-03-13 14:56:08] local.INFO: Method: getPlayersOnline. Server: 2. Player: 76561199144698786(AmyRose). Prev online: 1257, Server Online: 18068, Online: 1257. Diff online: 0, All online: 23476, Monday online: 5408, Thursday online: 0  
[2026-03-13 14:56:08] local.INFO: Method: getPlayersOnline. Server: 2. Player: 76561199246146537(【.VEX】| Violetess). Prev online: 902, Server Online: 309342, Online: 902. Diff online: 0, All online: 309342, Monday online: 0, Thursday online: 0  
[2026-03-13 14:56:09] local.INFO: Method: getPlayersOnline. Server: 3. Player: 76561199821262476(кава бухаетCS2BGD31.RU). Prev online: 2580, Server Online: 566447, Online: 2639. Diff online: 59, All online: 857996, Monday online: 566447, Thursday online: 0  
[2026-03-13 14:57:02] local.INFO: Method: getPlayersOnline. Start...  
[2026-03-13 14:57:02] local.INFO: Method: getPlayersOnline. Server: 2. Player: 76561199203821366(Xd). Prev online: 7965, Server Online: 469698, Online: 7965. Diff online: 0, All online: 910256, Monday online: 399228, Thursday online: 0  
[2026-03-13 14:57:03] local.INFO: Method: getPlayersOnline. Server: 2. Player: 76561199090783915(whxtebutterfly). Prev online: 1515, Server Online: 336196, Online: 1515. Diff online: 0, All online: 508478, Monday online: 142705, Thursday online: 0  
[2026-03-13 14:57:03] local.INFO: Method: getPlayersOnline. Server: 2. Player: 76561199743727010(werdix #ultimaterust). Prev online: 5245, Server Online: 1680, Online: 5245. Diff online: 0, All online: 60903, Monday online: 59223, Thursday online: 0  
[2026-03-13 14:57:03] local.INFO: Method: getPlayersOnline. Server: 2. Player: 76561198451931006(Tom). Prev online: 24157, Server Online: 2890948, Online: 24157. Diff online: 0, All online: 3987269, Monday online: 451948, Thursday online: 0  
[2026-03-13 14:57:03] local.INFO: Method: getPlayersOnline. Server: 2. Player: 76561199384774505(trouble. whyyoufall1ng?). Prev online: 8105, Server Online: 230264, Online: 8105. Diff online: 0, All online: 454922, Monday online: 131401, Thursday online: 0  
[2026-03-13 14:57:03] local.INFO: Method: getPlayersOnline. Server: 2. Player: 76561199091294625(lagaet na ffa). Prev online: 3851, Server Online: 842235, Online: 3851. Diff online: 0, All online: 1127978, Monday online: 164273, Thursday online: 0  
[2026-03-13 14:57:04] local.INFO: Method: getPlayersOnline. Server: 2. Player: 76561198332903750(FOG. | Окрошка)). Prev online: 22117, Server Online: 403368, Online: 22117. Diff online: 0, All online: 711136, Monday online: 307768, Thursday online: 0  
[2026-03-13 14:57:04] local.INFO: Method: getPlayersOnline. Server: 2. Player: 76561199258134981(胖他媽的). Prev online: 3254, Server Online: 4874, Online: 3254. Diff online: 0, All online: 99004, Monday online: 94130, Thursday online: 0  
[2026-03-13 14:57:04] local.INFO: Method: getPlayersOnline. Server: 2. Player: 76561199756724747(Dums#VorpalSwords). Prev online: 4161, Server Online: 9665, Online: 4161. Diff online: 0, All online: 53123, Monday online: 43458, Thursday online: 0  
[2026-03-13 14:57:04] local.INFO: Method: getPlayersOnline. Server: 2. Player: 76561198128833802(Cow pussy). Prev online: 13615, Server Online: 39438, Online: 13615. Diff online: 0, All online: 485204, Monday online: 273804, Thursday online: 0  
[2026-03-13 14:57:04] local.INFO: Method: getPlayersOnline. Server: 2. Player: 76561199261706104(76561199261706104). Prev online: 1404, Server Online: 330015, Online: 1404. Diff online: 0, All online: 2244342, Monday online: 714881, Thursday online: 0  
[2026-03-13 14:57:04] local.INFO: Method: getPlayersOnline. Server: 2. Player: 76561199197000922(утка). Prev online: 4652, Server Online: 1681, Online: 4652. Diff online: 0, All online: 1681, Monday online: 0, Thursday online: 0  
[2026-03-13 14:57:05] local.INFO: Method: getPlayersOnline. Server: 2. Player: 76561199704747517([OSB] фуфел шмерц). Prev online: 5654, Server Online: 766363, Online: 5654. Diff online: 0, All online: 1266740, Monday online: 500377, Thursday online: 0  
[2026-03-13 14:57:05] local.INFO: Method: getPlayersOnline. Server: 2. Player: 76561198977413624(гуль). Prev online: 2477, Server Online: 2077337, Online: 2477. Diff online: 0, All online: 2925147, Monday online: 831786, Thursday online: 0  
[2026-03-13 14:57:05] local.INFO: Method: getPlayersOnline. Server: 2. Player: 76561198744795404(Аркадий). Prev online: 1345, Server Online: 39424, Online: 1345. Diff online: 0, All online: 39424, Monday online: 0, Thursday online: 0  
[2026-03-13 14:57:05] local.INFO: Method: getPlayersOnline. Server: 2. Player: 76561199251293554(Romana_Banana #RBN). Prev online: 6708, Server Online: 644485, Online: 6708. Diff online: 0, All online: 1528429, Monday online: 883944, Thursday online: 0  
[2026-03-13 14:57:05] local.INFO: Method: getPlayersOnline. Server: 2. Player: 76561199488737519(.NB | Kasumi). Prev online: 1105, Server Online: 326874, Online: 1105. Diff online: 0, All online: 548414, Monday online: 45019, Thursday online: 0  
[2026-03-13 14:57:05] local.INFO: Method: getPlayersOnline. Server: 2. Player: 76561199812537987(Satoru). Prev online: 6880, Server Online: 459459, Online: 6880. Diff online: 0, All online: 912331, Monday online: 452872, Thursday online: 0  
[2026-03-13 14:57:05] local.INFO: Method: getPlayersOnline. Server: 2. Player: 76561199887355862(TimkaRT). Prev online: 4116, Server Online: 8612, Online: 4116. Diff online: 0, All online: 8612, Monday online: 0, Thursday online: 0  
[2026-03-13 14:57:05] local.INFO: Method: getPlayersOnline. Server: 2. Player: 76561198858639494(CL | Yamato). Prev online: 13255, Server Online: 13465, Online: 13255. Diff online: 0, All online: 25215, Monday online: 11750, Thursday online: 0  
[2026-03-13 14:57:05] local.INFO: Method: getPlayersOnline. Server: 2. Player: 76561199027819270(what happened(((). Prev online: 1013, Server Online: 247172, Online: 1013. Diff online: 0, All online: 282126, Monday online: 34954, Thursday online: 0  
[2026-03-13 14:57:06] local.INFO: Method: getPlayersOnline. Server: 2. Player: 76561198845624597(КОТЭЭЭЭ). Prev online: 6229, Server Online: 1007778, Online: 6229. Diff online: 0, All online: 2554617, Monday online: 1508563, Thursday online: 0  
[2026-03-13 14:57:07] local.INFO: Method: getPlayersOnline. Server: 2. Player: 76561199497410738(Ашот). Prev online: 4759, Server Online: 128438, Online: 4759. Diff online: 0, All online: 158678, Monday online: 30240, Thursday online: 0  
[2026-03-13 14:57:07] local.INFO: Method: getPlayersOnline. Server: 2. Player: 76561199217271678(god OK!). Prev online: 1321, Server Online: 773901, Online: 1321. Diff online: 0, All online: 773901, Monday online: 0, Thursday online: 0  
[2026-03-13 14:57:07] local.INFO: Method: getPlayersOnline. Server: 2. Player: 76561199505080070(Pepega). Prev online: 6611, Server Online: 1577237, Online: 6611. Diff online: 0, All online: 2279915, Monday online: 451812, Thursday online: 0  
[2026-03-13 14:57:07] local.INFO: Method: getPlayersOnline. Server: 2. Player: 76561199250082883(rock). Prev online: 1701, Server Online: 1411256, Online: 1701. Diff online: 0, All online: 2882666, Monday online: 1265795, Thursday online: 0  
[2026-03-13 14:57:08] local.INFO: Method: getPlayersOnline. Server: 2. Player: 76561199258528453(bad-f1?). Prev online: 4236, Server Online: 655137, Online: 4236. Diff online: 0, All online: 842881, Monday online: 120062, Thursday online: 0  
[2026-03-13 14:57:08] local.INFO: Method: getPlayersOnline. Server: 2. Player: 76561198754436395(『Gaw』- D3). Prev online: 2946, Server Online: 63095, Online: 2946. Diff online: 0, All online: 143714, Monday online: 80619, Thursday online: 0  
[2026-03-13 14:57:08] local.INFO: Method: getPlayersOnline. Server: 2. Player: 76561199727554631(писякака). Prev online: 1416, Server Online: 31301, Online: 1416. Diff online: 0, All online: 31301, Monday online: 0, Thursday online: 0  
[2026-03-13 14:57:08] local.INFO: Method: getPlayersOnline. Server: 2. Player: 76561199144698786(AmyRose). Prev online: 1257, Server Online: 18068, Online: 1257. Diff online: 0, All online: 23476, Monday online: 5408, Thursday online: 0  
[2026-03-13 14:57:08] local.INFO: Method: getPlayersOnline. Server: 2. Player: 76561199246146537(【.VEX】| Violetess). Prev online: 902, Server Online: 309342, Online: 902. Diff online: 0, All online: 309342, Monday online: 0, Thursday online: 0  
[2026-03-13 14:57:08] local.INFO: Method: getPlayersOnline. Server: 3. Player: 76561199821262476(кава бухаетCS2BGD31.RU). Prev online: 2639, Server Online: 566507, Online: 2699. Diff online: 60, All online: 858056, Monday online: 566507, Thursday online: 0  
[2026-03-13 14:58:03] local.INFO: Method: getPlayersOnline. Start...  
[2026-03-13 14:58:03] local.INFO: Method: getPlayersOnline. Server: 2. Player: 76561199203821366(Xd). Prev online: 7965, Server Online: 469938, Online: 8205. Diff online: 240, All online: 910496, Monday online: 399228, Thursday online: 0  
[2026-03-13 14:58:03] local.INFO: Method: getPlayersOnline. Server: 2. Player: 76561199090783915(whxtebutterfly). Prev online: 1515, Server Online: 336436, Online: 1755. Diff online: 240, All online: 508718, Monday online: 142705, Thursday online: 0  
[2026-03-13 14:58:03] local.INFO: Method: getPlayersOnline. Server: 2. Player: 76561199743727010(werdix #ultimaterust). Prev online: 5245, Server Online: 1920, Online: 5485. Diff online: 240, All online: 61143, Monday online: 59223, Thursday online: 0  
[2026-03-13 14:58:04] local.INFO: Method: getPlayersOnline. Server: 2. Player: 76561198451931006(Tom). Prev online: 24157, Server Online: 2891188, Online: 24397. Diff online: 240, All online: 3987509, Monday online: 451948, Thursday online: 0  
[2026-03-13 14:58:04] local.INFO: Method: getPlayersOnline. Server: 2. Player: 76561199384774505(trouble. whyyoufall1ng?). Prev online: 8105, Server Online: 230504, Online: 8345. Diff online: 240, All online: 455162, Monday online: 131401, Thursday online: 0  
[2026-03-13 14:58:04] local.INFO: Method: getPlayersOnline. Server: 2. Player: 76561199091294625(lagaet na ffa). Prev online: 3851, Server Online: 842475, Online: 4091. Diff online: 240, All online: 1128218, Monday online: 164273, Thursday online: 0  
[2026-03-13 14:58:04] local.INFO: Method: getPlayersOnline. Server: 2. Player: 76561198332903750(FOG. | Окрошка)). Prev online: 22117, Server Online: 403608, Online: 22357. Diff online: 240, All online: 711376, Monday online: 307768, Thursday online: 0  
[2026-03-13 14:58:04] local.INFO: Method: getPlayersOnline. Server: 2. Player: 76561199258134981(胖他媽的). Prev online: 3254, Server Online: 5114, Online: 3494. Diff online: 240, All online: 99244, Monday online: 94130, Thursday online: 0  
[2026-03-13 14:58:04] local.INFO: Method: getPlayersOnline. Server: 2. Player: 76561199756724747(Dums#VorpalSwords). Prev online: 4161, Server Online: 9905, Online: 4401. Diff online: 240, All online: 53363, Monday online: 43458, Thursday online: 0  
[2026-03-13 14:58:05] local.INFO: Method: getPlayersOnline. Server: 2. Player: 76561199261706104(76561199261706104). Prev online: 1404, Server Online: 330255, Online: 1644. Diff online: 240, All online: 2244582, Monday online: 714881, Thursday online: 0  
[2026-03-13 14:58:05] local.INFO: Method: getPlayersOnline. Server: 2. Player: 76561199197000922(утка). Prev online: 4652, Server Online: 1921, Online: 4892. Diff online: 240, All online: 1921, Monday online: 0, Thursday online: 0  
[2026-03-13 14:58:05] local.INFO: Method: getPlayersOnline. Server: 2. Player: 76561199704747517([OSB] фуфел шмерц). Prev online: 5654, Server Online: 766603, Online: 5894. Diff online: 240, All online: 1266980, Monday online: 500377, Thursday online: 0  
[2026-03-13 14:58:05] local.INFO: Method: getPlayersOnline. Server: 2. Player: 76561198977413624(гуль). Prev online: 2477, Server Online: 2077577, Online: 2717. Diff online: 240, All online: 2925387, Monday online: 831786, Thursday online: 0  
[2026-03-13 14:58:05] local.INFO: Method: getPlayersOnline. Server: 2. Player: 76561198744795404(Аркадий). Prev online: 1345, Server Online: 39663, Online: 1584. Diff online: 239, All online: 39663, Monday online: 0, Thursday online: 0  
[2026-03-13 14:58:05] local.INFO: Method: getPlayersOnline. Server: 2. Player: 76561199251293554(Romana_Banana #RBN). Prev online: 6708, Server Online: 644725, Online: 6948. Diff online: 240, All online: 1528669, Monday online: 883944, Thursday online: 0  
[2026-03-13 14:58:06] local.INFO: Method: getPlayersOnline. Server: 2. Player: 76561199488737519(.NB | Kasumi). Prev online: 1105, Server Online: 327114, Online: 1345. Diff online: 240, All online: 548654, Monday online: 45019, Thursday online: 0  
[2026-03-13 14:58:06] local.INFO: Method: getPlayersOnline. Server: 2. Player: 76561199812537987(Satoru). Prev online: 6880, Server Online: 459699, Online: 7120. Diff online: 240, All online: 912571, Monday online: 452872, Thursday online: 0  
[2026-03-13 14:58:06] local.INFO: Method: getPlayersOnline. Server: 2. Player: 76561199887355862(TimkaRT). Prev online: 4116, Server Online: 8852, Online: 4356. Diff online: 240, All online: 8852, Monday online: 0, Thursday online: 0  
[2026-03-13 14:58:06] local.INFO: Method: getPlayersOnline. Server: 2. Player: 76561198858639494(CL | Yamato). Prev online: 13255, Server Online: 13705, Online: 13495. Diff online: 240, All online: 25455, Monday online: 11750, Thursday online: 0  
[2026-03-13 14:58:06] local.INFO: Method: getPlayersOnline. Server: 2. Player: 76561199027819270(what happened(((). Prev online: 1013, Server Online: 247412, Online: 1253. Diff online: 240, All online: 282366, Monday online: 34954, Thursday online: 0  
[2026-03-13 14:58:07] local.INFO: Method: getPlayersOnline. Server: 2. Player: 76561198845624597(КОТЭЭЭЭ). Prev online: 6229, Server Online: 1008018, Online: 6469. Diff online: 240, All online: 2554857, Monday online: 1508563, Thursday online: 0  
[2026-03-13 14:58:07] local.INFO: Method: getPlayersOnline. Server: 2. Player: 76561199497410738(Ашот). Prev online: 4759, Server Online: 128678, Online: 4999. Diff online: 240, All online: 158918, Monday online: 30240, Thursday online: 0  
[2026-03-13 14:58:07] local.INFO: Method: getPlayersOnline. Server: 2. Player: 76561199217271678(god OK!). Prev online: 1321, Server Online: 774141, Online: 1561. Diff online: 240, All online: 774141, Monday online: 0, Thursday online: 0  
[2026-03-13 14:58:08] local.INFO: Method: getPlayersOnline. Server: 2. Player: 76561199505080070(Pepega). Prev online: 6611, Server Online: 1577477, Online: 6851. Diff online: 240, All online: 2280155, Monday online: 451812, Thursday online: 0  
[2026-03-13 14:58:08] local.INFO: Method: getPlayersOnline. Server: 2. Player: 76561199250082883(rock). Prev online: 1701, Server Online: 1411496, Online: 1941. Diff online: 240, All online: 2882906, Monday online: 1265795, Thursday online: 0  
[2026-03-13 14:58:08] local.INFO: Method: getPlayersOnline. Server: 2. Player: 76561199258528453(bad-f1?). Prev online: 4236, Server Online: 655377, Online: 4476. Diff online: 240, All online: 843121, Monday online: 120062, Thursday online: 0  
[2026-03-13 14:58:09] local.INFO: Method: getPlayersOnline. Server: 2. Player: 76561198754436395(『Gaw』- D3). Prev online: 2946, Server Online: 63335, Online: 3186. Diff online: 240, All online: 143954, Monday online: 80619, Thursday online: 0  
[2026-03-13 14:58:09] local.INFO: Method: getPlayersOnline. Server: 2. Player: 76561199727554631(писякака). Prev online: 1416, Server Online: 31541, Online: 1656. Diff online: 240, All online: 31541, Monday online: 0, Thursday online: 0  
[2026-03-13 14:58:09] local.INFO: Method: getPlayersOnline. Server: 2. Player: 76561199144698786(AmyRose). Prev online: 1257, Server Online: 18307, Online: 1496. Diff online: 239, All online: 23715, Monday online: 5408, Thursday online: 0  
[2026-03-13 14:58:09] local.INFO: Method: getPlayersOnline. Server: 2. Player: 76561199246146537(【.VEX】| Violetess). Prev online: 902, Server Online: 309582, Online: 1142. Diff online: 240, All online: 309582, Monday online: 0, Thursday online: 0  
[2026-03-13 14:58:09] local.INFO: Method: getPlayersOnline. Server: 2. Player: 76561199369046089(lowtab? shanyy). Prev online: 694, Server Online: 42801, Online: 483. Diff online: 240, All online: 76976, Monday online: 16982, Thursday online: 0  
[2026-03-13 14:58:09] local.INFO: Method: getPlayersOnline. Server: 2. Player: 76561199486229308(MC  АМБАЛ). Prev online: 29676, Server Online: 731126, Online: 210. Diff online: 240, All online: 1161889, Monday online: 430763, Thursday online: 0  
[2026-03-13 14:58:09] local.INFO: Method: getPlayersOnline. Server: 2. Player: 76561198271092183(WN & dashylya). Prev online: 16738, Server Online: 23349, Online: 131. Diff online: 240, All online: 178179, Monday online: 77428, Thursday online: 0  
[2026-03-13 14:58:10] local.INFO: Method: getPlayersOnline. Server: 3. Player: 76561199821262476(кава бухаетCS2BGD31.RU). Prev online: 2699, Server Online: 566568, Online: 2760. Diff online: 61, All online: 858117, Monday online: 566568, Thursday online: 0  
[2026-03-13 14:59:02] local.INFO: Method: getPlayersOnline. Start...  
[2026-03-13 14:59:03] local.INFO: Method: getPlayersOnline. Server: 2. Player: 76561199203821366(Xd). Prev online: 8205, Server Online: 469938, Online: 8205. Diff online: 0, All online: 910496, Monday online: 399228, Thursday online: 0  
[2026-03-13 14:59:03] local.INFO: Method: getPlayersOnline. Server: 2. Player: 76561199090783915(whxtebutterfly). Prev online: 1755, Server Online: 336436, Online: 1755. Diff online: 0, All online: 508718, Monday online: 142705, Thursday online: 0  
[2026-03-13 14:59:03] local.INFO: Method: getPlayersOnline. Server: 2. Player: 76561199743727010(werdix #ultimaterust). Prev online: 5485, Server Online: 1920, Online: 5485. Diff online: 0, All online: 61143, Monday online: 59223, Thursday online: 0  
[2026-03-13 14:59:03] local.INFO: Method: getPlayersOnline. Server: 2. Player: 76561198451931006(Tom). Prev online: 24397, Server Online: 2891188, Online: 24397. Diff online: 0, All online: 3987509, Monday online: 451948, Thursday online: 0  
[2026-03-13 14:59:03] local.INFO: Method: getPlayersOnline. Server: 2. Player: 76561199384774505(trouble. whyyoufall1ng?). Prev online: 8345, Server Online: 230504, Online: 8345. Diff online: 0, All online: 455162, Monday online: 131401, Thursday online: 0  
[2026-03-13 14:59:03] local.INFO: Method: getPlayersOnline. Server: 2. Player: 76561199091294625(lagaet na ffa). Prev online: 4091, Server Online: 842475, Online: 4091. Diff online: 0, All online: 1128218, Monday online: 164273, Thursday online: 0  
[2026-03-13 14:59:04] local.INFO: Method: getPlayersOnline. Server: 2. Player: 76561198332903750(FOG. | Окрошка)). Prev online: 22357, Server Online: 403608, Online: 22357. Diff online: 0, All online: 711376, Monday online: 307768, Thursday online: 0  
[2026-03-13 14:59:04] local.INFO: Method: getPlayersOnline. Server: 2. Player: 76561199258134981(胖他媽的). Prev online: 3494, Server Online: 5114, Online: 3494. Diff online: 0, All online: 99244, Monday online: 94130, Thursday online: 0  
[2026-03-13 14:59:04] local.INFO: Method: getPlayersOnline. Server: 2. Player: 76561199756724747(Dums#VorpalSwords). Prev online: 4401, Server Online: 9905, Online: 4401. Diff online: 0, All online: 53363, Monday online: 43458, Thursday online: 0  
[2026-03-13 14:59:04] local.INFO: Method: getPlayersOnline. Server: 2. Player: 76561199261706104(76561199261706104). Prev online: 1644, Server Online: 330255, Online: 1644. Diff online: 0, All online: 2244582, Monday online: 714881, Thursday online: 0  
[2026-03-13 14:59:04] local.INFO: Method: getPlayersOnline. Server: 2. Player: 76561199197000922(утка). Prev online: 4892, Server Online: 1921, Online: 4892. Diff online: 0, All online: 1921, Monday online: 0, Thursday online: 0  
[2026-03-13 14:59:05] local.INFO: Method: getPlayersOnline. Server: 2. Player: 76561199704747517([OSB] фуфел шмерц). Prev online: 5894, Server Online: 766603, Online: 5894. Diff online: 0, All online: 1266980, Monday online: 500377, Thursday online: 0  
[2026-03-13 14:59:05] local.INFO: Method: getPlayersOnline. Server: 2. Player: 76561198977413624(гуль). Prev online: 2717, Server Online: 2077577, Online: 2717. Diff online: 0, All online: 2925387, Monday online: 831786, Thursday online: 0  
[2026-03-13 14:59:05] local.INFO: Method: getPlayersOnline. Server: 2. Player: 76561198744795404(Аркадий). Prev online: 1584, Server Online: 39663, Online: 1584. Diff online: 0, All online: 39663, Monday online: 0, Thursday online: 0  
[2026-03-13 14:59:05] local.INFO: Method: getPlayersOnline. Server: 2. Player: 76561199251293554(Romana_Banana #RBN). Prev online: 6948, Server Online: 644725, Online: 6948. Diff online: 0, All online: 1528669, Monday online: 883944, Thursday online: 0  
[2026-03-13 14:59:05] local.INFO: Method: getPlayersOnline. Server: 2. Player: 76561199488737519(.NB | Kasumi). Prev online: 1345, Server Online: 327114, Online: 1345. Diff online: 0, All online: 548654, Monday online: 45019, Thursday online: 0  
[2026-03-13 14:59:05] local.INFO: Method: getPlayersOnline. Server: 2. Player: 76561199812537987(Satoru). Prev online: 7120, Server Online: 459699, Online: 7120. Diff online: 0, All online: 912571, Monday online: 452872, Thursday online: 0  
[2026-03-13 14:59:05] local.INFO: Method: getPlayersOnline. Server: 2. Player: 76561199887355862(TimkaRT). Prev online: 4356, Server Online: 8852, Online: 4356. Diff online: 0, All online: 8852, Monday online: 0, Thursday online: 0  
[2026-03-13 14:59:06] local.INFO: Method: getPlayersOnline. Server: 2. Player: 76561198858639494(CL | Yamato). Prev online: 13495, Server Online: 13705, Online: 13495. Diff online: 0, All online: 25455, Monday online: 11750, Thursday online: 0  
[2026-03-13 14:59:06] local.INFO: Method: getPlayersOnline. Server: 2. Player: 76561199027819270(what happened(((). Prev online: 1253, Server Online: 247412, Online: 1253. Diff online: 0, All online: 282366, Monday online: 34954, Thursday online: 0  
[2026-03-13 14:59:06] local.INFO: Method: getPlayersOnline. Server: 2. Player: 76561198845624597(КОТЭЭЭЭ). Prev online: 6469, Server Online: 1008018, Online: 6469. Diff online: 0, All online: 2554857, Monday online: 1508563, Thursday online: 0  
[2026-03-13 14:59:07] local.INFO: Method: getPlayersOnline. Server: 2. Player: 76561199497410738(Ашот). Prev online: 4999, Server Online: 128678, Online: 4999. Diff online: 0, All online: 158918, Monday online: 30240, Thursday online: 0  
[2026-03-13 14:59:07] local.INFO: Method: getPlayersOnline. Server: 2. Player: 76561199217271678(god OK!). Prev online: 1561, Server Online: 774141, Online: 1561. Diff online: 0, All online: 774141, Monday online: 0, Thursday online: 0  
[2026-03-13 14:59:07] local.INFO: Method: getPlayersOnline. Server: 2. Player: 76561199505080070(Pepega). Prev online: 6851, Server Online: 1577477, Online: 6851. Diff online: 0, All online: 2280155, Monday online: 451812, Thursday online: 0  
[2026-03-13 14:59:08] local.INFO: Method: getPlayersOnline. Server: 2. Player: 76561199250082883(rock). Prev online: 1941, Server Online: 1411496, Online: 1941. Diff online: 0, All online: 2882906, Monday online: 1265795, Thursday online: 0  
[2026-03-13 14:59:08] local.INFO: Method: getPlayersOnline. Server: 2. Player: 76561199258528453(bad-f1?). Prev online: 4476, Server Online: 655377, Online: 4476. Diff online: 0, All online: 843121, Monday online: 120062, Thursday online: 0  
[2026-03-13 14:59:08] local.INFO: Method: getPlayersOnline. Server: 2. Player: 76561198754436395(『Gaw』- D3). Prev online: 3186, Server Online: 63335, Online: 3186. Diff online: 0, All online: 143954, Monday online: 80619, Thursday online: 0  
[2026-03-13 14:59:08] local.INFO: Method: getPlayersOnline. Server: 2. Player: 76561199727554631(писякака). Prev online: 1656, Server Online: 31541, Online: 1656. Diff online: 0, All online: 31541, Monday online: 0, Thursday online: 0  
[2026-03-13 14:59:08] local.INFO: Method: getPlayersOnline. Server: 2. Player: 76561199144698786(AmyRose). Prev online: 1496, Server Online: 18307, Online: 1496. Diff online: 0, All online: 23715, Monday online: 5408, Thursday online: 0  
[2026-03-13 14:59:08] local.INFO: Method: getPlayersOnline. Server: 2. Player: 76561199246146537(【.VEX】| Violetess). Prev online: 1142, Server Online: 309582, Online: 1142. Diff online: 0, All online: 309582, Monday online: 0, Thursday online: 0  
[2026-03-13 14:59:09] local.INFO: Method: getPlayersOnline. Server: 2. Player: 76561199369046089(lowtab? shanyy). Prev online: 483, Server Online: 42801, Online: 483. Diff online: 0, All online: 76976, Monday online: 16982, Thursday online: 0  
[2026-03-13 14:59:09] local.INFO: Method: getPlayersOnline. Server: 2. Player: 76561199486229308(MC  АМБАЛ). Prev online: 210, Server Online: 731126, Online: 210. Diff online: 0, All online: 1161889, Monday online: 430763, Thursday online: 0  
[2026-03-13 14:59:09] local.INFO: Method: getPlayersOnline. Server: 2. Player: 76561198271092183(WN & dashylya). Prev online: 131, Server Online: 23349, Online: 131. Diff online: 0, All online: 178179, Monday online: 77428, Thursday online: 0  
[2026-03-13 14:59:09] local.INFO: Method: getPlayersOnline. Server: 3. Player: 76561199821262476(кава бухаетCS2BGD31.RU). Prev online: 2760, Server Online: 566628, Online: 2820. Diff online: 60, All online: 858177, Monday online: 566628, Thursday online: 0  
[2026-03-13 15:00:03] local.INFO: Method: getPlayersOnline. Start...  
[2026-03-13 15:00:03] local.INFO: Method: getPlayersOnline. Server: 2. Player: 76561199203821366(Xd). Prev online: 8205, Server Online: 470058, Online: 8325. Diff online: 120, All online: 910616, Monday online: 399228, Thursday online: 0  
[2026-03-13 15:00:03] local.INFO: Method: getPlayersOnline. Server: 2. Player: 76561199090783915(whxtebutterfly). Prev online: 1755, Server Online: 336556, Online: 1875. Diff online: 120, All online: 508838, Monday online: 142705, Thursday online: 0  
[2026-03-13 15:00:04] local.INFO: Method: getPlayersOnline. Server: 2. Player: 76561199743727010(werdix #ultimaterust). Prev online: 5485, Server Online: 2040, Online: 5605. Diff online: 120, All online: 61263, Monday online: 59223, Thursday online: 0  
[2026-03-13 15:00:04] local.INFO: Method: getPlayersOnline. Server: 2. Player: 76561198451931006(Tom). Prev online: 24397, Server Online: 2891308, Online: 24517. Diff online: 120, All online: 3987629, Monday online: 451948, Thursday online: 0  
[2026-03-13 15:00:04] local.INFO: Method: getPlayersOnline. Server: 2. Player: 76561199384774505(trouble. whyyoufall1ng?). Prev online: 8345, Server Online: 230624, Online: 8465. Diff online: 120, All online: 455282, Monday online: 131401, Thursday online: 0  
[2026-03-13 15:00:04] local.INFO: Method: getPlayersOnline. Server: 2. Player: 76561199091294625(lagaet na ffa). Prev online: 4091, Server Online: 842595, Online: 4211. Diff online: 120, All online: 1128338, Monday online: 164273, Thursday online: 0  
[2026-03-13 15:00:04] local.INFO: Method: getPlayersOnline. Server: 2. Player: 76561198332903750(FOG. | Окрошка)). Prev online: 22357, Server Online: 403728, Online: 22477. Diff online: 120, All online: 711496, Monday online: 307768, Thursday online: 0  
[2026-03-13 15:00:05] local.INFO: Method: getPlayersOnline. Server: 2. Player: 76561199258134981(胖他媽的). Prev online: 3494, Server Online: 5234, Online: 3614. Diff online: 120, All online: 99364, Monday online: 94130, Thursday online: 0  
[2026-03-13 15:00:05] local.INFO: Method: getPlayersOnline. Server: 2. Player: 76561199756724747(Dums#VorpalSwords). Prev online: 4401, Server Online: 10025, Online: 4521. Diff online: 120, All online: 53483, Monday online: 43458, Thursday online: 0  
[2026-03-13 15:00:05] local.INFO: Method: getPlayersOnline. Server: 2. Player: 76561199261706104(76561199261706104). Prev online: 1644, Server Online: 330375, Online: 1764. Diff online: 120, All online: 2244702, Monday online: 714881, Thursday online: 0  
[2026-03-13 15:00:05] local.INFO: Method: getPlayersOnline. Server: 2. Player: 76561199197000922(утка). Prev online: 4892, Server Online: 2041, Online: 5012. Diff online: 120, All online: 2041, Monday online: 0, Thursday online: 0  
[2026-03-13 15:00:05] local.INFO: Method: getPlayersOnline. Server: 2. Player: 76561199704747517([OSB] фуфел шмерц). Prev online: 5894, Server Online: 766723, Online: 6014. Diff online: 120, All online: 1267100, Monday online: 500377, Thursday online: 0  
[2026-03-13 15:00:05] local.INFO: Method: getPlayersOnline. Server: 2. Player: 76561198977413624(гуль). Prev online: 2717, Server Online: 2077697, Online: 2837. Diff online: 120, All online: 2925507, Monday online: 831786, Thursday online: 0  
[2026-03-13 15:00:06] local.INFO: Method: getPlayersOnline. Server: 2. Player: 76561198744795404(Аркадий). Prev online: 1584, Server Online: 39783, Online: 1704. Diff online: 120, All online: 39783, Monday online: 0, Thursday online: 0  
[2026-03-13 15:00:06] local.INFO: Method: getPlayersOnline. Server: 2. Player: 76561199251293554(Romana_Banana #RBN). Prev online: 6948, Server Online: 644844, Online: 7067. Diff online: 119, All online: 1528788, Monday online: 883944, Thursday online: 0  
[2026-03-13 15:00:06] local.INFO: Method: getPlayersOnline. Server: 2. Player: 76561199488737519(.NB | Kasumi). Prev online: 1345, Server Online: 327234, Online: 1465. Diff online: 120, All online: 548774, Monday online: 45019, Thursday online: 0  
[2026-03-13 15:00:07] local.INFO: Method: getPlayersOnline. Server: 2. Player: 76561199812537987(Satoru). Prev online: 7120, Server Online: 459818, Online: 7239. Diff online: 119, All online: 912690, Monday online: 452872, Thursday online: 0  
[2026-03-13 15:00:07] local.INFO: Method: getPlayersOnline. Server: 2. Player: 76561199887355862(TimkaRT). Prev online: 4356, Server Online: 8972, Online: 4476. Diff online: 120, All online: 8972, Monday online: 0, Thursday online: 0  
[2026-03-13 15:00:07] local.INFO: Method: getPlayersOnline. Server: 2. Player: 76561198858639494(CL | Yamato). Prev online: 13495, Server Online: 13825, Online: 13615. Diff online: 120, All online: 25575, Monday online: 11750, Thursday online: 0  
[2026-03-13 15:00:07] local.INFO: Method: getPlayersOnline. Server: 2. Player: 76561199027819270(what happened(((). Prev online: 1253, Server Online: 247532, Online: 1373. Diff online: 120, All online: 282486, Monday online: 34954, Thursday online: 0  
[2026-03-13 15:00:07] local.INFO: Method: getPlayersOnline. Server: 2. Player: 76561198845624597(КОТЭЭЭЭ). Prev online: 6469, Server Online: 1008137, Online: 6588. Diff online: 119, All online: 2554976, Monday online: 1508563, Thursday online: 0  
[2026-03-13 15:00:08] local.INFO: Method: getPlayersOnline. Server: 2. Player: 76561199497410738(Ашот). Prev online: 4999, Server Online: 128798, Online: 5119. Diff online: 120, All online: 159038, Monday online: 30240, Thursday online: 0  
[2026-03-13 15:00:08] local.INFO: Method: getPlayersOnline. Server: 2. Player: 76561199217271678(god OK!). Prev online: 1561, Server Online: 774260, Online: 1680. Diff online: 119, All online: 774260, Monday online: 0, Thursday online: 0  
[2026-03-13 15:00:08] local.INFO: Method: getPlayersOnline. Server: 2. Player: 76561199505080070(Pepega). Prev online: 6851, Server Online: 1577597, Online: 6971. Diff online: 120, All online: 2280275, Monday online: 451812, Thursday online: 0  
[2026-03-13 15:00:09] local.INFO: Method: getPlayersOnline. Server: 2. Player: 76561199250082883(rock). Prev online: 1941, Server Online: 1411616, Online: 2061. Diff online: 120, All online: 2883026, Monday online: 1265795, Thursday online: 0  
[2026-03-13 15:00:09] local.INFO: Method: getPlayersOnline. Server: 2. Player: 76561199258528453(bad-f1?). Prev online: 4476, Server Online: 655497, Online: 4596. Diff online: 120, All online: 843241, Monday online: 120062, Thursday online: 0  
[2026-03-13 15:00:09] local.INFO: Method: getPlayersOnline. Server: 2. Player: 76561198754436395(『Gaw』- D3). Prev online: 3186, Server Online: 63455, Online: 3306. Diff online: 120, All online: 144074, Monday online: 80619, Thursday online: 0  
[2026-03-13 15:00:09] local.INFO: Method: getPlayersOnline. Server: 2. Player: 76561199727554631(писякака). Prev online: 1656, Server Online: 31660, Online: 1775. Diff online: 119, All online: 31660, Monday online: 0, Thursday online: 0  
[2026-03-13 15:00:09] local.INFO: Method: getPlayersOnline. Server: 2. Player: 76561199144698786(AmyRose). Prev online: 1496, Server Online: 18427, Online: 1616. Diff online: 120, All online: 23835, Monday online: 5408, Thursday online: 0  
[2026-03-13 15:00:09] local.INFO: Method: getPlayersOnline. Server: 2. Player: 76561199246146537(【.VEX】| Violetess). Prev online: 1142, Server Online: 309702, Online: 1262. Diff online: 120, All online: 309702, Monday online: 0, Thursday online: 0  
[2026-03-13 15:00:10] local.INFO: Method: getPlayersOnline. Server: 2. Player: 76561199369046089(lowtab? shanyy). Prev online: 483, Server Online: 42921, Online: 603. Diff online: 120, All online: 77096, Monday online: 16982, Thursday online: 0  
[2026-03-13 15:00:10] local.INFO: Method: getPlayersOnline. Server: 2. Player: 76561199486229308(MC  АМБАЛ). Prev online: 210, Server Online: 731246, Online: 330. Diff online: 120, All online: 1162009, Monday online: 430763, Thursday online: 0  
[2026-03-13 15:00:10] local.INFO: Method: getPlayersOnline. Server: 2. Player: 76561198271092183(WN & dashylya). Prev online: 131, Server Online: 23469, Online: 251. Diff online: 120, All online: 178299, Monday online: 77428, Thursday online: 0  
[2026-03-13 15:00:10] local.INFO: Method: getPlayersOnline. Server: 3. Player: 76561199821262476(кава бухаетCS2BGD31.RU). Prev online: 2820, Server Online: 566688, Online: 2880. Diff online: 60, All online: 858237, Monday online: 566688, Thursday online: 0  
[2026-03-13 15:00:10] local.INFO: Method: getPlayersOnline. Server: 3. Player: 76561199784177636([ZOV]Adel Vagina). Prev online: 957, Server Online: 649549, Online: 197. Diff online: 60, All online: 650328, Monday online: 649549, Thursday online: 0  
[2026-03-13 15:01:03] local.INFO: Method: getPlayersOnline. Start...  
[2026-03-13 15:01:04] local.INFO: Method: getPlayersOnline. Server: 2. Player: 76561199203821366(Xd). Prev online: 8325, Server Online: 470118, Online: 8385. Diff online: 60, All online: 910676, Monday online: 399228, Thursday online: 0  
[2026-03-13 15:01:04] local.INFO: Method: getPlayersOnline. Server: 2. Player: 76561199090783915(whxtebutterfly). Prev online: 1875, Server Online: 336616, Online: 1935. Diff online: 60, All online: 508898, Monday online: 142705, Thursday online: 0  
[2026-03-13 15:01:04] local.INFO: Method: getPlayersOnline. Server: 2. Player: 76561199743727010(werdix #ultimaterust). Prev online: 5605, Server Online: 2100, Online: 5665. Diff online: 60, All online: 61323, Monday online: 59223, Thursday online: 0  
[2026-03-13 15:01:04] local.INFO: Method: getPlayersOnline. Server: 2. Player: 76561198451931006(Tom). Prev online: 24517, Server Online: 2891368, Online: 24577. Diff online: 60, All online: 3987689, Monday online: 451948, Thursday online: 0  
[2026-03-13 15:01:04] local.INFO: Method: getPlayersOnline. Server: 2. Player: 76561199384774505(trouble. whyyoufall1ng?). Prev online: 8465, Server Online: 230684, Online: 8525. Diff online: 60, All online: 455342, Monday online: 131401, Thursday online: 0  
[2026-03-13 15:01:04] local.INFO: Method: getPlayersOnline. Server: 2. Player: 76561199091294625(lagaet na ffa). Prev online: 4211, Server Online: 842655, Online: 4271. Diff online: 60, All online: 1128398, Monday online: 164273, Thursday online: 0  
[2026-03-13 15:01:05] local.INFO: Method: getPlayersOnline. Server: 2. Player: 76561198332903750(FOG. | Окрошка)). Prev online: 22477, Server Online: 403788, Online: 22537. Diff online: 60, All online: 711556, Monday online: 307768, Thursday online: 0  
[2026-03-13 15:01:05] local.INFO: Method: getPlayersOnline. Server: 2. Player: 76561199258134981(胖他媽的). Prev online: 3614, Server Online: 5294, Online: 3674. Diff online: 60, All online: 99424, Monday online: 94130, Thursday online: 0  
[2026-03-13 15:01:05] local.INFO: Method: getPlayersOnline. Server: 2. Player: 76561199756724747(Dums#VorpalSwords). Prev online: 4521, Server Online: 10085, Online: 4581. Diff online: 60, All online: 53543, Monday online: 43458, Thursday online: 0  
[2026-03-13 15:01:05] local.INFO: Method: getPlayersOnline. Server: 2. Player: 76561199261706104(76561199261706104). Prev online: 1764, Server Online: 330435, Online: 1824. Diff online: 60, All online: 2244762, Monday online: 714881, Thursday online: 0  
[2026-03-13 15:01:05] local.INFO: Method: getPlayersOnline. Server: 2. Player: 76561199197000922(утка). Prev online: 5012, Server Online: 2101, Online: 5072. Diff online: 60, All online: 2101, Monday online: 0, Thursday online: 0  
[2026-03-13 15:01:06] local.INFO: Method: getPlayersOnline. Server: 2. Player: 76561199704747517([OSB] фуфел шмерц). Prev online: 6014, Server Online: 766783, Online: 6074. Diff online: 60, All online: 1267160, Monday online: 500377, Thursday online: 0  
[2026-03-13 15:01:06] local.INFO: Method: getPlayersOnline. Server: 2. Player: 76561198977413624(гуль). Prev online: 2837, Server Online: 2077757, Online: 2897. Diff online: 60, All online: 2925567, Monday online: 831786, Thursday online: 0  
[2026-03-13 15:01:06] local.INFO: Method: getPlayersOnline. Server: 2. Player: 76561198744795404(Аркадий). Prev online: 1704, Server Online: 39844, Online: 1765. Diff online: 61, All online: 39844, Monday online: 0, Thursday online: 0  
[2026-03-13 15:01:06] local.INFO: Method: getPlayersOnline. Server: 2. Player: 76561199251293554(Romana_Banana #RBN). Prev online: 7067, Server Online: 644905, Online: 7128. Diff online: 61, All online: 1528849, Monday online: 883944, Thursday online: 0  
[2026-03-13 15:01:06] local.INFO: Method: getPlayersOnline. Server: 2. Player: 76561199488737519(.NB | Kasumi). Prev online: 1465, Server Online: 327294, Online: 1525. Diff online: 60, All online: 548834, Monday online: 45019, Thursday online: 0  
[2026-03-13 15:01:07] local.INFO: Method: getPlayersOnline. Server: 2. Player: 76561199812537987(Satoru). Prev online: 7239, Server Online: 459879, Online: 7300. Diff online: 61, All online: 912751, Monday online: 452872, Thursday online: 0  
[2026-03-13 15:01:07] local.INFO: Method: getPlayersOnline. Server: 2. Player: 76561199887355862(TimkaRT). Prev online: 4476, Server Online: 9032, Online: 4536. Diff online: 60, All online: 9032, Monday online: 0, Thursday online: 0  
[2026-03-13 15:01:07] local.INFO: Method: getPlayersOnline. Server: 2. Player: 76561198858639494(CL | Yamato). Prev online: 13615, Server Online: 13885, Online: 13675. Diff online: 60, All online: 25635, Monday online: 11750, Thursday online: 0  
[2026-03-13 15:01:07] local.INFO: Method: getPlayersOnline. Server: 2. Player: 76561199027819270(what happened(((). Prev online: 1373, Server Online: 247592, Online: 1433. Diff online: 60, All online: 282546, Monday online: 34954, Thursday online: 0  
[2026-03-13 15:01:07] local.INFO: Method: getPlayersOnline. Server: 2. Player: 76561198845624597(КОТЭЭЭЭ). Prev online: 6588, Server Online: 1008198, Online: 6649. Diff online: 61, All online: 2555037, Monday online: 1508563, Thursday online: 0  
[2026-03-13 15:01:08] local.INFO: Method: getPlayersOnline. Server: 2. Player: 76561199497410738(Ашот). Prev online: 5119, Server Online: 128858, Online: 5179. Diff online: 60, All online: 159098, Monday online: 30240, Thursday online: 0  
[2026-03-13 15:01:08] local.INFO: Method: getPlayersOnline. Server: 2. Player: 76561199217271678(god OK!). Prev online: 1680, Server Online: 774321, Online: 1741. Diff online: 61, All online: 774321, Monday online: 0, Thursday online: 0  
[2026-03-13 15:01:08] local.INFO: Method: getPlayersOnline. Server: 2. Player: 76561199505080070(Pepega). Prev online: 6971, Server Online: 1577657, Online: 7031. Diff online: 60, All online: 2280335, Monday online: 451812, Thursday online: 0  
[2026-03-13 15:01:08] local.INFO: Method: getPlayersOnline. Server: 2. Player: 76561199250082883(rock). Prev online: 2061, Server Online: 1411676, Online: 2121. Diff online: 60, All online: 2883086, Monday online: 1265795, Thursday online: 0  
[2026-03-13 15:01:09] local.INFO: Method: getPlayersOnline. Server: 2. Player: 76561199258528453(bad-f1?). Prev online: 4596, Server Online: 655557, Online: 4656. Diff online: 60, All online: 843301, Monday online: 120062, Thursday online: 0  
[2026-03-13 15:01:09] local.INFO: Method: getPlayersOnline. Server: 2. Player: 76561198754436395(『Gaw』- D3). Prev online: 3306, Server Online: 63515, Online: 3366. Diff online: 60, All online: 144134, Monday online: 80619, Thursday online: 0  
[2026-03-13 15:01:09] local.INFO: Method: getPlayersOnline. Server: 2. Player: 76561199727554631(писякака). Prev online: 1775, Server Online: 31721, Online: 1836. Diff online: 61, All online: 31721, Monday online: 0, Thursday online: 0  
[2026-03-13 15:01:09] local.INFO: Method: getPlayersOnline. Server: 2. Player: 76561199144698786(AmyRose). Prev online: 1616, Server Online: 18488, Online: 1677. Diff online: 61, All online: 23896, Monday online: 5408, Thursday online: 0  
[2026-03-13 15:01:09] local.INFO: Method: getPlayersOnline. Server: 2. Player: 76561199246146537(【.VEX】| Violetess). Prev online: 1262, Server Online: 309762, Online: 1322. Diff online: 60, All online: 309762, Monday online: 0, Thursday online: 0  
[2026-03-13 15:01:09] local.INFO: Method: getPlayersOnline. Server: 2. Player: 76561199369046089(lowtab? shanyy). Prev online: 603, Server Online: 42981, Online: 663. Diff online: 60, All online: 77156, Monday online: 16982, Thursday online: 0  
[2026-03-13 15:01:10] local.INFO: Method: getPlayersOnline. Server: 2. Player: 76561199486229308(MC  АМБАЛ). Prev online: 330, Server Online: 731306, Online: 390. Diff online: 60, All online: 1162069, Monday online: 430763, Thursday online: 0  
[2026-03-13 15:01:10] local.INFO: Method: getPlayersOnline. Server: 2. Player: 76561198271092183(WN & dashylya). Prev online: 251, Server Online: 23529, Online: 311. Diff online: 60, All online: 178359, Monday online: 77428, Thursday online: 0  
[2026-03-13 15:01:10] local.INFO: Method: getPlayersOnline. Server: 2. Player: 76561198979365995(SPACE TEA). Prev online: 690, Server Online: 601, Online: 182. Diff online: 60, All online: 601, Monday online: 0, Thursday online: 0  
[2026-03-13 15:01:10] local.INFO: Method: getPlayersOnline. Server: 3. Player: 76561199821262476(кава бухаетCS2BGD31.RU). Prev online: 2880, Server Online: 566748, Online: 2940. Diff online: 60, All online: 858297, Monday online: 566748, Thursday online: 0  
[2026-03-13 15:01:10] local.INFO: Method: getPlayersOnline. Server: 3. Player: 76561199784177636([ZOV]Adel Vagina). Prev online: 197, Server Online: 649609, Online: 257. Diff online: 60, All online: 650388, Monday online: 649609, Thursday online: 0  
[2026-03-13 15:02:03] local.INFO: Method: getPlayersOnline. Start...  
[2026-03-13 15:02:03] local.INFO: Method: getPlayersOnline. Server: 2. Player: 76561199203821366(Xd). Prev online: 8385, Server Online: 470178, Online: 8445. Diff online: 60, All online: 910736, Monday online: 399228, Thursday online: 0  
[2026-03-13 15:02:03] local.INFO: Method: getPlayersOnline. Server: 2. Player: 76561199090783915(whxtebutterfly). Prev online: 1935, Server Online: 336676, Online: 1995. Diff online: 60, All online: 508958, Monday online: 142705, Thursday online: 0  
[2026-03-13 15:02:03] local.INFO: Method: getPlayersOnline. Server: 2. Player: 76561199743727010(werdix #ultimaterust). Prev online: 5665, Server Online: 2160, Online: 5725. Diff online: 60, All online: 61383, Monday online: 59223, Thursday online: 0  
[2026-03-13 15:02:04] local.INFO: Method: getPlayersOnline. Server: 2. Player: 76561198451931006(Tom). Prev online: 24577, Server Online: 2891428, Online: 24637. Diff online: 60, All online: 3987749, Monday online: 451948, Thursday online: 0  
[2026-03-13 15:02:04] local.INFO: Method: getPlayersOnline. Server: 2. Player: 76561199384774505(trouble. whyyoufall1ng?). Prev online: 8525, Server Online: 230744, Online: 8585. Diff online: 60, All online: 455402, Monday online: 131401, Thursday online: 0  
[2026-03-13 15:02:04] local.INFO: Method: getPlayersOnline. Server: 2. Player: 76561199091294625(lagaet na ffa). Prev online: 4271, Server Online: 842715, Online: 4331. Diff online: 60, All online: 1128458, Monday online: 164273, Thursday online: 0  
[2026-03-13 15:02:04] local.INFO: Method: getPlayersOnline. Server: 2. Player: 76561198332903750(FOG. | Окрошка)). Prev online: 22537, Server Online: 403848, Online: 22597. Diff online: 60, All online: 711616, Monday online: 307768, Thursday online: 0  
[2026-03-13 15:02:04] local.INFO: Method: getPlayersOnline. Server: 2. Player: 76561199258134981(胖他媽的). Prev online: 3674, Server Online: 5353, Online: 3733. Diff online: 59, All online: 99483, Monday online: 94130, Thursday online: 0  
[2026-03-13 15:02:04] local.INFO: Method: getPlayersOnline. Server: 2. Player: 76561199756724747(Dums#VorpalSwords). Prev online: 4581, Server Online: 10145, Online: 4641. Diff online: 60, All online: 53603, Monday online: 43458, Thursday online: 0  
[2026-03-13 15:02:05] local.INFO: Method: getPlayersOnline. Server: 2. Player: 76561199261706104(76561199261706104). Prev online: 1824, Server Online: 330495, Online: 1884. Diff online: 60, All online: 2244822, Monday online: 714881, Thursday online: 0  
[2026-03-13 15:02:05] local.INFO: Method: getPlayersOnline. Server: 2. Player: 76561199197000922(утка). Prev online: 5072, Server Online: 2161, Online: 5132. Diff online: 60, All online: 2161, Monday online: 0, Thursday online: 0  
[2026-03-13 15:02:05] local.INFO: Method: getPlayersOnline. Server: 2. Player: 76561199704747517([OSB] фуфел шмерц). Prev online: 6074, Server Online: 766843, Online: 6134. Diff online: 60, All online: 1267220, Monday online: 500377, Thursday online: 0  
[2026-03-13 15:02:05] local.INFO: Method: getPlayersOnline. Server: 2. Player: 76561198977413624(гуль). Prev online: 2897, Server Online: 2077817, Online: 2957. Diff online: 60, All online: 2925627, Monday online: 831786, Thursday online: 0  
[2026-03-13 15:02:05] local.INFO: Method: getPlayersOnline. Server: 2. Player: 76561198744795404(Аркадий). Prev online: 1765, Server Online: 39903, Online: 1824. Diff online: 59, All online: 39903, Monday online: 0, Thursday online: 0  
[2026-03-13 15:02:05] local.INFO: Method: getPlayersOnline. Server: 2. Player: 76561199251293554(Romana_Banana #RBN). Prev online: 7128, Server Online: 644964, Online: 7187. Diff online: 59, All online: 1528908, Monday online: 883944, Thursday online: 0  
[2026-03-13 15:02:06] local.INFO: Method: getPlayersOnline. Server: 2. Player: 76561199488737519(.NB | Kasumi). Prev online: 1525, Server Online: 327354, Online: 1585. Diff online: 60, All online: 548894, Monday online: 45019, Thursday online: 0  
[2026-03-13 15:02:06] local.INFO: Method: getPlayersOnline. Server: 2. Player: 76561198979365995(SPACE TEA). Prev online: 182, Server Online: 660, Online: 241. Diff online: 59, All online: 660, Monday online: 0, Thursday online: 0  
[2026-03-13 15:02:07] local.INFO: Method: getPlayersOnline. Server: 2. Player: 76561199812537987(Satoru). Prev online: 7300, Server Online: 459938, Online: 7359. Diff online: 59, All online: 912810, Monday online: 452872, Thursday online: 0  
[2026-03-13 15:02:07] local.INFO: Method: getPlayersOnline. Server: 2. Player: 76561199887355862(TimkaRT). Prev online: 4536, Server Online: 9092, Online: 4596. Diff online: 60, All online: 9092, Monday online: 0, Thursday online: 0  
[2026-03-13 15:02:07] local.INFO: Method: getPlayersOnline. Server: 2. Player: 76561198858639494(CL | Yamato). Prev online: 13675, Server Online: 13945, Online: 13735. Diff online: 60, All online: 25695, Monday online: 11750, Thursday online: 0  
[2026-03-13 15:02:07] local.INFO: Method: getPlayersOnline. Server: 2. Player: 76561199027819270(what happened(((). Prev online: 1433, Server Online: 247652, Online: 1493. Diff online: 60, All online: 282606, Monday online: 34954, Thursday online: 0  
[2026-03-13 15:02:07] local.INFO: Method: getPlayersOnline. Server: 2. Player: 76561198845624597(КОТЭЭЭЭ). Prev online: 6649, Server Online: 1008257, Online: 6708. Diff online: 59, All online: 2555096, Monday online: 1508563, Thursday online: 0  
[2026-03-13 15:02:08] local.INFO: Method: getPlayersOnline. Server: 2. Player: 76561199497410738(Ашот). Prev online: 5179, Server Online: 128918, Online: 5239. Diff online: 60, All online: 159158, Monday online: 30240, Thursday online: 0  
[2026-03-13 15:02:08] local.INFO: Method: getPlayersOnline. Server: 2. Player: 76561199217271678(god OK!). Prev online: 1741, Server Online: 774380, Online: 1800. Diff online: 59, All online: 774380, Monday online: 0, Thursday online: 0  
[2026-03-13 15:02:08] local.INFO: Method: getPlayersOnline. Server: 2. Player: 76561199505080070(Pepega). Prev online: 7031, Server Online: 1577717, Online: 7091. Diff online: 60, All online: 2280395, Monday online: 451812, Thursday online: 0  
[2026-03-13 15:02:08] local.INFO: Method: getPlayersOnline. Server: 2. Player: 76561199250082883(rock). Prev online: 2121, Server Online: 1411736, Online: 2181. Diff online: 60, All online: 2883146, Monday online: 1265795, Thursday online: 0  
[2026-03-13 15:02:09] local.INFO: Method: getPlayersOnline. Server: 2. Player: 76561199258528453(bad-f1?). Prev online: 4656, Server Online: 655616, Online: 4715. Diff online: 59, All online: 843360, Monday online: 120062, Thursday online: 0  
[2026-03-13 15:02:09] local.INFO: Method: getPlayersOnline. Server: 2. Player: 76561198754436395(『Gaw』- D3). Prev online: 3366, Server Online: 63575, Online: 3426. Diff online: 60, All online: 144194, Monday online: 80619, Thursday online: 0  
[2026-03-13 15:02:09] local.INFO: Method: getPlayersOnline. Server: 2. Player: 76561199727554631(писякака). Prev online: 1836, Server Online: 31780, Online: 1895. Diff online: 59, All online: 31780, Monday online: 0, Thursday online: 0  
[2026-03-13 15:02:09] local.INFO: Method: getPlayersOnline. Server: 2. Player: 76561199144698786(AmyRose). Prev online: 1677, Server Online: 18547, Online: 1736. Diff online: 59, All online: 23955, Monday online: 5408, Thursday online: 0  
[2026-03-13 15:02:09] local.INFO: Method: getPlayersOnline. Server: 2. Player: 76561199246146537(【.VEX】| Violetess). Prev online: 1322, Server Online: 309822, Online: 1382. Diff online: 60, All online: 309822, Monday online: 0, Thursday online: 0  
[2026-03-13 15:02:09] local.INFO: Method: getPlayersOnline. Server: 2. Player: 76561199369046089(lowtab? shanyy). Prev online: 663, Server Online: 43040, Online: 722. Diff online: 59, All online: 77215, Monday online: 16982, Thursday online: 0  
[2026-03-13 15:02:09] local.INFO: Method: getPlayersOnline. Server: 2. Player: 76561199486229308(MC  АМБАЛ). Prev online: 390, Server Online: 731366, Online: 450. Diff online: 60, All online: 1162129, Monday online: 430763, Thursday online: 0  
[2026-03-13 15:02:10] local.INFO: Method: getPlayersOnline. Server: 2. Player: 76561198271092183(WN & dashylya). Prev online: 311, Server Online: 23589, Online: 371. Diff online: 60, All online: 178419, Monday online: 77428, Thursday online: 0  
[2026-03-13 15:02:10] local.INFO: Method: getPlayersOnline. Server: 3. Player: 76561199821262476(кава бухаетCS2BGD31.RU). Prev online: 2940, Server Online: 566808, Online: 3000. Diff online: 60, All online: 858357, Monday online: 566808, Thursday online: 0  
[2026-03-13 15:02:10] local.INFO: Method: getPlayersOnline. Server: 3. Player: 76561199784177636([ZOV]Adel Vagina). Prev online: 257, Server Online: 649669, Online: 317. Diff online: 60, All online: 650448, Monday online: 649669, Thursday online: 0  
[2026-03-13 15:03:02] local.INFO: Method: getPlayersOnline. Start...  
[2026-03-13 15:03:03] local.INFO: Method: getPlayersOnline. Server: 2. Player: 76561199203821366(Xd). Prev online: 8445, Server Online: 470178, Online: 8445. Diff online: 0, All online: 910736, Monday online: 399228, Thursday online: 0  
[2026-03-13 15:03:03] local.INFO: Method: getPlayersOnline. Server: 2. Player: 76561199090783915(whxtebutterfly). Prev online: 1995, Server Online: 336676, Online: 1995. Diff online: 0, All online: 508958, Monday online: 142705, Thursday online: 0  
[2026-03-13 15:03:03] local.INFO: Method: getPlayersOnline. Server: 2. Player: 76561199743727010(werdix #ultimaterust). Prev online: 5725, Server Online: 2160, Online: 5725. Diff online: 0, All online: 61383, Monday online: 59223, Thursday online: 0  
[2026-03-13 15:03:03] local.INFO: Method: getPlayersOnline. Server: 2. Player: 76561198451931006(Tom). Prev online: 24637, Server Online: 2891428, Online: 24637. Diff online: 0, All online: 3987749, Monday online: 451948, Thursday online: 0  
[2026-03-13 15:03:03] local.INFO: Method: getPlayersOnline. Server: 2. Player: 76561199384774505(trouble. whyyoufall1ng?). Prev online: 8585, Server Online: 230744, Online: 8585. Diff online: 0, All online: 455402, Monday online: 131401, Thursday online: 0  
[2026-03-13 15:03:03] local.INFO: Method: getPlayersOnline. Server: 2. Player: 76561199091294625(lagaet na ffa). Prev online: 4331, Server Online: 842715, Online: 4331. Diff online: 0, All online: 1128458, Monday online: 164273, Thursday online: 0  
[2026-03-13 15:03:04] local.INFO: Method: getPlayersOnline. Server: 2. Player: 76561198332903750(FOG. | Окрошка)). Prev online: 22597, Server Online: 403848, Online: 22597. Diff online: 0, All online: 711616, Monday online: 307768, Thursday online: 0  
[2026-03-13 15:03:04] local.INFO: Method: getPlayersOnline. Server: 2. Player: 76561199258134981(胖他媽的). Prev online: 3733, Server Online: 5353, Online: 3733. Diff online: 0, All online: 99483, Monday online: 94130, Thursday online: 0  
[2026-03-13 15:03:04] local.INFO: Method: getPlayersOnline. Server: 2. Player: 76561199756724747(Dums#VorpalSwords). Prev online: 4641, Server Online: 10145, Online: 4641. Diff online: 0, All online: 53603, Monday online: 43458, Thursday online: 0  
[2026-03-13 15:03:04] local.INFO: Method: getPlayersOnline. Server: 2. Player: 76561199261706104(76561199261706104). Prev online: 1884, Server Online: 330495, Online: 1884. Diff online: 0, All online: 2244822, Monday online: 714881, Thursday online: 0  
[2026-03-13 15:03:05] local.INFO: Method: getPlayersOnline. Server: 2. Player: 76561199197000922(утка). Prev online: 5132, Server Online: 2161, Online: 5132. Diff online: 0, All online: 2161, Monday online: 0, Thursday online: 0  
[2026-03-13 15:03:05] local.INFO: Method: getPlayersOnline. Server: 2. Player: 76561199704747517([OSB] фуфел шмерц). Prev online: 6134, Server Online: 766843, Online: 6134. Diff online: 0, All online: 1267220, Monday online: 500377, Thursday online: 0  
[2026-03-13 15:03:05] local.INFO: Method: getPlayersOnline. Server: 2. Player: 76561198977413624(гуль). Prev online: 2957, Server Online: 2077817, Online: 2957. Diff online: 0, All online: 2925627, Monday online: 831786, Thursday online: 0  
[2026-03-13 15:03:05] local.INFO: Method: getPlayersOnline. Server: 2. Player: 76561198744795404(Аркадий). Prev online: 1824, Server Online: 39903, Online: 1824. Diff online: 0, All online: 39903, Monday online: 0, Thursday online: 0  
[2026-03-13 15:03:05] local.INFO: Method: getPlayersOnline. Server: 2. Player: 76561199251293554(Romana_Banana #RBN). Prev online: 7187, Server Online: 644964, Online: 7187. Diff online: 0, All online: 1528908, Monday online: 883944, Thursday online: 0  
[2026-03-13 15:03:05] local.INFO: Method: getPlayersOnline. Server: 2. Player: 76561199488737519(.NB | Kasumi). Prev online: 1585, Server Online: 327354, Online: 1585. Diff online: 0, All online: 548894, Monday online: 45019, Thursday online: 0  
[2026-03-13 15:03:05] local.INFO: Method: getPlayersOnline. Server: 2. Player: 76561198979365995(SPACE TEA). Prev online: 241, Server Online: 660, Online: 241. Diff online: 0, All online: 660, Monday online: 0, Thursday online: 0  
[2026-03-13 15:03:05] local.INFO: Method: getPlayersOnline. Server: 2. Player: 76561199812537987(Satoru). Prev online: 7359, Server Online: 459938, Online: 7359. Diff online: 0, All online: 912810, Monday online: 452872, Thursday online: 0  
[2026-03-13 15:03:05] local.INFO: Method: getPlayersOnline. Server: 2. Player: 76561199887355862(TimkaRT). Prev online: 4596, Server Online: 9092, Online: 4596. Diff online: 0, All online: 9092, Monday online: 0, Thursday online: 0  
[2026-03-13 15:03:06] local.INFO: Method: getPlayersOnline. Server: 2. Player: 76561198858639494(CL | Yamato). Prev online: 13735, Server Online: 13945, Online: 13735. Diff online: 0, All online: 25695, Monday online: 11750, Thursday online: 0  
[2026-03-13 15:03:06] local.INFO: Method: getPlayersOnline. Server: 2. Player: 76561199027819270(what happened(((). Prev online: 1493, Server Online: 247652, Online: 1493. Diff online: 0, All online: 282606, Monday online: 34954, Thursday online: 0  
[2026-03-13 15:03:06] local.INFO: Method: getPlayersOnline. Server: 2. Player: 76561198845624597(КОТЭЭЭЭ). Prev online: 6708, Server Online: 1008257, Online: 6708. Diff online: 0, All online: 2555096, Monday online: 1508563, Thursday online: 0  
[2026-03-13 15:03:07] local.INFO: Method: getPlayersOnline. Server: 2. Player: 76561199497410738(Ашот). Prev online: 5239, Server Online: 128918, Online: 5239. Diff online: 0, All online: 159158, Monday online: 30240, Thursday online: 0  
[2026-03-13 15:03:07] local.INFO: Method: getPlayersOnline. Server: 2. Player: 76561199217271678(god OK!). Prev online: 1800, Server Online: 774380, Online: 1800. Diff online: 0, All online: 774380, Monday online: 0, Thursday online: 0  
[2026-03-13 15:03:07] local.INFO: Method: getPlayersOnline. Server: 2. Player: 76561199505080070(Pepega). Prev online: 7091, Server Online: 1577717, Online: 7091. Diff online: 0, All online: 2280395, Monday online: 451812, Thursday online: 0  
[2026-03-13 15:03:08] local.INFO: Method: getPlayersOnline. Server: 2. Player: 76561199250082883(rock). Prev online: 2181, Server Online: 1411736, Online: 2181. Diff online: 0, All online: 2883146, Monday online: 1265795, Thursday online: 0  
[2026-03-13 15:03:08] local.INFO: Method: getPlayersOnline. Server: 2. Player: 76561199258528453(bad-f1?). Prev online: 4715, Server Online: 655616, Online: 4715. Diff online: 0, All online: 843360, Monday online: 120062, Thursday online: 0  
[2026-03-13 15:03:08] local.INFO: Method: getPlayersOnline. Server: 2. Player: 76561198754436395(『Gaw』- D3). Prev online: 3426, Server Online: 63575, Online: 3426. Diff online: 0, All online: 144194, Monday online: 80619, Thursday online: 0  
[2026-03-13 15:03:08] local.INFO: Method: getPlayersOnline. Server: 2. Player: 76561199727554631(писякака). Prev online: 1895, Server Online: 31780, Online: 1895. Diff online: 0, All online: 31780, Monday online: 0, Thursday online: 0  
[2026-03-13 15:03:08] local.INFO: Method: getPlayersOnline. Server: 2. Player: 76561199144698786(AmyRose). Prev online: 1736, Server Online: 18547, Online: 1736. Diff online: 0, All online: 23955, Monday online: 5408, Thursday online: 0  
[2026-03-13 15:03:09] local.INFO: Method: getPlayersOnline. Server: 2. Player: 76561199246146537(【.VEX】| Violetess). Prev online: 1382, Server Online: 309822, Online: 1382. Diff online: 0, All online: 309822, Monday online: 0, Thursday online: 0  
[2026-03-13 15:03:09] local.INFO: Method: getPlayersOnline. Server: 2. Player: 76561199369046089(lowtab? shanyy). Prev online: 722, Server Online: 43040, Online: 722. Diff online: 0, All online: 77215, Monday online: 16982, Thursday online: 0  
[2026-03-13 15:03:09] local.INFO: Method: getPlayersOnline. Server: 2. Player: 76561199486229308(MC  АМБАЛ). Prev online: 450, Server Online: 731366, Online: 450. Diff online: 0, All online: 1162129, Monday online: 430763, Thursday online: 0  
[2026-03-13 15:03:09] local.INFO: Method: getPlayersOnline. Server: 2. Player: 76561198271092183(WN & dashylya). Prev online: 371, Server Online: 23589, Online: 371. Diff online: 0, All online: 178419, Monday online: 77428, Thursday online: 0  
[2026-03-13 15:03:09] local.INFO: Method: getPlayersOnline. Server: 3. Player: 76561199821262476(кава бухаетCS2BGD31.RU). Prev online: 3000, Server Online: 566868, Online: 3060. Diff online: 60, All online: 858417, Monday online: 566868, Thursday online: 0  
[2026-03-13 15:03:10] local.INFO: Method: getPlayersOnline. Server: 3. Player: 76561199784177636([ZOV]Adel Vagina). Prev online: 317, Server Online: 649728, Online: 376. Diff online: 59, All online: 650507, Monday online: 649728, Thursday online: 0  
[2026-03-13 15:04:03] local.INFO: Method: getPlayersOnline. Start...  
[2026-03-13 15:04:04] local.INFO: Method: getPlayersOnline. Server: 2. Player: 76561199203821366(Xd). Prev online: 8445, Server Online: 470178, Online: 8445. Diff online: 0, All online: 910736, Monday online: 399228, Thursday online: 0  
[2026-03-13 15:04:04] local.INFO: Method: getPlayersOnline. Server: 2. Player: 76561199090783915(whxtebutterfly). Prev online: 1995, Server Online: 336676, Online: 1995. Diff online: 0, All online: 508958, Monday online: 142705, Thursday online: 0  
[2026-03-13 15:04:04] local.INFO: Method: getPlayersOnline. Server: 2. Player: 76561199743727010(werdix #ultimaterust). Prev online: 5725, Server Online: 2160, Online: 5725. Diff online: 0, All online: 61383, Monday online: 59223, Thursday online: 0  
[2026-03-13 15:04:04] local.INFO: Method: getPlayersOnline. Server: 2. Player: 76561198451931006(Tom). Prev online: 24637, Server Online: 2891428, Online: 24637. Diff online: 0, All online: 3987749, Monday online: 451948, Thursday online: 0  
[2026-03-13 15:04:04] local.INFO: Method: getPlayersOnline. Server: 2. Player: 76561199384774505(trouble. whyyoufall1ng?). Prev online: 8585, Server Online: 230744, Online: 8585. Diff online: 0, All online: 455402, Monday online: 131401, Thursday online: 0  
[2026-03-13 15:04:04] local.INFO: Method: getPlayersOnline. Server: 2. Player: 76561199091294625(lagaet na ffa). Prev online: 4331, Server Online: 842715, Online: 4331. Diff online: 0, All online: 1128458, Monday online: 164273, Thursday online: 0  
[2026-03-13 15:04:05] local.INFO: Method: getPlayersOnline. Server: 2. Player: 76561198332903750(FOG. | Окрошка)). Prev online: 22597, Server Online: 403848, Online: 22597. Diff online: 0, All online: 711616, Monday online: 307768, Thursday online: 0  
[2026-03-13 15:04:05] local.INFO: Method: getPlayersOnline. Server: 2. Player: 76561199258134981(胖他媽的). Prev online: 3733, Server Online: 5353, Online: 3733. Diff online: 0, All online: 99483, Monday online: 94130, Thursday online: 0  
[2026-03-13 15:04:05] local.INFO: Method: getPlayersOnline. Server: 2. Player: 76561199756724747(Dums#VorpalSwords). Prev online: 4641, Server Online: 10145, Online: 4641. Diff online: 0, All online: 53603, Monday online: 43458, Thursday online: 0  
[2026-03-13 15:04:05] local.INFO: Method: getPlayersOnline. Server: 2. Player: 76561199261706104(76561199261706104). Prev online: 1884, Server Online: 330495, Online: 1884. Diff online: 0, All online: 2244822, Monday online: 714881, Thursday online: 0  
[2026-03-13 15:04:05] local.INFO: Method: getPlayersOnline. Server: 2. Player: 76561199197000922(утка). Prev online: 5132, Server Online: 2161, Online: 5132. Diff online: 0, All online: 2161, Monday online: 0, Thursday online: 0  
[2026-03-13 15:04:06] local.INFO: Method: getPlayersOnline. Server: 2. Player: 76561199704747517([OSB] фуфел шмерц). Prev online: 6134, Server Online: 766843, Online: 6134. Diff online: 0, All online: 1267220, Monday online: 500377, Thursday online: 0  
[2026-03-13 15:04:06] local.INFO: Method: getPlayersOnline. Server: 2. Player: 76561198977413624(гуль). Prev online: 2957, Server Online: 2077817, Online: 2957. Diff online: 0, All online: 2925627, Monday online: 831786, Thursday online: 0  
[2026-03-13 15:04:06] local.INFO: Method: getPlayersOnline. Server: 2. Player: 76561198744795404(Аркадий). Prev online: 1824, Server Online: 39903, Online: 1824. Diff online: 0, All online: 39903, Monday online: 0, Thursday online: 0  
[2026-03-13 15:04:06] local.INFO: Method: getPlayersOnline. Server: 2. Player: 76561199251293554(Romana_Banana #RBN). Prev online: 7187, Server Online: 644964, Online: 7187. Diff online: 0, All online: 1528908, Monday online: 883944, Thursday online: 0  
[2026-03-13 15:04:06] local.INFO: Method: getPlayersOnline. Server: 2. Player: 76561199488737519(.NB | Kasumi). Prev online: 1585, Server Online: 327354, Online: 1585. Diff online: 0, All online: 548894, Monday online: 45019, Thursday online: 0  
[2026-03-13 15:04:06] local.INFO: Method: getPlayersOnline. Server: 2. Player: 76561198979365995(SPACE TEA). Prev online: 241, Server Online: 660, Online: 241. Diff online: 0, All online: 660, Monday online: 0, Thursday online: 0  
[2026-03-13 15:04:07] local.INFO: Method: getPlayersOnline. Server: 2. Player: 76561199812537987(Satoru). Prev online: 7359, Server Online: 459938, Online: 7359. Diff online: 0, All online: 912810, Monday online: 452872, Thursday online: 0  
[2026-03-13 15:04:07] local.INFO: Method: getPlayersOnline. Server: 2. Player: 76561199887355862(TimkaRT). Prev online: 4596, Server Online: 9092, Online: 4596. Diff online: 0, All online: 9092, Monday online: 0, Thursday online: 0  
[2026-03-13 15:04:07] local.INFO: Method: getPlayersOnline. Server: 2. Player: 76561198858639494(CL | Yamato). Prev online: 13735, Server Online: 13945, Online: 13735. Diff online: 0, All online: 25695, Monday online: 11750, Thursday online: 0  
[2026-03-13 15:04:07] local.INFO: Method: getPlayersOnline. Server: 2. Player: 76561199027819270(what happened(((). Prev online: 1493, Server Online: 247652, Online: 1493. Diff online: 0, All online: 282606, Monday online: 34954, Thursday online: 0  
[2026-03-13 15:04:07] local.INFO: Method: getPlayersOnline. Server: 2. Player: 76561198845624597(КОТЭЭЭЭ). Prev online: 6708, Server Online: 1008257, Online: 6708. Diff online: 0, All online: 2555096, Monday online: 1508563, Thursday online: 0  
[2026-03-13 15:04:08] local.INFO: Method: getPlayersOnline. Server: 2. Player: 76561199497410738(Ашот). Prev online: 5239, Server Online: 128918, Online: 5239. Diff online: 0, All online: 159158, Monday online: 30240, Thursday online: 0  
[2026-03-13 15:04:08] local.INFO: Method: getPlayersOnline. Server: 2. Player: 76561199217271678(god OK!). Prev online: 1800, Server Online: 774380, Online: 1800. Diff online: 0, All online: 774380, Monday online: 0, Thursday online: 0  
[2026-03-13 15:04:08] local.INFO: Method: getPlayersOnline. Server: 2. Player: 76561199505080070(Pepega). Prev online: 7091, Server Online: 1577717, Online: 7091. Diff online: 0, All online: 2280395, Monday online: 451812, Thursday online: 0  
[2026-03-13 15:04:09] local.INFO: Method: getPlayersOnline. Server: 2. Player: 76561199250082883(rock). Prev online: 2181, Server Online: 1411736, Online: 2181. Diff online: 0, All online: 2883146, Monday online: 1265795, Thursday online: 0  
[2026-03-13 15:04:09] local.INFO: Method: getPlayersOnline. Server: 2. Player: 76561199258528453(bad-f1?). Prev online: 4715, Server Online: 655616, Online: 4715. Diff online: 0, All online: 843360, Monday online: 120062, Thursday online: 0  
[2026-03-13 15:04:09] local.INFO: Method: getPlayersOnline. Server: 2. Player: 76561198754436395(『Gaw』- D3). Prev online: 3426, Server Online: 63575, Online: 3426. Diff online: 0, All online: 144194, Monday online: 80619, Thursday online: 0  
[2026-03-13 15:04:09] local.INFO: Method: getPlayersOnline. Server: 2. Player: 76561199727554631(писякака). Prev online: 1895, Server Online: 31780, Online: 1895. Diff online: 0, All online: 31780, Monday online: 0, Thursday online: 0  
[2026-03-13 15:04:09] local.INFO: Method: getPlayersOnline. Server: 2. Player: 76561199144698786(AmyRose). Prev online: 1736, Server Online: 18547, Online: 1736. Diff online: 0, All online: 23955, Monday online: 5408, Thursday online: 0  
[2026-03-13 15:04:09] local.INFO: Method: getPlayersOnline. Server: 2. Player: 76561199246146537(【.VEX】| Violetess). Prev online: 1382, Server Online: 309822, Online: 1382. Diff online: 0, All online: 309822, Monday online: 0, Thursday online: 0  
[2026-03-13 15:04:09] local.INFO: Method: getPlayersOnline. Server: 2. Player: 76561199369046089(lowtab? shanyy). Prev online: 722, Server Online: 43040, Online: 722. Diff online: 0, All online: 77215, Monday online: 16982, Thursday online: 0  
[2026-03-13 15:04:10] local.INFO: Method: getPlayersOnline. Server: 2. Player: 76561199486229308(MC  АМБАЛ). Prev online: 450, Server Online: 731366, Online: 450. Diff online: 0, All online: 1162129, Monday online: 430763, Thursday online: 0  
[2026-03-13 15:04:10] local.INFO: Method: getPlayersOnline. Server: 2. Player: 76561198271092183(WN & dashylya). Prev online: 371, Server Online: 23589, Online: 371. Diff online: 0, All online: 178419, Monday online: 77428, Thursday online: 0  
[2026-03-13 15:04:10] local.INFO: Method: getPlayersOnline. Server: 3. Player: 76561199821262476(кава бухаетCS2BGD31.RU). Prev online: 3060, Server Online: 566928, Online: 3120. Diff online: 60, All online: 858477, Monday online: 566928, Thursday online: 0  
[2026-03-13 15:04:10] local.INFO: Method: getPlayersOnline. Server: 3. Player: 76561199784177636([ZOV]Adel Vagina). Prev online: 376, Server Online: 649789, Online: 437. Diff online: 61, All online: 650568, Monday online: 649789, Thursday online: 0  
[2026-03-13 15:05:16] local.INFO: Method: getPlayersOnline. Start...  
[2026-03-13 15:05:16] local.INFO: Method: getPlayersOnline. Server: 2. Player: 76561199203821366(Xd). Prev online: 8445, Server Online: 470178, Online: 8445. Diff online: 0, All online: 910736, Monday online: 399228, Thursday online: 0  
[2026-03-13 15:05:16] local.INFO: Method: getPlayersOnline. Server: 2. Player: 76561199090783915(whxtebutterfly). Prev online: 1995, Server Online: 336676, Online: 1995. Diff online: 0, All online: 508958, Monday online: 142705, Thursday online: 0  
[2026-03-13 15:05:17] local.INFO: Method: getPlayersOnline. Server: 2. Player: 76561199743727010(werdix #ultimaterust). Prev online: 5725, Server Online: 2160, Online: 5725. Diff online: 0, All online: 61383, Monday online: 59223, Thursday online: 0  
[2026-03-13 15:05:17] local.INFO: Method: getPlayersOnline. Server: 2. Player: 76561198451931006(Tom). Prev online: 24637, Server Online: 2891428, Online: 24637. Diff online: 0, All online: 3987749, Monday online: 451948, Thursday online: 0  
[2026-03-13 15:05:17] local.INFO: Method: getPlayersOnline. Server: 2. Player: 76561199384774505(trouble. whyyoufall1ng?). Prev online: 8585, Server Online: 230744, Online: 8585. Diff online: 0, All online: 455402, Monday online: 131401, Thursday online: 0  
[2026-03-13 15:05:17] local.INFO: Method: getPlayersOnline. Server: 2. Player: 76561199091294625(lagaet na ffa). Prev online: 4331, Server Online: 842715, Online: 4331. Diff online: 0, All online: 1128458, Monday online: 164273, Thursday online: 0  
[2026-03-13 15:05:17] local.INFO: Method: getPlayersOnline. Server: 2. Player: 76561198332903750(FOG. | Окрошка)). Prev online: 22597, Server Online: 403848, Online: 22597. Diff online: 0, All online: 711616, Monday online: 307768, Thursday online: 0  
[2026-03-13 15:05:17] local.INFO: Method: getPlayersOnline. Server: 2. Player: 76561199258134981(胖他媽的). Prev online: 3733, Server Online: 5353, Online: 3733. Diff online: 0, All online: 99483, Monday online: 94130, Thursday online: 0  
[2026-03-13 15:05:17] local.INFO: Method: getPlayersOnline. Server: 2. Player: 76561199756724747(Dums#VorpalSwords). Prev online: 4641, Server Online: 10145, Online: 4641. Diff online: 0, All online: 53603, Monday online: 43458, Thursday online: 0  
[2026-03-13 15:05:18] local.INFO: Method: getPlayersOnline. Server: 2. Player: 76561199261706104(76561199261706104). Prev online: 1884, Server Online: 330495, Online: 1884. Diff online: 0, All online: 2244822, Monday online: 714881, Thursday online: 0  
[2026-03-13 15:05:18] local.INFO: Method: getPlayersOnline. Server: 2. Player: 76561199197000922(утка). Prev online: 5132, Server Online: 2161, Online: 5132. Diff online: 0, All online: 2161, Monday online: 0, Thursday online: 0  
[2026-03-13 15:05:18] local.INFO: Method: getPlayersOnline. Server: 2. Player: 76561199704747517([OSB] фуфел шмерц). Prev online: 6134, Server Online: 766843, Online: 6134. Diff online: 0, All online: 1267220, Monday online: 500377, Thursday online: 0  
[2026-03-13 15:05:18] local.INFO: Method: getPlayersOnline. Server: 2. Player: 76561198977413624(гуль). Prev online: 2957, Server Online: 2077817, Online: 2957. Diff online: 0, All online: 2925627, Monday online: 831786, Thursday online: 0  
[2026-03-13 15:05:18] local.INFO: Method: getPlayersOnline. Server: 2. Player: 76561198744795404(Аркадий). Prev online: 1824, Server Online: 39903, Online: 1824. Diff online: 0, All online: 39903, Monday online: 0, Thursday online: 0  
[2026-03-13 15:05:18] local.INFO: Method: getPlayersOnline. Server: 2. Player: 76561199251293554(Romana_Banana #RBN). Prev online: 7187, Server Online: 644964, Online: 7187. Diff online: 0, All online: 1528908, Monday online: 883944, Thursday online: 0  
[2026-03-13 15:05:19] local.INFO: Method: getPlayersOnline. Server: 2. Player: 76561199488737519(.NB | Kasumi). Prev online: 1585, Server Online: 327354, Online: 1585. Diff online: 0, All online: 548894, Monday online: 45019, Thursday online: 0  
[2026-03-13 15:05:19] local.INFO: Method: getPlayersOnline. Server: 2. Player: 76561198979365995(SPACE TEA). Prev online: 241, Server Online: 660, Online: 241. Diff online: 0, All online: 660, Monday online: 0, Thursday online: 0  
[2026-03-13 15:05:19] local.INFO: Method: getPlayersOnline. Server: 2. Player: 76561199812537987(Satoru). Prev online: 7359, Server Online: 459938, Online: 7359. Diff online: 0, All online: 912810, Monday online: 452872, Thursday online: 0  
[2026-03-13 15:05:19] local.INFO: Method: getPlayersOnline. Server: 2. Player: 76561199887355862(TimkaRT). Prev online: 4596, Server Online: 9092, Online: 4596. Diff online: 0, All online: 9092, Monday online: 0, Thursday online: 0  
[2026-03-13 15:05:19] local.INFO: Method: getPlayersOnline. Server: 2. Player: 76561198858639494(CL | Yamato). Prev online: 13735, Server Online: 13945, Online: 13735. Diff online: 0, All online: 25695, Monday online: 11750, Thursday online: 0  
[2026-03-13 15:05:19] local.INFO: Method: getPlayersOnline. Server: 2. Player: 76561199027819270(what happened(((). Prev online: 1493, Server Online: 247652, Online: 1493. Diff online: 0, All online: 282606, Monday online: 34954, Thursday online: 0  
[2026-03-13 15:05:19] local.INFO: Method: getPlayersOnline. Server: 2. Player: 76561198845624597(КОТЭЭЭЭ). Prev online: 6708, Server Online: 1008257, Online: 6708. Diff online: 0, All online: 2555096, Monday online: 1508563, Thursday online: 0  
[2026-03-13 15:05:20] local.INFO: Method: getPlayersOnline. Server: 2. Player: 76561199497410738(Ашот). Prev online: 5239, Server Online: 128918, Online: 5239. Diff online: 0, All online: 159158, Monday online: 30240, Thursday online: 0  
[2026-03-13 15:05:20] local.INFO: Method: getPlayersOnline. Server: 2. Player: 76561199217271678(god OK!). Prev online: 1800, Server Online: 774380, Online: 1800. Diff online: 0, All online: 774380, Monday online: 0, Thursday online: 0  
[2026-03-13 15:05:20] local.INFO: Method: getPlayersOnline. Server: 2. Player: 76561199505080070(Pepega). Prev online: 7091, Server Online: 1577717, Online: 7091. Diff online: 0, All online: 2280395, Monday online: 451812, Thursday online: 0  
[2026-03-13 15:05:21] local.INFO: Method: getPlayersOnline. Server: 2. Player: 76561199250082883(rock). Prev online: 2181, Server Online: 1411736, Online: 2181. Diff online: 0, All online: 2883146, Monday online: 1265795, Thursday online: 0  
[2026-03-13 15:05:21] local.INFO: Method: getPlayersOnline. Server: 2. Player: 76561199258528453(bad-f1?). Prev online: 4715, Server Online: 655616, Online: 4715. Diff online: 0, All online: 843360, Monday online: 120062, Thursday online: 0  
[2026-03-13 15:05:21] local.INFO: Method: getPlayersOnline. Server: 2. Player: 76561198754436395(『Gaw』- D3). Prev online: 3426, Server Online: 63575, Online: 3426. Diff online: 0, All online: 144194, Monday online: 80619, Thursday online: 0  
[2026-03-13 15:05:21] local.INFO: Method: getPlayersOnline. Server: 2. Player: 76561199727554631(писякака). Prev online: 1895, Server Online: 31780, Online: 1895. Diff online: 0, All online: 31780, Monday online: 0, Thursday online: 0  
[2026-03-13 15:05:21] local.INFO: Method: getPlayersOnline. Server: 2. Player: 76561199144698786(AmyRose). Prev online: 1736, Server Online: 18547, Online: 1736. Diff online: 0, All online: 23955, Monday online: 5408, Thursday online: 0  
[2026-03-13 15:05:21] local.INFO: Method: getPlayersOnline. Server: 2. Player: 76561199246146537(【.VEX】| Violetess). Prev online: 1382, Server Online: 309822, Online: 1382. Diff online: 0, All online: 309822, Monday online: 0, Thursday online: 0  
[2026-03-13 15:05:21] local.INFO: Method: getPlayersOnline. Server: 2. Player: 76561199369046089(lowtab? shanyy). Prev online: 722, Server Online: 43040, Online: 722. Diff online: 0, All online: 77215, Monday online: 16982, Thursday online: 0  
[2026-03-13 15:05:22] local.INFO: Method: getPlayersOnline. Server: 2. Player: 76561199486229308(MC  АМБАЛ). Prev online: 450, Server Online: 731366, Online: 450. Diff online: 0, All online: 1162129, Monday online: 430763, Thursday online: 0  
[2026-03-13 15:05:22] local.INFO: Method: getPlayersOnline. Server: 2. Player: 76561198271092183(WN & dashylya). Prev online: 371, Server Online: 23589, Online: 371. Diff online: 0, All online: 178419, Monday online: 77428, Thursday online: 0  
[2026-03-13 15:05:22] local.INFO: Method: getPlayersOnline. Server: 3. Player: 76561199821262476(кава бухаетCS2BGD31.RU). Prev online: 3120, Server Online: 567001, Online: 3193. Diff online: 73, All online: 858550, Monday online: 567001, Thursday online: 0  
[2026-03-13 15:05:22] local.INFO: Method: getPlayersOnline. Server: 3. Player: 76561199784177636([ZOV]Adel Vagina). Prev online: 437, Server Online: 649862, Online: 510. Diff online: 73, All online: 650641, Monday online: 649862, Thursday online: 0  
[2026-03-13 15:06:03] local.INFO: Method: getPlayersOnline. Start...  
[2026-03-13 15:06:03] local.INFO: Method: getPlayersOnline. Server: 2. Player: 76561199203821366(Xd). Prev online: 8445, Server Online: 470178, Online: 8445. Diff online: 0, All online: 910736, Monday online: 399228, Thursday online: 0  
[2026-03-13 15:06:03] local.INFO: Method: getPlayersOnline. Server: 2. Player: 76561199090783915(whxtebutterfly). Prev online: 1995, Server Online: 336676, Online: 1995. Diff online: 0, All online: 508958, Monday online: 142705, Thursday online: 0  
[2026-03-13 15:06:03] local.INFO: Method: getPlayersOnline. Server: 2. Player: 76561199743727010(werdix #ultimaterust). Prev online: 5725, Server Online: 2160, Online: 5725. Diff online: 0, All online: 61383, Monday online: 59223, Thursday online: 0  
[2026-03-13 15:06:04] local.INFO: Method: getPlayersOnline. Server: 2. Player: 76561198451931006(Tom). Prev online: 24637, Server Online: 2891428, Online: 24637. Diff online: 0, All online: 3987749, Monday online: 451948, Thursday online: 0  
[2026-03-13 15:06:04] local.INFO: Method: getPlayersOnline. Server: 2. Player: 76561199384774505(trouble. whyyoufall1ng?). Prev online: 8585, Server Online: 230744, Online: 8585. Diff online: 0, All online: 455402, Monday online: 131401, Thursday online: 0  
[2026-03-13 15:06:04] local.INFO: Method: getPlayersOnline. Server: 2. Player: 76561199091294625(lagaet na ffa). Prev online: 4331, Server Online: 842715, Online: 4331. Diff online: 0, All online: 1128458, Monday online: 164273, Thursday online: 0  
[2026-03-13 15:06:04] local.INFO: Method: getPlayersOnline. Server: 2. Player: 76561198332903750(FOG. | Окрошка)). Prev online: 22597, Server Online: 403848, Online: 22597. Diff online: 0, All online: 711616, Monday online: 307768, Thursday online: 0  
[2026-03-13 15:06:04] local.INFO: Method: getPlayersOnline. Server: 2. Player: 76561199258134981(胖他媽的). Prev online: 3733, Server Online: 5353, Online: 3733. Diff online: 0, All online: 99483, Monday online: 94130, Thursday online: 0  
[2026-03-13 15:06:04] local.INFO: Method: getPlayersOnline. Server: 2. Player: 76561199756724747(Dums#VorpalSwords). Prev online: 4641, Server Online: 10145, Online: 4641. Diff online: 0, All online: 53603, Monday online: 43458, Thursday online: 0  
[2026-03-13 15:06:05] local.INFO: Method: getPlayersOnline. Server: 2. Player: 76561199261706104(76561199261706104). Prev online: 1884, Server Online: 330495, Online: 1884. Diff online: 0, All online: 2244822, Monday online: 714881, Thursday online: 0  
[2026-03-13 15:06:05] local.INFO: Method: getPlayersOnline. Server: 2. Player: 76561199197000922(утка). Prev online: 5132, Server Online: 2161, Online: 5132. Diff online: 0, All online: 2161, Monday online: 0, Thursday online: 0  
[2026-03-13 15:06:05] local.INFO: Method: getPlayersOnline. Server: 2. Player: 76561199704747517([OSB] фуфел шмерц). Prev online: 6134, Server Online: 766843, Online: 6134. Diff online: 0, All online: 1267220, Monday online: 500377, Thursday online: 0  
[2026-03-13 15:06:05] local.INFO: Method: getPlayersOnline. Server: 2. Player: 76561198977413624(гуль). Prev online: 2957, Server Online: 2077817, Online: 2957. Diff online: 0, All online: 2925627, Monday online: 831786, Thursday online: 0  
[2026-03-13 15:06:05] local.INFO: Method: getPlayersOnline. Server: 2. Player: 76561198744795404(Аркадий). Prev online: 1824, Server Online: 39903, Online: 1824. Diff online: 0, All online: 39903, Monday online: 0, Thursday online: 0  
[2026-03-13 15:06:05] local.INFO: Method: getPlayersOnline. Server: 2. Player: 76561199251293554(Romana_Banana #RBN). Prev online: 7187, Server Online: 644964, Online: 7187. Diff online: 0, All online: 1528908, Monday online: 883944, Thursday online: 0  
[2026-03-13 15:06:05] local.INFO: Method: getPlayersOnline. Server: 2. Player: 76561199488737519(.NB | Kasumi). Prev online: 1585, Server Online: 327354, Online: 1585. Diff online: 0, All online: 548894, Monday online: 45019, Thursday online: 0  
[2026-03-13 15:06:05] local.INFO: Method: getPlayersOnline. Server: 2. Player: 76561198979365995(SPACE TEA). Prev online: 241, Server Online: 660, Online: 241. Diff online: 0, All online: 660, Monday online: 0, Thursday online: 0  
[2026-03-13 15:06:06] local.INFO: Method: getPlayersOnline. Server: 2. Player: 76561199812537987(Satoru). Prev online: 7359, Server Online: 459938, Online: 7359. Diff online: 0, All online: 912810, Monday online: 452872, Thursday online: 0  
[2026-03-13 15:06:06] local.INFO: Method: getPlayersOnline. Server: 2. Player: 76561199887355862(TimkaRT). Prev online: 4596, Server Online: 9092, Online: 4596. Diff online: 0, All online: 9092, Monday online: 0, Thursday online: 0  
[2026-03-13 15:06:06] local.INFO: Method: getPlayersOnline. Server: 2. Player: 76561198858639494(CL | Yamato). Prev online: 13735, Server Online: 13945, Online: 13735. Diff online: 0, All online: 25695, Monday online: 11750, Thursday online: 0  
[2026-03-13 15:06:06] local.INFO: Method: getPlayersOnline. Server: 2. Player: 76561199027819270(what happened(((). Prev online: 1493, Server Online: 247652, Online: 1493. Diff online: 0, All online: 282606, Monday online: 34954, Thursday online: 0  
[2026-03-13 15:06:07] local.INFO: Method: getPlayersOnline. Server: 2. Player: 76561198845624597(КОТЭЭЭЭ). Prev online: 6708, Server Online: 1008257, Online: 6708. Diff online: 0, All online: 2555096, Monday online: 1508563, Thursday online: 0  
[2026-03-13 15:06:07] local.INFO: Method: getPlayersOnline. Server: 2. Player: 76561199497410738(Ашот). Prev online: 5239, Server Online: 128918, Online: 5239. Diff online: 0, All online: 159158, Monday online: 30240, Thursday online: 0  
[2026-03-13 15:06:07] local.INFO: Method: getPlayersOnline. Server: 2. Player: 76561199217271678(god OK!). Prev online: 1800, Server Online: 774380, Online: 1800. Diff online: 0, All online: 774380, Monday online: 0, Thursday online: 0  
[2026-03-13 15:06:07] local.INFO: Method: getPlayersOnline. Server: 2. Player: 76561199505080070(Pepega). Prev online: 7091, Server Online: 1577717, Online: 7091. Diff online: 0, All online: 2280395, Monday online: 451812, Thursday online: 0  
[2026-03-13 15:06:08] local.INFO: Method: getPlayersOnline. Server: 2. Player: 76561199250082883(rock). Prev online: 2181, Server Online: 1411736, Online: 2181. Diff online: 0, All online: 2883146, Monday online: 1265795, Thursday online: 0  
[2026-03-13 15:06:08] local.INFO: Method: getPlayersOnline. Server: 2. Player: 76561199258528453(bad-f1?). Prev online: 4715, Server Online: 655616, Online: 4715. Diff online: 0, All online: 843360, Monday online: 120062, Thursday online: 0  
[2026-03-13 15:06:08] local.INFO: Method: getPlayersOnline. Server: 2. Player: 76561198754436395(『Gaw』- D3). Prev online: 3426, Server Online: 63575, Online: 3426. Diff online: 0, All online: 144194, Monday online: 80619, Thursday online: 0  
[2026-03-13 15:06:08] local.INFO: Method: getPlayersOnline. Server: 2. Player: 76561199727554631(писякака). Prev online: 1895, Server Online: 31780, Online: 1895. Diff online: 0, All online: 31780, Monday online: 0, Thursday online: 0  
[2026-03-13 15:06:08] local.INFO: Method: getPlayersOnline. Server: 2. Player: 76561199144698786(AmyRose). Prev online: 1736, Server Online: 18547, Online: 1736. Diff online: 0, All online: 23955, Monday online: 5408, Thursday online: 0  
[2026-03-13 15:06:08] local.INFO: Method: getPlayersOnline. Server: 2. Player: 76561199246146537(【.VEX】| Violetess). Prev online: 1382, Server Online: 309822, Online: 1382. Diff online: 0, All online: 309822, Monday online: 0, Thursday online: 0  
[2026-03-13 15:06:09] local.INFO: Method: getPlayersOnline. Server: 2. Player: 76561199369046089(lowtab? shanyy). Prev online: 722, Server Online: 43040, Online: 722. Diff online: 0, All online: 77215, Monday online: 16982, Thursday online: 0  
[2026-03-13 15:06:09] local.INFO: Method: getPlayersOnline. Server: 2. Player: 76561199486229308(MC  АМБАЛ). Prev online: 450, Server Online: 731366, Online: 450. Diff online: 0, All online: 1162129, Monday online: 430763, Thursday online: 0  
[2026-03-13 15:06:09] local.INFO: Method: getPlayersOnline. Server: 2. Player: 76561198271092183(WN & dashylya). Prev online: 371, Server Online: 23589, Online: 371. Diff online: 0, All online: 178419, Monday online: 77428, Thursday online: 0  
[2026-03-13 15:06:09] local.INFO: Method: getPlayersOnline. Server: 3. Player: 76561199821262476(кава бухаетCS2BGD31.RU). Prev online: 3193, Server Online: 567048, Online: 3240. Diff online: 47, All online: 858597, Monday online: 567048, Thursday online: 0  
[2026-03-13 15:06:09] local.INFO: Method: getPlayersOnline. Server: 3. Player: 76561199784177636([ZOV]Adel Vagina). Prev online: 510, Server Online: 649909, Online: 557. Diff online: 47, All online: 650688, Monday online: 649909, Thursday online: 0  
[2026-03-13 15:07:03] local.INFO: Method: getPlayersOnline. Start...  
[2026-03-13 15:07:03] local.INFO: Method: getPlayersOnline. Server: 2. Player: 76561199203821366(Xd). Prev online: 8445, Server Online: 470478, Online: 8745. Diff online: 300, All online: 911036, Monday online: 399228, Thursday online: 0  
[2026-03-13 15:07:03] local.INFO: Method: getPlayersOnline. Server: 2. Player: 76561199090783915(whxtebutterfly). Prev online: 1995, Server Online: 336976, Online: 2295. Diff online: 300, All online: 509258, Monday online: 142705, Thursday online: 0  
[2026-03-13 15:07:03] local.INFO: Method: getPlayersOnline. Server: 2. Player: 76561199743727010(werdix #ultimaterust). Prev online: 5725, Server Online: 2460, Online: 6025. Diff online: 300, All online: 61683, Monday online: 59223, Thursday online: 0  
[2026-03-13 15:07:04] local.INFO: Method: getPlayersOnline. Server: 2. Player: 76561198451931006(Tom). Prev online: 24637, Server Online: 2891728, Online: 24937. Diff online: 300, All online: 3988049, Monday online: 451948, Thursday online: 0  
[2026-03-13 15:07:04] local.INFO: Method: getPlayersOnline. Server: 2. Player: 76561199091294625(lagaet na ffa). Prev online: 4331, Server Online: 843015, Online: 4631. Diff online: 300, All online: 1128758, Monday online: 164273, Thursday online: 0  
[2026-03-13 15:07:04] local.INFO: Method: getPlayersOnline. Server: 2. Player: 76561198332903750(FOG. | Окрошка)). Prev online: 22597, Server Online: 404148, Online: 22897. Diff online: 300, All online: 711916, Monday online: 307768, Thursday online: 0  
[2026-03-13 15:07:04] local.INFO: Method: getPlayersOnline. Server: 2. Player: 76561199258134981(胖他媽的). Prev online: 3733, Server Online: 5653, Online: 4033. Diff online: 300, All online: 99783, Monday online: 94130, Thursday online: 0  
[2026-03-13 15:07:04] local.INFO: Method: getPlayersOnline. Server: 2. Player: 76561199756724747(Dums#VorpalSwords). Prev online: 4641, Server Online: 10445, Online: 4941. Diff online: 300, All online: 53903, Monday online: 43458, Thursday online: 0  
[2026-03-13 15:07:04] local.INFO: Method: getPlayersOnline. Server: 2. Player: 76561199258528453(bad-f1?). Prev online: 4715, Server Online: 655771, Online: 155. Diff online: 300, All online: 843515, Monday online: 120062, Thursday online: 0  
[2026-03-13 15:07:05] local.INFO: Method: getPlayersOnline. Server: 2. Player: 76561199261706104(76561199261706104). Prev online: 1884, Server Online: 330795, Online: 2184. Diff online: 300, All online: 2245122, Monday online: 714881, Thursday online: 0  
[2026-03-13 15:07:05] local.INFO: Method: getPlayersOnline. Server: 2. Player: 76561199197000922(утка). Prev online: 5132, Server Online: 2461, Online: 5432. Diff online: 300, All online: 2461, Monday online: 0, Thursday online: 0  
[2026-03-13 15:07:05] local.INFO: Method: getPlayersOnline. Server: 2. Player: 76561199704747517([OSB] фуфел шмерц). Prev online: 6134, Server Online: 767143, Online: 6434. Diff online: 300, All online: 1267520, Monday online: 500377, Thursday online: 0  
[2026-03-13 15:07:05] local.INFO: Method: getPlayersOnline. Server: 2. Player: 76561198977413624(гуль). Prev online: 2957, Server Online: 2078117, Online: 3257. Diff online: 300, All online: 2925927, Monday online: 831786, Thursday online: 0  
[2026-03-13 15:07:05] local.INFO: Method: getPlayersOnline. Server: 2. Player: 76561198744795404(Аркадий). Prev online: 1824, Server Online: 40203, Online: 2124. Diff online: 300, All online: 40203, Monday online: 0, Thursday online: 0  
[2026-03-13 15:07:05] local.INFO: Method: getPlayersOnline. Server: 2. Player: 76561199251293554(Romana_Banana #RBN). Prev online: 7187, Server Online: 645264, Online: 7487. Diff online: 300, All online: 1529208, Monday online: 883944, Thursday online: 0  
[2026-03-13 15:07:05] local.INFO: Method: getPlayersOnline. Server: 2. Player: 76561199488737519(.NB | Kasumi). Prev online: 1585, Server Online: 327654, Online: 1885. Diff online: 300, All online: 549194, Monday online: 45019, Thursday online: 0  
[2026-03-13 15:07:05] local.INFO: Method: getPlayersOnline. Server: 2. Player: 76561198979365995(SPACE TEA). Prev online: 241, Server Online: 960, Online: 541. Diff online: 300, All online: 960, Monday online: 0, Thursday online: 0  
[2026-03-13 15:07:06] local.INFO: Method: getPlayersOnline. Server: 2. Player: 76561199812537987(Satoru). Prev online: 7359, Server Online: 460238, Online: 7659. Diff online: 300, All online: 913110, Monday online: 452872, Thursday online: 0  
[2026-03-13 15:07:06] local.INFO: Method: getPlayersOnline. Server: 2. Player: 76561199887355862(TimkaRT). Prev online: 4596, Server Online: 9392, Online: 4896. Diff online: 300, All online: 9392, Monday online: 0, Thursday online: 0  
[2026-03-13 15:07:06] local.INFO: Method: getPlayersOnline. Server: 2. Player: 76561198858639494(CL | Yamato). Prev online: 13735, Server Online: 14245, Online: 14035. Diff online: 300, All online: 25995, Monday online: 11750, Thursday online: 0  
[2026-03-13 15:07:07] local.INFO: Method: getPlayersOnline. Server: 2. Player: 76561198845624597(КОТЭЭЭЭ). Prev online: 6708, Server Online: 1008557, Online: 7008. Diff online: 300, All online: 2555396, Monday online: 1508563, Thursday online: 0  
[2026-03-13 15:07:07] local.INFO: Method: getPlayersOnline. Server: 2. Player: 76561199497410738(Ашот). Prev online: 5239, Server Online: 129218, Online: 5539. Diff online: 300, All online: 159458, Monday online: 30240, Thursday online: 0  
[2026-03-13 15:07:08] local.INFO: Method: getPlayersOnline. Server: 2. Player: 76561199217271678(god OK!). Prev online: 1800, Server Online: 774680, Online: 2100. Diff online: 300, All online: 774680, Monday online: 0, Thursday online: 0  
[2026-03-13 15:07:08] local.INFO: Method: getPlayersOnline. Server: 2. Player: 76561199505080070(Pepega). Prev online: 7091, Server Online: 1578017, Online: 7391. Diff online: 300, All online: 2280695, Monday online: 451812, Thursday online: 0  
[2026-03-13 15:07:08] local.INFO: Method: getPlayersOnline. Server: 2. Player: 76561198754436395(『Gaw』- D3). Prev online: 3426, Server Online: 63875, Online: 3726. Diff online: 300, All online: 144494, Monday online: 80619, Thursday online: 0  
[2026-03-13 15:07:09] local.INFO: Method: getPlayersOnline. Server: 2. Player: 76561199727554631(писякака). Prev online: 1895, Server Online: 32080, Online: 2195. Diff online: 300, All online: 32080, Monday online: 0, Thursday online: 0  
[2026-03-13 15:07:09] local.INFO: Method: getPlayersOnline. Server: 2. Player: 76561199144698786(AmyRose). Prev online: 1736, Server Online: 18847, Online: 2036. Diff online: 300, All online: 24255, Monday online: 5408, Thursday online: 0  
[2026-03-13 15:07:09] local.INFO: Method: getPlayersOnline. Server: 2. Player: 76561199246146537(【.VEX】| Violetess). Prev online: 1382, Server Online: 310122, Online: 1682. Diff online: 300, All online: 310122, Monday online: 0, Thursday online: 0  
[2026-03-13 15:07:09] local.INFO: Method: getPlayersOnline. Server: 2. Player: 76561199369046089(lowtab? shanyy). Prev online: 722, Server Online: 43340, Online: 1022. Diff online: 300, All online: 77515, Monday online: 16982, Thursday online: 0  
[2026-03-13 15:07:09] local.INFO: Method: getPlayersOnline. Server: 2. Player: 76561198812079033(swaga vo mne doxuya). Prev online: 481, Server Online: 0, Online: 481. Diff online: 0, All online: 2461, Monday online: 2461, Thursday online: 0  
[2026-03-13 15:07:09] local.INFO: Method: getPlayersOnline. Server: 2. Player: 76561199486229308(MC  АМБАЛ). Prev online: 450, Server Online: 731666, Online: 750. Diff online: 300, All online: 1162429, Monday online: 430763, Thursday online: 0  
[2026-03-13 15:07:09] local.INFO: Method: getPlayersOnline. Server: 2. Player: 76561198271092183(WN & dashylya). Prev online: 371, Server Online: 23889, Online: 671. Diff online: 300, All online: 178719, Monday online: 77428, Thursday online: 0  
[2026-03-13 15:07:10] local.INFO: Method: getPlayersOnline. Server: 3. Player: 76561199784177636([ZOV]Adel Vagina). Prev online: 557, Server Online: 649969, Online: 617. Diff online: 60, All online: 650748, Monday online: 649969, Thursday online: 0  
[2026-03-13 15:08:02] local.INFO: Method: getPlayersOnline. Start...  
[2026-03-13 15:08:02] local.INFO: Method: getPlayersOnline. Server: 2. Player: 76561199203821366(Xd). Prev online: 8745, Server Online: 470478, Online: 8745. Diff online: 0, All online: 911036, Monday online: 399228, Thursday online: 0  
[2026-03-13 15:08:02] local.INFO: Method: getPlayersOnline. Server: 2. Player: 76561199090783915(whxtebutterfly). Prev online: 2295, Server Online: 336976, Online: 2295. Diff online: 0, All online: 509258, Monday online: 142705, Thursday online: 0  
[2026-03-13 15:08:03] local.INFO: Method: getPlayersOnline. Server: 2. Player: 76561199743727010(werdix #ultimaterust). Prev online: 6025, Server Online: 2460, Online: 6025. Diff online: 0, All online: 61683, Monday online: 59223, Thursday online: 0  
[2026-03-13 15:08:03] local.INFO: Method: getPlayersOnline. Server: 2. Player: 76561198451931006(Tom). Prev online: 24937, Server Online: 2891728, Online: 24937. Diff online: 0, All online: 3988049, Monday online: 451948, Thursday online: 0  
[2026-03-13 15:08:03] local.INFO: Method: getPlayersOnline. Server: 2. Player: 76561199091294625(lagaet na ffa). Prev online: 4631, Server Online: 843015, Online: 4631. Diff online: 0, All online: 1128758, Monday online: 164273, Thursday online: 0  
[2026-03-13 15:08:03] local.INFO: Method: getPlayersOnline. Server: 2. Player: 76561198332903750(FOG. | Окрошка)). Prev online: 22897, Server Online: 404148, Online: 22897. Diff online: 0, All online: 711916, Monday online: 307768, Thursday online: 0  
[2026-03-13 15:08:03] local.INFO: Method: getPlayersOnline. Server: 2. Player: 76561199258134981(胖他媽的). Prev online: 4033, Server Online: 5653, Online: 4033. Diff online: 0, All online: 99783, Monday online: 94130, Thursday online: 0  
[2026-03-13 15:08:03] local.INFO: Method: getPlayersOnline. Server: 2. Player: 76561199756724747(Dums#VorpalSwords). Prev online: 4941, Server Online: 10445, Online: 4941. Diff online: 0, All online: 53903, Monday online: 43458, Thursday online: 0  
[2026-03-13 15:08:04] local.INFO: Method: getPlayersOnline. Server: 2. Player: 76561199258528453(bad-f1?). Prev online: 155, Server Online: 655771, Online: 155. Diff online: 0, All online: 843515, Monday online: 120062, Thursday online: 0  
[2026-03-13 15:08:04] local.INFO: Method: getPlayersOnline. Server: 2. Player: 76561199261706104(76561199261706104). Prev online: 2184, Server Online: 330795, Online: 2184. Diff online: 0, All online: 2245122, Monday online: 714881, Thursday online: 0  
[2026-03-13 15:08:04] local.INFO: Method: getPlayersOnline. Server: 2. Player: 76561199197000922(утка). Prev online: 5432, Server Online: 2461, Online: 5432. Diff online: 0, All online: 2461, Monday online: 0, Thursday online: 0  
[2026-03-13 15:08:04] local.INFO: Method: getPlayersOnline. Server: 2. Player: 76561199704747517([OSB] фуфел шмерц). Prev online: 6434, Server Online: 767143, Online: 6434. Diff online: 0, All online: 1267520, Monday online: 500377, Thursday online: 0  
[2026-03-13 15:08:04] local.INFO: Method: getPlayersOnline. Server: 2. Player: 76561198977413624(гуль). Prev online: 3257, Server Online: 2078117, Online: 3257. Diff online: 0, All online: 2925927, Monday online: 831786, Thursday online: 0  
[2026-03-13 15:08:04] local.INFO: Method: getPlayersOnline. Server: 2. Player: 76561198744795404(Аркадий). Prev online: 2124, Server Online: 40203, Online: 2124. Diff online: 0, All online: 40203, Monday online: 0, Thursday online: 0  
[2026-03-13 15:08:04] local.INFO: Method: getPlayersOnline. Server: 2. Player: 76561199251293554(Romana_Banana #RBN). Prev online: 7487, Server Online: 645264, Online: 7487. Diff online: 0, All online: 1529208, Monday online: 883944, Thursday online: 0  
[2026-03-13 15:08:05] local.INFO: Method: getPlayersOnline. Server: 2. Player: 76561199488737519(.NB | Kasumi). Prev online: 1885, Server Online: 327654, Online: 1885. Diff online: 0, All online: 549194, Monday online: 45019, Thursday online: 0  
[2026-03-13 15:08:05] local.INFO: Method: getPlayersOnline. Server: 2. Player: 76561198979365995(SPACE TEA). Prev online: 541, Server Online: 960, Online: 541. Diff online: 0, All online: 960, Monday online: 0, Thursday online: 0  
[2026-03-13 15:08:05] local.INFO: Method: getPlayersOnline. Server: 2. Player: 76561199812537987(Satoru). Prev online: 7659, Server Online: 460238, Online: 7659. Diff online: 0, All online: 913110, Monday online: 452872, Thursday online: 0  
[2026-03-13 15:08:05] local.INFO: Method: getPlayersOnline. Server: 2. Player: 76561199887355862(TimkaRT). Prev online: 4896, Server Online: 9392, Online: 4896. Diff online: 0, All online: 9392, Monday online: 0, Thursday online: 0  
[2026-03-13 15:08:05] local.INFO: Method: getPlayersOnline. Server: 2. Player: 76561198858639494(CL | Yamato). Prev online: 14035, Server Online: 14245, Online: 14035. Diff online: 0, All online: 25995, Monday online: 11750, Thursday online: 0  
[2026-03-13 15:08:05] local.INFO: Method: getPlayersOnline. Server: 2. Player: 76561198845624597(КОТЭЭЭЭ). Prev online: 7008, Server Online: 1008557, Online: 7008. Diff online: 0, All online: 2555396, Monday online: 1508563, Thursday online: 0  
[2026-03-13 15:08:06] local.INFO: Method: getPlayersOnline. Server: 2. Player: 76561199497410738(Ашот). Prev online: 5539, Server Online: 129218, Online: 5539. Diff online: 0, All online: 159458, Monday online: 30240, Thursday online: 0  
[2026-03-13 15:08:07] local.INFO: Method: getPlayersOnline. Server: 2. Player: 76561199217271678(god OK!). Prev online: 2100, Server Online: 774680, Online: 2100. Diff online: 0, All online: 774680, Monday online: 0, Thursday online: 0  
[2026-03-13 15:08:07] local.INFO: Method: getPlayersOnline. Server: 2. Player: 76561199505080070(Pepega). Prev online: 7391, Server Online: 1578017, Online: 7391. Diff online: 0, All online: 2280695, Monday online: 451812, Thursday online: 0  
[2026-03-13 15:08:08] local.INFO: Method: getPlayersOnline. Server: 2. Player: 76561198754436395(『Gaw』- D3). Prev online: 3726, Server Online: 63875, Online: 3726. Diff online: 0, All online: 144494, Monday online: 80619, Thursday online: 0  
[2026-03-13 15:08:08] local.INFO: Method: getPlayersOnline. Server: 2. Player: 76561199727554631(писякака). Prev online: 2195, Server Online: 32080, Online: 2195. Diff online: 0, All online: 32080, Monday online: 0, Thursday online: 0  
[2026-03-13 15:08:08] local.INFO: Method: getPlayersOnline. Server: 2. Player: 76561199144698786(AmyRose). Prev online: 2036, Server Online: 18847, Online: 2036. Diff online: 0, All online: 24255, Monday online: 5408, Thursday online: 0  
[2026-03-13 15:08:08] local.INFO: Method: getPlayersOnline. Server: 2. Player: 76561199246146537(【.VEX】| Violetess). Prev online: 1682, Server Online: 310122, Online: 1682. Diff online: 0, All online: 310122, Monday online: 0, Thursday online: 0  
[2026-03-13 15:08:08] local.INFO: Method: getPlayersOnline. Server: 2. Player: 76561199369046089(lowtab? shanyy). Prev online: 1022, Server Online: 43340, Online: 1022. Diff online: 0, All online: 77515, Monday online: 16982, Thursday online: 0  
[2026-03-13 15:08:08] local.INFO: Method: getPlayersOnline. Server: 2. Player: 76561198812079033(swaga vo mne doxuya). Prev online: 481, Server Online: 0, Online: 481. Diff online: 0, All online: 2461, Monday online: 2461, Thursday online: 0  
[2026-03-13 15:08:08] local.INFO: Method: getPlayersOnline. Server: 2. Player: 76561199486229308(MC  АМБАЛ). Prev online: 750, Server Online: 731666, Online: 750. Diff online: 0, All online: 1162429, Monday online: 430763, Thursday online: 0  
[2026-03-13 15:08:08] local.INFO: Method: getPlayersOnline. Server: 2. Player: 76561198271092183(WN & dashylya). Prev online: 671, Server Online: 23889, Online: 671. Diff online: 0, All online: 178719, Monday online: 77428, Thursday online: 0  
[2026-03-13 15:08:09] local.INFO: Method: getPlayersOnline. Server: 3. Player: 76561199784177636([ZOV]Adel Vagina). Prev online: 617, Server Online: 650028, Online: 676. Diff online: 59, All online: 650807, Monday online: 650028, Thursday online: 0  
[2026-03-13 15:09:03] local.INFO: Method: getPlayersOnline. Start...  
[2026-03-13 15:09:03] local.INFO: Method: getPlayersOnline. Server: 2. Player: 76561199203821366(Xd). Prev online: 8745, Server Online: 470598, Online: 8865. Diff online: 120, All online: 911156, Monday online: 399228, Thursday online: 0  
[2026-03-13 15:09:04] local.INFO: Method: getPlayersOnline. Server: 2. Player: 76561199090783915(whxtebutterfly). Prev online: 2295, Server Online: 337096, Online: 2415. Diff online: 120, All online: 509378, Monday online: 142705, Thursday online: 0  
[2026-03-13 15:09:04] local.INFO: Method: getPlayersOnline. Server: 2. Player: 76561199743727010(werdix #ultimaterust). Prev online: 6025, Server Online: 2580, Online: 6145. Diff online: 120, All online: 61803, Monday online: 59223, Thursday online: 0  
[2026-03-13 15:09:04] local.INFO: Method: getPlayersOnline. Server: 2. Player: 76561198451931006(Tom). Prev online: 24937, Server Online: 2891848, Online: 25057. Diff online: 120, All online: 3988169, Monday online: 451948, Thursday online: 0  
[2026-03-13 15:09:04] local.INFO: Method: getPlayersOnline. Server: 2. Player: 76561199369046089(lowtab? shanyy). Prev online: 1022, Server Online: 43461, Online: 1143. Diff online: 121, All online: 77636, Monday online: 16982, Thursday online: 0  
[2026-03-13 15:09:04] local.INFO: Method: getPlayersOnline. Server: 2. Player: 76561199220024140(гнилая пизда). Prev online: 10602, Server Online: 10998, Online: 498. Diff online: 121, All online: 10998, Monday online: 0, Thursday online: 0  
[2026-03-13 15:09:04] local.INFO: Method: getPlayersOnline. Server: 2. Player: 76561199091294625(lagaet na ffa). Prev online: 4631, Server Online: 843135, Online: 4751. Diff online: 120, All online: 1128878, Monday online: 164273, Thursday online: 0  
[2026-03-13 15:09:04] local.INFO: Method: getPlayersOnline. Server: 2. Player: 76561198271092183(WN & dashylya). Prev online: 671, Server Online: 24009, Online: 791. Diff online: 120, All online: 178839, Monday online: 77428, Thursday online: 0  
[2026-03-13 15:09:04] local.INFO: Method: getPlayersOnline. Server: 2. Player: 76561198332903750(FOG. | Окрошка)). Prev online: 22897, Server Online: 404268, Online: 23017. Diff online: 120, All online: 712036, Monday online: 307768, Thursday online: 0  
[2026-03-13 15:09:05] local.INFO: Method: getPlayersOnline. Server: 2. Player: 76561199258134981(胖他媽的). Prev online: 4033, Server Online: 5774, Online: 4154. Diff online: 121, All online: 99904, Monday online: 94130, Thursday online: 0  
[2026-03-13 15:09:05] local.INFO: Method: getPlayersOnline. Server: 2. Player: 76561199756724747(Dums#VorpalSwords). Prev online: 4941, Server Online: 10565, Online: 5061. Diff online: 120, All online: 54023, Monday online: 43458, Thursday online: 0  
[2026-03-13 15:09:05] local.INFO: Method: getPlayersOnline. Server: 2. Player: 76561199258528453(bad-f1?). Prev online: 155, Server Online: 655891, Online: 275. Diff online: 120, All online: 843635, Monday online: 120062, Thursday online: 0  
[2026-03-13 15:09:05] local.INFO: Method: getPlayersOnline. Server: 2. Player: 76561199261706104(76561199261706104). Prev online: 2184, Server Online: 330915, Online: 2304. Diff online: 120, All online: 2245242, Monday online: 714881, Thursday online: 0  
[2026-03-13 15:09:05] local.INFO: Method: getPlayersOnline. Server: 2. Player: 76561199197000922(утка). Prev online: 5432, Server Online: 2581, Online: 5552. Diff online: 120, All online: 2581, Monday online: 0, Thursday online: 0  
[2026-03-13 15:09:05] local.INFO: Method: getPlayersOnline. Server: 2. Player: 76561199704747517([OSB] фуфел шмерц). Prev online: 6434, Server Online: 767263, Online: 6554. Diff online: 120, All online: 1267640, Monday online: 500377, Thursday online: 0  
[2026-03-13 15:09:05] local.INFO: Method: getPlayersOnline. Server: 2. Player: 76561198977413624(гуль). Prev online: 3257, Server Online: 2078237, Online: 3377. Diff online: 120, All online: 2926047, Monday online: 831786, Thursday online: 0  
[2026-03-13 15:09:05] local.INFO: Method: getPlayersOnline. Server: 2. Player: 76561198744795404(Аркадий). Prev online: 2124, Server Online: 40323, Online: 2244. Diff online: 120, All online: 40323, Monday online: 0, Thursday online: 0  
[2026-03-13 15:09:05] local.INFO: Method: getPlayersOnline. Server: 2. Player: 76561199251293554(Romana_Banana #RBN). Prev online: 7487, Server Online: 645384, Online: 7607. Diff online: 120, All online: 1529328, Monday online: 883944, Thursday online: 0  
[2026-03-13 15:09:06] local.INFO: Method: getPlayersOnline. Server: 2. Player: 76561199488737519(.NB | Kasumi). Prev online: 1885, Server Online: 327774, Online: 2005. Diff online: 120, All online: 549314, Monday online: 45019, Thursday online: 0  
[2026-03-13 15:09:06] local.INFO: Method: getPlayersOnline. Server: 2. Player: 76561198979365995(SPACE TEA). Prev online: 541, Server Online: 1081, Online: 662. Diff online: 121, All online: 1081, Monday online: 0, Thursday online: 0  
[2026-03-13 15:09:06] local.INFO: Method: getPlayersOnline. Server: 2. Player: 76561199812537987(Satoru). Prev online: 7659, Server Online: 460359, Online: 7780. Diff online: 121, All online: 913231, Monday online: 452872, Thursday online: 0  
[2026-03-13 15:09:06] local.INFO: Method: getPlayersOnline. Server: 2. Player: 76561199887355862(TimkaRT). Prev online: 4896, Server Online: 9512, Online: 5016. Diff online: 120, All online: 9512, Monday online: 0, Thursday online: 0  
[2026-03-13 15:09:07] local.INFO: Method: getPlayersOnline. Server: 2. Player: 76561198858639494(CL | Yamato). Prev online: 14035, Server Online: 14365, Online: 14155. Diff online: 120, All online: 26115, Monday online: 11750, Thursday online: 0  
[2026-03-13 15:09:07] local.INFO: Method: getPlayersOnline. Server: 2. Player: 76561199486229308(MC  АМБАЛ). Prev online: 750, Server Online: 731786, Online: 870. Diff online: 120, All online: 1162549, Monday online: 430763, Thursday online: 0  
[2026-03-13 15:09:07] local.INFO: Method: getPlayersOnline. Server: 2. Player: 76561198845624597(КОТЭЭЭЭ). Prev online: 7008, Server Online: 1008677, Online: 7128. Diff online: 120, All online: 2555516, Monday online: 1508563, Thursday online: 0  
[2026-03-13 15:09:07] local.INFO: Method: getPlayersOnline. Server: 2. Player: 76561199497410738(Ашот). Prev online: 5539, Server Online: 129338, Online: 5659. Diff online: 120, All online: 159578, Monday online: 30240, Thursday online: 0  
[2026-03-13 15:09:08] local.INFO: Method: getPlayersOnline. Server: 2. Player: 76561199217271678(god OK!). Prev online: 2100, Server Online: 774800, Online: 2220. Diff online: 120, All online: 774800, Monday online: 0, Thursday online: 0  
[2026-03-13 15:09:08] local.INFO: Method: getPlayersOnline. Server: 2. Player: 76561199505080070(Pepega). Prev online: 7391, Server Online: 1578137, Online: 7511. Diff online: 120, All online: 2280815, Monday online: 451812, Thursday online: 0  
[2026-03-13 15:09:09] local.INFO: Method: getPlayersOnline. Server: 2. Player: 76561198812079033(swaga vo mne doxuya). Prev online: 481, Server Online: 120, Online: 601. Diff online: 120, All online: 2581, Monday online: 2461, Thursday online: 0  
[2026-03-13 15:09:09] local.INFO: Method: getPlayersOnline. Server: 2. Player: 76561198754436395(『Gaw』- D3). Prev online: 3726, Server Online: 63995, Online: 3846. Diff online: 120, All online: 144614, Monday online: 80619, Thursday online: 0  
[2026-03-13 15:09:09] local.INFO: Method: getPlayersOnline. Server: 2. Player: 76561199727554631(писякака). Prev online: 2195, Server Online: 32200, Online: 2315. Diff online: 120, All online: 32200, Monday online: 0, Thursday online: 0  
[2026-03-13 15:09:09] local.INFO: Method: getPlayersOnline. Server: 2. Player: 76561199144698786(AmyRose). Prev online: 2036, Server Online: 18967, Online: 2156. Diff online: 120, All online: 24375, Monday online: 5408, Thursday online: 0  
[2026-03-13 15:09:09] local.INFO: Method: getPlayersOnline. Server: 2. Player: 76561199246146537(【.VEX】| Violetess). Prev online: 1682, Server Online: 310242, Online: 1802. Diff online: 120, All online: 310242, Monday online: 0, Thursday online: 0  
[2026-03-13 15:09:10] local.INFO: Method: getPlayersOnline. Server: 3. Player: 76561199784177636([ZOV]Adel Vagina). Prev online: 676, Server Online: 650089, Online: 737. Diff online: 61, All online: 650868, Monday online: 650089, Thursday online: 0  
[2026-03-13 15:10:04] local.INFO: Method: getPlayersOnline. Start...  
[2026-03-13 15:10:04] local.INFO: Method: getPlayersOnline. Server: 2. Player: 76561199203821366(Xd). Prev online: 8865, Server Online: 470658, Online: 8925. Diff online: 60, All online: 911216, Monday online: 399228, Thursday online: 0  
[2026-03-13 15:10:04] local.INFO: Method: getPlayersOnline. Server: 2. Player: 76561199090783915(whxtebutterfly). Prev online: 2415, Server Online: 337157, Online: 2476. Diff online: 61, All online: 509439, Monday online: 142705, Thursday online: 0  
[2026-03-13 15:10:04] local.INFO: Method: getPlayersOnline. Server: 2. Player: 76561199743727010(werdix #ultimaterust). Prev online: 6145, Server Online: 2641, Online: 6206. Diff online: 61, All online: 61864, Monday online: 59223, Thursday online: 0  
[2026-03-13 15:10:05] local.INFO: Method: getPlayersOnline. Server: 2. Player: 76561198451931006(Tom). Prev online: 25057, Server Online: 2891908, Online: 25117. Diff online: 60, All online: 3988229, Monday online: 451948, Thursday online: 0  
[2026-03-13 15:10:05] local.INFO: Method: getPlayersOnline. Server: 2. Player: 76561199369046089(lowtab? shanyy). Prev online: 1143, Server Online: 43521, Online: 1203. Diff online: 60, All online: 77696, Monday online: 16982, Thursday online: 0  
[2026-03-13 15:10:05] local.INFO: Method: getPlayersOnline. Server: 2. Player: 76561199220024140(гнилая пизда). Prev online: 498, Server Online: 11059, Online: 559. Diff online: 61, All online: 11059, Monday online: 0, Thursday online: 0  
[2026-03-13 15:10:05] local.INFO: Method: getPlayersOnline. Server: 2. Player: 76561199091294625(lagaet na ffa). Prev online: 4751, Server Online: 843195, Online: 4811. Diff online: 60, All online: 1128938, Monday online: 164273, Thursday online: 0  
[2026-03-13 15:10:05] local.INFO: Method: getPlayersOnline. Server: 2. Player: 76561198271092183(WN & dashylya). Prev online: 791, Server Online: 24069, Online: 851. Diff online: 60, All online: 178899, Monday online: 77428, Thursday online: 0  
[2026-03-13 15:10:05] local.INFO: Method: getPlayersOnline. Server: 2. Player: 76561198332903750(FOG. | Окрошка)). Prev online: 23017, Server Online: 404328, Online: 23077. Diff online: 60, All online: 712096, Monday online: 307768, Thursday online: 0  
[2026-03-13 15:10:05] local.INFO: Method: getPlayersOnline. Server: 2. Player: 76561199258134981(胖他媽的). Prev online: 4154, Server Online: 5834, Online: 4214. Diff online: 60, All online: 99964, Monday online: 94130, Thursday online: 0  
[2026-03-13 15:10:05] local.INFO: Method: getPlayersOnline. Server: 2. Player: 76561199756724747(Dums#VorpalSwords). Prev online: 5061, Server Online: 10625, Online: 5121. Diff online: 60, All online: 54083, Monday online: 43458, Thursday online: 0  
[2026-03-13 15:10:05] local.INFO: Method: getPlayersOnline. Server: 2. Player: 76561199258528453(bad-f1?). Prev online: 275, Server Online: 655952, Online: 336. Diff online: 61, All online: 843696, Monday online: 120062, Thursday online: 0  
[2026-03-13 15:10:06] local.INFO: Method: getPlayersOnline. Server: 2. Player: 76561199261706104(76561199261706104). Prev online: 2304, Server Online: 330976, Online: 2365. Diff online: 61, All online: 2245303, Monday online: 714881, Thursday online: 0  
[2026-03-13 15:10:06] local.INFO: Method: getPlayersOnline. Server: 2. Player: 76561199197000922(утка). Prev online: 5552, Server Online: 2641, Online: 5612. Diff online: 60, All online: 2641, Monday online: 0, Thursday online: 0  
[2026-03-13 15:10:06] local.INFO: Method: getPlayersOnline. Server: 2. Player: 76561199704747517([OSB] фуфел шмерц). Prev online: 6554, Server Online: 767323, Online: 6614. Diff online: 60, All online: 1267700, Monday online: 500377, Thursday online: 0  
[2026-03-13 15:10:06] local.INFO: Method: getPlayersOnline. Server: 2. Player: 76561198977413624(гуль). Prev online: 3377, Server Online: 2078298, Online: 3438. Diff online: 61, All online: 2926108, Monday online: 831786, Thursday online: 0  
[2026-03-13 15:10:06] local.INFO: Method: getPlayersOnline. Server: 2. Player: 76561198744795404(Аркадий). Prev online: 2244, Server Online: 40384, Online: 2305. Diff online: 61, All online: 40384, Monday online: 0, Thursday online: 0  
[2026-03-13 15:10:06] local.INFO: Method: getPlayersOnline. Server: 2. Player: 76561199251293554(Romana_Banana #RBN). Prev online: 7607, Server Online: 645445, Online: 7668. Diff online: 61, All online: 1529389, Monday online: 883944, Thursday online: 0  
[2026-03-13 15:10:07] local.INFO: Method: getPlayersOnline. Server: 2. Player: 76561199488737519(.NB | Kasumi). Prev online: 2005, Server Online: 327835, Online: 2066. Diff online: 61, All online: 549375, Monday online: 45019, Thursday online: 0  
[2026-03-13 15:10:07] local.INFO: Method: getPlayersOnline. Server: 2. Player: 76561198979365995(SPACE TEA). Prev online: 662, Server Online: 1141, Online: 722. Diff online: 60, All online: 1141, Monday online: 0, Thursday online: 0  
[2026-03-13 15:10:07] local.INFO: Method: getPlayersOnline. Server: 2. Player: 76561199812537987(Satoru). Prev online: 7780, Server Online: 460419, Online: 7840. Diff online: 60, All online: 913291, Monday online: 452872, Thursday online: 0  
[2026-03-13 15:10:07] local.INFO: Method: getPlayersOnline. Server: 2. Player: 76561199887355862(TimkaRT). Prev online: 5016, Server Online: 9573, Online: 5077. Diff online: 61, All online: 9573, Monday online: 0, Thursday online: 0  
[2026-03-13 15:10:07] local.INFO: Method: getPlayersOnline. Server: 2. Player: 76561198858639494(CL | Yamato). Prev online: 14155, Server Online: 14425, Online: 14215. Diff online: 60, All online: 26175, Monday online: 11750, Thursday online: 0  
[2026-03-13 15:10:08] local.INFO: Method: getPlayersOnline. Server: 2. Player: 76561199486229308(MC  АМБАЛ). Prev online: 870, Server Online: 731846, Online: 930. Diff online: 60, All online: 1162609, Monday online: 430763, Thursday online: 0  
[2026-03-13 15:10:08] local.INFO: Method: getPlayersOnline. Server: 2. Player: 76561198845624597(КОТЭЭЭЭ). Prev online: 7128, Server Online: 1008738, Online: 7189. Diff online: 61, All online: 2555577, Monday online: 1508563, Thursday online: 0  
[2026-03-13 15:10:08] local.INFO: Method: getPlayersOnline. Server: 2. Player: 76561199497410738(Ашот). Prev online: 5659, Server Online: 129398, Online: 5719. Diff online: 60, All online: 159638, Monday online: 30240, Thursday online: 0  
[2026-03-13 15:10:08] local.INFO: Method: getPlayersOnline. Server: 2. Player: 76561199217271678(god OK!). Prev online: 2220, Server Online: 774861, Online: 2281. Diff online: 61, All online: 774861, Monday online: 0, Thursday online: 0  
[2026-03-13 15:10:09] local.INFO: Method: getPlayersOnline. Server: 2. Player: 76561199505080070(Pepega). Prev online: 7511, Server Online: 1578198, Online: 7572. Diff online: 61, All online: 2280876, Monday online: 451812, Thursday online: 0  
[2026-03-13 15:10:09] local.INFO: Method: getPlayersOnline. Server: 2. Player: 76561198812079033(swaga vo mne doxuya). Prev online: 601, Server Online: 181, Online: 662. Diff online: 61, All online: 2642, Monday online: 2461, Thursday online: 0  
[2026-03-13 15:10:09] local.INFO: Method: getPlayersOnline. Server: 2. Player: 76561198754436395(『Gaw』- D3). Prev online: 3846, Server Online: 64055, Online: 3906. Diff online: 60, All online: 144674, Monday online: 80619, Thursday online: 0  
[2026-03-13 15:10:09] local.INFO: Method: getPlayersOnline. Server: 2. Player: 76561199727554631(писякака). Prev online: 2315, Server Online: 32261, Online: 2376. Diff online: 61, All online: 32261, Monday online: 0, Thursday online: 0  
[2026-03-13 15:10:10] local.INFO: Method: getPlayersOnline. Server: 2. Player: 76561199144698786(AmyRose). Prev online: 2156, Server Online: 19028, Online: 2217. Diff online: 61, All online: 24436, Monday online: 5408, Thursday online: 0  
[2026-03-13 15:10:10] local.INFO: Method: getPlayersOnline. Server: 2. Player: 76561199246146537(【.VEX】| Violetess). Prev online: 1802, Server Online: 310302, Online: 1862. Diff online: 60, All online: 310302, Monday online: 0, Thursday online: 0  
[2026-03-13 15:10:10] local.INFO: Method: getPlayersOnline. Server: 3. Player: 76561199784177636([ZOV]Adel Vagina). Prev online: 737, Server Online: 650150, Online: 798. Diff online: 61, All online: 650929, Monday online: 650150, Thursday online: 0  
[2026-03-13 15:11:03] local.INFO: Method: getPlayersOnline. Start...  
[2026-03-13 15:11:04] local.INFO: Method: getPlayersOnline. Server: 2. Player: 76561199203821366(Xd). Prev online: 8925, Server Online: 470718, Online: 8985. Diff online: 60, All online: 911276, Monday online: 399228, Thursday online: 0  
[2026-03-13 15:11:04] local.INFO: Method: getPlayersOnline. Server: 2. Player: 76561199090783915(whxtebutterfly). Prev online: 2476, Server Online: 337216, Online: 2535. Diff online: 59, All online: 509498, Monday online: 142705, Thursday online: 0  
[2026-03-13 15:11:04] local.INFO: Method: getPlayersOnline. Server: 2. Player: 76561199743727010(werdix #ultimaterust). Prev online: 6206, Server Online: 2700, Online: 6265. Diff online: 59, All online: 61923, Monday online: 59223, Thursday online: 0  
[2026-03-13 15:11:04] local.INFO: Method: getPlayersOnline. Server: 2. Player: 76561198451931006(Tom). Prev online: 25117, Server Online: 2891968, Online: 25177. Diff online: 60, All online: 3988289, Monday online: 451948, Thursday online: 0  
[2026-03-13 15:11:04] local.INFO: Method: getPlayersOnline. Server: 2. Player: 76561199369046089(lowtab? shanyy). Prev online: 1203, Server Online: 43581, Online: 1263. Diff online: 60, All online: 77756, Monday online: 16982, Thursday online: 0  
[2026-03-13 15:11:04] local.INFO: Method: getPlayersOnline. Server: 2. Player: 76561199220024140(гнилая пизда). Prev online: 559, Server Online: 11118, Online: 618. Diff online: 59, All online: 11118, Monday online: 0, Thursday online: 0  
[2026-03-13 15:11:04] local.INFO: Method: getPlayersOnline. Server: 2. Player: 76561199091294625(lagaet na ffa). Prev online: 4811, Server Online: 843255, Online: 4871. Diff online: 60, All online: 1128998, Monday online: 164273, Thursday online: 0  
[2026-03-13 15:11:04] local.INFO: Method: getPlayersOnline. Server: 2. Player: 76561198271092183(WN & dashylya). Prev online: 851, Server Online: 24129, Online: 911. Diff online: 60, All online: 178959, Monday online: 77428, Thursday online: 0  
[2026-03-13 15:11:05] local.INFO: Method: getPlayersOnline. Server: 2. Player: 76561198332903750(FOG. | Окрошка)). Prev online: 23077, Server Online: 404388, Online: 23137. Diff online: 60, All online: 712156, Monday online: 307768, Thursday online: 0  
[2026-03-13 15:11:05] local.INFO: Method: getPlayersOnline. Server: 2. Player: 76561199258134981(胖他媽的). Prev online: 4214, Server Online: 5894, Online: 4274. Diff online: 60, All online: 100024, Monday online: 94130, Thursday online: 0  
[2026-03-13 15:11:05] local.INFO: Method: getPlayersOnline. Server: 2. Player: 76561199756724747(Dums#VorpalSwords). Prev online: 5121, Server Online: 10685, Online: 5181. Diff online: 60, All online: 54143, Monday online: 43458, Thursday online: 0  
[2026-03-13 15:11:05] local.INFO: Method: getPlayersOnline. Server: 2. Player: 76561199258528453(bad-f1?). Prev online: 336, Server Online: 656011, Online: 395. Diff online: 59, All online: 843755, Monday online: 120062, Thursday online: 0  
[2026-03-13 15:11:05] local.INFO: Method: getPlayersOnline. Server: 2. Player: 76561199261706104(76561199261706104). Prev online: 2365, Server Online: 331035, Online: 2424. Diff online: 59, All online: 2245362, Monday online: 714881, Thursday online: 0  
[2026-03-13 15:11:05] local.INFO: Method: getPlayersOnline. Server: 2. Player: 76561199197000922(утка). Prev online: 5612, Server Online: 2701, Online: 5672. Diff online: 60, All online: 2701, Monday online: 0, Thursday online: 0  
[2026-03-13 15:11:05] local.INFO: Method: getPlayersOnline. Server: 2. Player: 76561199704747517([OSB] фуфел шмерц). Prev online: 6614, Server Online: 767383, Online: 6674. Diff online: 60, All online: 1267760, Monday online: 500377, Thursday online: 0  
[2026-03-13 15:11:05] local.INFO: Method: getPlayersOnline. Server: 2. Player: 76561198977413624(гуль). Prev online: 3438, Server Online: 2078357, Online: 3497. Diff online: 59, All online: 2926167, Monday online: 831786, Thursday online: 0  
[2026-03-13 15:11:06] local.INFO: Method: getPlayersOnline. Server: 2. Player: 76561198744795404(Аркадий). Prev online: 2305, Server Online: 40443, Online: 2364. Diff online: 59, All online: 40443, Monday online: 0, Thursday online: 0  
[2026-03-13 15:11:06] local.INFO: Method: getPlayersOnline. Server: 2. Player: 76561199251293554(Romana_Banana #RBN). Prev online: 7668, Server Online: 645505, Online: 7728. Diff online: 60, All online: 1529449, Monday online: 883944, Thursday online: 0  
[2026-03-13 15:11:06] local.INFO: Method: getPlayersOnline. Server: 2. Player: 76561199488737519(.NB | Kasumi). Prev online: 2066, Server Online: 327894, Online: 2125. Diff online: 59, All online: 549434, Monday online: 45019, Thursday online: 0  
[2026-03-13 15:11:06] local.INFO: Method: getPlayersOnline. Server: 2. Player: 76561198979365995(SPACE TEA). Prev online: 722, Server Online: 1201, Online: 782. Diff online: 60, All online: 1201, Monday online: 0, Thursday online: 0  
[2026-03-13 15:11:06] local.INFO: Method: getPlayersOnline. Server: 2. Player: 76561199812537987(Satoru). Prev online: 7840, Server Online: 460479, Online: 7900. Diff online: 60, All online: 913351, Monday online: 452872, Thursday online: 0  
[2026-03-13 15:11:06] local.INFO: Method: getPlayersOnline. Server: 2. Player: 76561199887355862(TimkaRT). Prev online: 5077, Server Online: 9632, Online: 5136. Diff online: 59, All online: 9632, Monday online: 0, Thursday online: 0  
[2026-03-13 15:11:07] local.INFO: Method: getPlayersOnline. Server: 2. Player: 76561198858639494(CL | Yamato). Prev online: 14215, Server Online: 14485, Online: 14275. Diff online: 60, All online: 26235, Monday online: 11750, Thursday online: 0  
[2026-03-13 15:11:07] local.INFO: Method: getPlayersOnline. Server: 2. Player: 76561199486229308(MC  АМБАЛ). Prev online: 930, Server Online: 731906, Online: 990. Diff online: 60, All online: 1162669, Monday online: 430763, Thursday online: 0  
[2026-03-13 15:11:07] local.INFO: Method: getPlayersOnline. Server: 2. Player: 76561198845624597(КОТЭЭЭЭ). Prev online: 7189, Server Online: 1008798, Online: 7249. Diff online: 60, All online: 2555637, Monday online: 1508563, Thursday online: 0  
[2026-03-13 15:11:08] local.INFO: Method: getPlayersOnline. Server: 2. Player: 76561199497410738(Ашот). Prev online: 5719, Server Online: 129458, Online: 5779. Diff online: 60, All online: 159698, Monday online: 30240, Thursday online: 0  
[2026-03-13 15:11:08] local.INFO: Method: getPlayersOnline. Server: 2. Player: 76561199217271678(god OK!). Prev online: 2281, Server Online: 774921, Online: 2341. Diff online: 60, All online: 774921, Monday online: 0, Thursday online: 0  
[2026-03-13 15:11:08] local.INFO: Method: getPlayersOnline. Server: 2. Player: 76561199505080070(Pepega). Prev online: 7572, Server Online: 1578257, Online: 7631. Diff online: 59, All online: 2280935, Monday online: 451812, Thursday online: 0  
[2026-03-13 15:11:09] local.INFO: Method: getPlayersOnline. Server: 2. Player: 76561198812079033(swaga vo mne doxuya). Prev online: 662, Server Online: 240, Online: 721. Diff online: 59, All online: 2701, Monday online: 2461, Thursday online: 0  
[2026-03-13 15:11:09] local.INFO: Method: getPlayersOnline. Server: 2. Player: 76561198754436395(『Gaw』- D3). Prev online: 3906, Server Online: 64115, Online: 3966. Diff online: 60, All online: 144734, Monday online: 80619, Thursday online: 0  
[2026-03-13 15:11:09] local.INFO: Method: getPlayersOnline. Server: 2. Player: 76561199727554631(писякака). Prev online: 2376, Server Online: 32321, Online: 2436. Diff online: 60, All online: 32321, Monday online: 0, Thursday online: 0  
[2026-03-13 15:11:09] local.INFO: Method: getPlayersOnline. Server: 2. Player: 76561199144698786(AmyRose). Prev online: 2217, Server Online: 19087, Online: 2276. Diff online: 59, All online: 24495, Monday online: 5408, Thursday online: 0  
[2026-03-13 15:11:09] local.INFO: Method: getPlayersOnline. Server: 2. Player: 76561199246146537(【.VEX】| Violetess). Prev online: 1862, Server Online: 310362, Online: 1922. Diff online: 60, All online: 310362, Monday online: 0, Thursday online: 0  
[2026-03-13 15:11:09] local.INFO: Method: getPlayersOnline. Server: 2. Player: 76561199143161029(76561199143161029). Prev online: 10052, Server Online: 137335, Online: 238. Diff online: 60, All online: 356856, Monday online: 0, Thursday online: 0  
[2026-03-13 15:11:10] local.INFO: Method: getPlayersOnline. Server: 3. Player: 76561199784177636([ZOV]Adel Vagina). Prev online: 798, Server Online: 650209, Online: 857. Diff online: 59, All online: 650988, Monday online: 650209, Thursday online: 0  
[2026-03-13 15:11:10] local.INFO: Method: getPlayersOnline. Server: 3. Player: 76561199821262476(кава бухаетCS2BGD31.RU). Prev online: 3240, Server Online: 567230, Online: 182. Diff online: 59, All online: 858779, Monday online: 567230, Thursday online: 0  
[2026-03-13 15:12:03] local.INFO: Method: getPlayersOnline. Start...  
[2026-03-13 15:12:04] local.INFO: Method: getPlayersOnline. Server: 2. Player: 76561199203821366(Xd). Prev online: 8985, Server Online: 470778, Online: 9045. Diff online: 60, All online: 911336, Monday online: 399228, Thursday online: 0  
[2026-03-13 15:12:04] local.INFO: Method: getPlayersOnline. Server: 2. Player: 76561199090783915(whxtebutterfly). Prev online: 2535, Server Online: 337276, Online: 2595. Diff online: 60, All online: 509558, Monday online: 142705, Thursday online: 0  
[2026-03-13 15:12:04] local.INFO: Method: getPlayersOnline. Server: 2. Player: 76561199743727010(werdix #ultimaterust). Prev online: 6265, Server Online: 2760, Online: 6325. Diff online: 60, All online: 61983, Monday online: 59223, Thursday online: 0  
[2026-03-13 15:12:04] local.INFO: Method: getPlayersOnline. Server: 2. Player: 76561198451931006(Tom). Prev online: 25177, Server Online: 2892028, Online: 25237. Diff online: 60, All online: 3988349, Monday online: 451948, Thursday online: 0  
[2026-03-13 15:12:05] local.INFO: Method: getPlayersOnline. Server: 2. Player: 76561199369046089(lowtab? shanyy). Prev online: 1263, Server Online: 43641, Online: 1323. Diff online: 60, All online: 77816, Monday online: 16982, Thursday online: 0  
[2026-03-13 15:12:05] local.INFO: Method: getPlayersOnline. Server: 2. Player: 76561199220024140(гнилая пизда). Prev online: 618, Server Online: 11178, Online: 678. Diff online: 60, All online: 11178, Monday online: 0, Thursday online: 0  
[2026-03-13 15:12:05] local.INFO: Method: getPlayersOnline. Server: 2. Player: 76561199091294625(lagaet na ffa). Prev online: 4871, Server Online: 843315, Online: 4931. Diff online: 60, All online: 1129058, Monday online: 164273, Thursday online: 0  
[2026-03-13 15:12:05] local.INFO: Method: getPlayersOnline. Server: 2. Player: 76561198271092183(WN & dashylya). Prev online: 911, Server Online: 24189, Online: 971. Diff online: 60, All online: 179019, Monday online: 77428, Thursday online: 0  
[2026-03-13 15:12:05] local.INFO: Method: getPlayersOnline. Server: 2. Player: 76561198332903750(FOG. | Окрошка)). Prev online: 23137, Server Online: 404448, Online: 23197. Diff online: 60, All online: 712216, Monday online: 307768, Thursday online: 0  
[2026-03-13 15:12:05] local.INFO: Method: getPlayersOnline. Server: 2. Player: 76561199258134981(胖他媽的). Prev online: 4274, Server Online: 5954, Online: 4334. Diff online: 60, All online: 100084, Monday online: 94130, Thursday online: 0  
[2026-03-13 15:12:05] local.INFO: Method: getPlayersOnline. Server: 2. Player: 76561199756724747(Dums#VorpalSwords). Prev online: 5181, Server Online: 10745, Online: 5241. Diff online: 60, All online: 54203, Monday online: 43458, Thursday online: 0  
[2026-03-13 15:12:06] local.INFO: Method: getPlayersOnline. Server: 2. Player: 76561199258528453(bad-f1?). Prev online: 395, Server Online: 656071, Online: 455. Diff online: 60, All online: 843815, Monday online: 120062, Thursday online: 0  
[2026-03-13 15:12:06] local.INFO: Method: getPlayersOnline. Server: 2. Player: 76561199261706104(76561199261706104). Prev online: 2424, Server Online: 331095, Online: 2484. Diff online: 60, All online: 2245422, Monday online: 714881, Thursday online: 0  
[2026-03-13 15:12:07] local.INFO: Method: getPlayersOnline. Server: 2. Player: 76561199197000922(утка). Prev online: 5672, Server Online: 2761, Online: 5732. Diff online: 60, All online: 2761, Monday online: 0, Thursday online: 0  
[2026-03-13 15:12:07] local.INFO: Method: getPlayersOnline. Server: 2. Player: 76561199704747517([OSB] фуфел шмерц). Prev online: 6674, Server Online: 767443, Online: 6734. Diff online: 60, All online: 1267820, Monday online: 500377, Thursday online: 0  
[2026-03-13 15:12:07] local.INFO: Method: getPlayersOnline. Server: 2. Player: 76561198977413624(гуль). Prev online: 3497, Server Online: 2078417, Online: 3557. Diff online: 60, All online: 2926227, Monday online: 831786, Thursday online: 0  
[2026-03-13 15:12:07] local.INFO: Method: getPlayersOnline. Server: 2. Player: 76561198744795404(Аркадий). Prev online: 2364, Server Online: 40503, Online: 2424. Diff online: 60, All online: 40503, Monday online: 0, Thursday online: 0  
[2026-03-13 15:12:07] local.INFO: Method: getPlayersOnline. Server: 2. Player: 76561199251293554(Romana_Banana #RBN). Prev online: 7728, Server Online: 645564, Online: 7787. Diff online: 59, All online: 1529508, Monday online: 883944, Thursday online: 0  
[2026-03-13 15:12:07] local.INFO: Method: getPlayersOnline. Server: 2. Player: 76561199488737519(.NB | Kasumi). Prev online: 2125, Server Online: 327954, Online: 2185. Diff online: 60, All online: 549494, Monday online: 45019, Thursday online: 0  
[2026-03-13 15:12:07] local.INFO: Method: getPlayersOnline. Server: 2. Player: 76561198979365995(SPACE TEA). Prev online: 782, Server Online: 1261, Online: 842. Diff online: 60, All online: 1261, Monday online: 0, Thursday online: 0  
[2026-03-13 15:12:07] local.INFO: Method: getPlayersOnline. Server: 2. Player: 76561199812537987(Satoru). Prev online: 7900, Server Online: 460539, Online: 7960. Diff online: 60, All online: 913411, Monday online: 452872, Thursday online: 0  
[2026-03-13 15:12:07] local.INFO: Method: getPlayersOnline. Server: 2. Player: 76561199887355862(TimkaRT). Prev online: 5136, Server Online: 9692, Online: 5196. Diff online: 60, All online: 9692, Monday online: 0, Thursday online: 0  
[2026-03-13 15:12:08] local.INFO: Method: getPlayersOnline. Server: 2. Player: 76561198858639494(CL | Yamato). Prev online: 14275, Server Online: 14545, Online: 14335. Diff online: 60, All online: 26295, Monday online: 11750, Thursday online: 0  
[2026-03-13 15:12:08] local.INFO: Method: getPlayersOnline. Server: 2. Player: 76561199486229308(MC  АМБАЛ). Prev online: 990, Server Online: 731966, Online: 1050. Diff online: 60, All online: 1162729, Monday online: 430763, Thursday online: 0  
[2026-03-13 15:12:08] local.INFO: Method: getPlayersOnline. Server: 2. Player: 76561198845624597(КОТЭЭЭЭ). Prev online: 7249, Server Online: 1008857, Online: 7308. Diff online: 59, All online: 2555696, Monday online: 1508563, Thursday online: 0  
[2026-03-13 15:12:09] local.INFO: Method: getPlayersOnline. Server: 2. Player: 76561199497410738(Ашот). Prev online: 5779, Server Online: 129518, Online: 5839. Diff online: 60, All online: 159758, Monday online: 30240, Thursday online: 0  
[2026-03-13 15:12:09] local.INFO: Method: getPlayersOnline. Server: 2. Player: 76561199217271678(god OK!). Prev online: 2341, Server Online: 774980, Online: 2400. Diff online: 59, All online: 774980, Monday online: 0, Thursday online: 0  
[2026-03-13 15:12:09] local.INFO: Method: getPlayersOnline. Server: 2. Player: 76561199505080070(Pepega). Prev online: 7631, Server Online: 1578317, Online: 7691. Diff online: 60, All online: 2280995, Monday online: 451812, Thursday online: 0  
[2026-03-13 15:12:10] local.INFO: Method: getPlayersOnline. Server: 2. Player: 76561198812079033(swaga vo mne doxuya). Prev online: 721, Server Online: 300, Online: 781. Diff online: 60, All online: 2761, Monday online: 2461, Thursday online: 0  
[2026-03-13 15:12:10] local.INFO: Method: getPlayersOnline. Server: 2. Player: 76561198754436395(『Gaw』- D3). Prev online: 3966, Server Online: 64175, Online: 4026. Diff online: 60, All online: 144794, Monday online: 80619, Thursday online: 0  
[2026-03-13 15:12:10] local.INFO: Method: getPlayersOnline. Server: 2. Player: 76561199727554631(писякака). Prev online: 2436, Server Online: 32380, Online: 2495. Diff online: 59, All online: 32380, Monday online: 0, Thursday online: 0  
[2026-03-13 15:12:10] local.INFO: Method: getPlayersOnline. Server: 2. Player: 76561199144698786(AmyRose). Prev online: 2276, Server Online: 19147, Online: 2336. Diff online: 60, All online: 24555, Monday online: 5408, Thursday online: 0  
[2026-03-13 15:12:10] local.INFO: Method: getPlayersOnline. Server: 2. Player: 76561199246146537(【.VEX】| Violetess). Prev online: 1922, Server Online: 310422, Online: 1982. Diff online: 60, All online: 310422, Monday online: 0, Thursday online: 0  
[2026-03-13 15:12:10] local.INFO: Method: getPlayersOnline. Server: 2. Player: 76561199143161029(76561199143161029). Prev online: 238, Server Online: 137394, Online: 297. Diff online: 59, All online: 356915, Monday online: 0, Thursday online: 0  
[2026-03-13 15:12:11] local.INFO: Method: getPlayersOnline. Server: 3. Player: 76561199821262476(кава бухаетCS2BGD31.RU). Prev online: 182, Server Online: 567290, Online: 242. Diff online: 60, All online: 858839, Monday online: 567290, Thursday online: 0  
[2026-03-13 15:13:03] local.INFO: Method: getPlayersOnline. Start...  
[2026-03-13 15:13:03] local.INFO: Method: getPlayersOnline. Server: 2. Player: 76561199203821366(Xd). Prev online: 9045, Server Online: 470838, Online: 9105. Diff online: 60, All online: 911396, Monday online: 399228, Thursday online: 0  
[2026-03-13 15:13:03] local.INFO: Method: getPlayersOnline. Server: 2. Player: 76561199090783915(whxtebutterfly). Prev online: 2595, Server Online: 337336, Online: 2655. Diff online: 60, All online: 509618, Monday online: 142705, Thursday online: 0  
[2026-03-13 15:13:04] local.INFO: Method: getPlayersOnline. Server: 2. Player: 76561199743727010(werdix #ultimaterust). Prev online: 6325, Server Online: 2820, Online: 6385. Diff online: 60, All online: 62043, Monday online: 59223, Thursday online: 0  
[2026-03-13 15:13:04] local.INFO: Method: getPlayersOnline. Server: 2. Player: 76561198451931006(Tom). Prev online: 25237, Server Online: 2892088, Online: 25297. Diff online: 60, All online: 3988409, Monday online: 451948, Thursday online: 0  
[2026-03-13 15:13:04] local.INFO: Method: getPlayersOnline. Server: 2. Player: 76561199369046089(lowtab? shanyy). Prev online: 1323, Server Online: 43701, Online: 1383. Diff online: 60, All online: 77876, Monday online: 16982, Thursday online: 0  
[2026-03-13 15:13:04] local.INFO: Method: getPlayersOnline. Server: 2. Player: 76561199220024140(гнилая пизда). Prev online: 678, Server Online: 11238, Online: 738. Diff online: 60, All online: 11238, Monday online: 0, Thursday online: 0  
[2026-03-13 15:13:04] local.INFO: Method: getPlayersOnline. Server: 2. Player: 76561199091294625(lagaet na ffa). Prev online: 4931, Server Online: 843375, Online: 4991. Diff online: 60, All online: 1129118, Monday online: 164273, Thursday online: 0  
[2026-03-13 15:13:04] local.INFO: Method: getPlayersOnline. Server: 2. Player: 76561198271092183(WN & dashylya). Prev online: 971, Server Online: 24249, Online: 1031. Diff online: 60, All online: 179079, Monday online: 77428, Thursday online: 0  
[2026-03-13 15:13:04] local.INFO: Method: getPlayersOnline. Server: 2. Player: 76561198332903750(FOG. | Окрошка)). Prev online: 23197, Server Online: 404508, Online: 23257. Diff online: 60, All online: 712276, Monday online: 307768, Thursday online: 0  
[2026-03-13 15:13:04] local.INFO: Method: getPlayersOnline. Server: 2. Player: 76561199258134981(胖他媽的). Prev online: 4334, Server Online: 6014, Online: 4394. Diff online: 60, All online: 100144, Monday online: 94130, Thursday online: 0  
[2026-03-13 15:13:04] local.INFO: Method: getPlayersOnline. Server: 2. Player: 76561199756724747(Dums#VorpalSwords). Prev online: 5241, Server Online: 10805, Online: 5301. Diff online: 60, All online: 54263, Monday online: 43458, Thursday online: 0  
[2026-03-13 15:13:05] local.INFO: Method: getPlayersOnline. Server: 2. Player: 76561199258528453(bad-f1?). Prev online: 455, Server Online: 656131, Online: 515. Diff online: 60, All online: 843875, Monday online: 120062, Thursday online: 0  
[2026-03-13 15:13:05] local.INFO: Method: getPlayersOnline. Server: 2. Player: 76561199261706104(76561199261706104). Prev online: 2484, Server Online: 331155, Online: 2544. Diff online: 60, All online: 2245482, Monday online: 714881, Thursday online: 0  
[2026-03-13 15:13:05] local.INFO: Method: getPlayersOnline. Server: 2. Player: 76561199197000922(утка). Prev online: 5732, Server Online: 2821, Online: 5792. Diff online: 60, All online: 2821, Monday online: 0, Thursday online: 0  
[2026-03-13 15:13:05] local.INFO: Method: getPlayersOnline. Server: 2. Player: 76561199704747517([OSB] фуфел шмерц). Prev online: 6734, Server Online: 767503, Online: 6794. Diff online: 60, All online: 1267880, Monday online: 500377, Thursday online: 0  
[2026-03-13 15:13:05] local.INFO: Method: getPlayersOnline. Server: 2. Player: 76561198977413624(гуль). Prev online: 3557, Server Online: 2078477, Online: 3617. Diff online: 60, All online: 2926287, Monday online: 831786, Thursday online: 0  
[2026-03-13 15:13:05] local.INFO: Method: getPlayersOnline. Server: 2. Player: 76561198744795404(Аркадий). Prev online: 2424, Server Online: 40563, Online: 2484. Diff online: 60, All online: 40563, Monday online: 0, Thursday online: 0  
[2026-03-13 15:13:05] local.INFO: Method: getPlayersOnline. Server: 2. Player: 76561199251293554(Romana_Banana #RBN). Prev online: 7787, Server Online: 645625, Online: 7848. Diff online: 61, All online: 1529569, Monday online: 883944, Thursday online: 0  
[2026-03-13 15:13:06] local.INFO: Method: getPlayersOnline. Server: 2. Player: 76561199488737519(.NB | Kasumi). Prev online: 2185, Server Online: 328014, Online: 2245. Diff online: 60, All online: 549554, Monday online: 45019, Thursday online: 0  
[2026-03-13 15:13:06] local.INFO: Method: getPlayersOnline. Server: 2. Player: 76561198979365995(SPACE TEA). Prev online: 842, Server Online: 1321, Online: 902. Diff online: 60, All online: 1321, Monday online: 0, Thursday online: 0  
[2026-03-13 15:13:07] local.INFO: Method: getPlayersOnline. Server: 2. Player: 76561199812537987(Satoru). Prev online: 7960, Server Online: 460599, Online: 8020. Diff online: 60, All online: 913471, Monday online: 452872, Thursday online: 0  
[2026-03-13 15:13:07] local.INFO: Method: getPlayersOnline. Server: 2. Player: 76561199887355862(TimkaRT). Prev online: 5196, Server Online: 9752, Online: 5256. Diff online: 60, All online: 9752, Monday online: 0, Thursday online: 0  
[2026-03-13 15:13:07] local.INFO: Method: getPlayersOnline. Server: 2. Player: 76561198858639494(CL | Yamato). Prev online: 14335, Server Online: 14605, Online: 14395. Diff online: 60, All online: 26355, Monday online: 11750, Thursday online: 0  
[2026-03-13 15:13:07] local.INFO: Method: getPlayersOnline. Server: 2. Player: 76561199486229308(MC  АМБАЛ). Prev online: 1050, Server Online: 732026, Online: 1110. Diff online: 60, All online: 1162789, Monday online: 430763, Thursday online: 0  
[2026-03-13 15:13:07] local.INFO: Method: getPlayersOnline. Server: 2. Player: 76561198845624597(КОТЭЭЭЭ). Prev online: 7308, Server Online: 1008917, Online: 7368. Diff online: 60, All online: 2555756, Monday online: 1508563, Thursday online: 0  
[2026-03-13 15:13:08] local.INFO: Method: getPlayersOnline. Server: 2. Player: 76561199497410738(Ашот). Prev online: 5839, Server Online: 129578, Online: 5899. Diff online: 60, All online: 159818, Monday online: 30240, Thursday online: 0  
[2026-03-13 15:13:08] local.INFO: Method: getPlayersOnline. Server: 2. Player: 76561199217271678(god OK!). Prev online: 2400, Server Online: 775041, Online: 2461. Diff online: 61, All online: 775041, Monday online: 0, Thursday online: 0  
[2026-03-13 15:13:08] local.INFO: Method: getPlayersOnline. Server: 2. Player: 76561199505080070(Pepega). Prev online: 7691, Server Online: 1578377, Online: 7751. Diff online: 60, All online: 2281055, Monday online: 451812, Thursday online: 0  
[2026-03-13 15:13:09] local.INFO: Method: getPlayersOnline. Server: 2. Player: 76561198812079033(swaga vo mne doxuya). Prev online: 781, Server Online: 360, Online: 841. Diff online: 60, All online: 2821, Monday online: 2461, Thursday online: 0  
[2026-03-13 15:13:09] local.INFO: Method: getPlayersOnline. Server: 2. Player: 76561198754436395(『Gaw』- D3). Prev online: 4026, Server Online: 64235, Online: 4086. Diff online: 60, All online: 144854, Monday online: 80619, Thursday online: 0  
[2026-03-13 15:13:09] local.INFO: Method: getPlayersOnline. Server: 2. Player: 76561199727554631(писякака). Prev online: 2495, Server Online: 32441, Online: 2556. Diff online: 61, All online: 32441, Monday online: 0, Thursday online: 0  
[2026-03-13 15:13:09] local.INFO: Method: getPlayersOnline. Server: 2. Player: 76561199144698786(AmyRose). Prev online: 2336, Server Online: 19207, Online: 2396. Diff online: 60, All online: 24615, Monday online: 5408, Thursday online: 0  
[2026-03-13 15:13:09] local.INFO: Method: getPlayersOnline. Server: 2. Player: 76561199246146537(【.VEX】| Violetess). Prev online: 1982, Server Online: 310482, Online: 2042. Diff online: 60, All online: 310482, Monday online: 0, Thursday online: 0  
[2026-03-13 15:13:09] local.INFO: Method: getPlayersOnline. Server: 2. Player: 76561199143161029(76561199143161029). Prev online: 297, Server Online: 137455, Online: 358. Diff online: 61, All online: 356976, Monday online: 0, Thursday online: 0  
[2026-03-13 15:13:10] local.INFO: Method: getPlayersOnline. Server: 3. Player: 76561199821262476(кава бухаетCS2BGD31.RU). Prev online: 242, Server Online: 567349, Online: 301. Diff online: 59, All online: 858898, Monday online: 567349, Thursday online: 0  
[2026-03-13 15:14:03] local.INFO: Method: getPlayersOnline. Start...  
[2026-03-13 15:14:04] local.INFO: Method: getPlayersOnline. Server: 2. Player: 76561199203821366(Xd). Prev online: 9105, Server Online: 470898, Online: 9165. Diff online: 60, All online: 911456, Monday online: 399228, Thursday online: 0  
[2026-03-13 15:14:04] local.INFO: Method: getPlayersOnline. Server: 2. Player: 76561199090783915(whxtebutterfly). Prev online: 2655, Server Online: 337396, Online: 2715. Diff online: 60, All online: 509678, Monday online: 142705, Thursday online: 0  
[2026-03-13 15:14:04] local.INFO: Method: getPlayersOnline. Server: 2. Player: 76561199743727010(werdix #ultimaterust). Prev online: 6385, Server Online: 2880, Online: 6445. Diff online: 60, All online: 62103, Monday online: 59223, Thursday online: 0  
[2026-03-13 15:14:05] local.INFO: Method: getPlayersOnline. Server: 2. Player: 76561198451931006(Tom). Prev online: 25297, Server Online: 2892148, Online: 25357. Diff online: 60, All online: 3988469, Monday online: 451948, Thursday online: 0  
[2026-03-13 15:14:05] local.INFO: Method: getPlayersOnline. Server: 2. Player: 76561199369046089(lowtab? shanyy). Prev online: 1383, Server Online: 43761, Online: 1443. Diff online: 60, All online: 77936, Monday online: 16982, Thursday online: 0  
[2026-03-13 15:14:05] local.INFO: Method: getPlayersOnline. Server: 2. Player: 76561199220024140(гнилая пизда). Prev online: 738, Server Online: 11298, Online: 798. Diff online: 60, All online: 11298, Monday online: 0, Thursday online: 0  
[2026-03-13 15:14:05] local.INFO: Method: getPlayersOnline. Server: 2. Player: 76561199091294625(lagaet na ffa). Prev online: 4991, Server Online: 843435, Online: 5051. Diff online: 60, All online: 1129178, Monday online: 164273, Thursday online: 0  
[2026-03-13 15:14:05] local.INFO: Method: getPlayersOnline. Server: 2. Player: 76561198271092183(WN & dashylya). Prev online: 1031, Server Online: 24309, Online: 1091. Diff online: 60, All online: 179139, Monday online: 77428, Thursday online: 0  
[2026-03-13 15:14:05] local.INFO: Method: getPlayersOnline. Server: 2. Player: 76561198332903750(FOG. | Окрошка)). Prev online: 23257, Server Online: 404568, Online: 23317. Diff online: 60, All online: 712336, Monday online: 307768, Thursday online: 0  
[2026-03-13 15:14:05] local.INFO: Method: getPlayersOnline. Server: 2. Player: 76561199258134981(胖他媽的). Prev online: 4394, Server Online: 6074, Online: 4454. Diff online: 60, All online: 100204, Monday online: 94130, Thursday online: 0  
[2026-03-13 15:14:05] local.INFO: Method: getPlayersOnline. Server: 2. Player: 76561199756724747(Dums#VorpalSwords). Prev online: 5301, Server Online: 10865, Online: 5361. Diff online: 60, All online: 54323, Monday online: 43458, Thursday online: 0  
[2026-03-13 15:14:06] local.INFO: Method: getPlayersOnline. Server: 2. Player: 76561199258528453(bad-f1?). Prev online: 515, Server Online: 656191, Online: 575. Diff online: 60, All online: 843935, Monday online: 120062, Thursday online: 0  
[2026-03-13 15:14:06] local.INFO: Method: getPlayersOnline. Server: 2. Player: 76561199261706104(76561199261706104). Prev online: 2544, Server Online: 331215, Online: 2604. Diff online: 60, All online: 2245542, Monday online: 714881, Thursday online: 0  
[2026-03-13 15:14:06] local.INFO: Method: getPlayersOnline. Server: 2. Player: 76561199197000922(утка). Prev online: 5792, Server Online: 2881, Online: 5852. Diff online: 60, All online: 2881, Monday online: 0, Thursday online: 0  
[2026-03-13 15:14:07] local.INFO: Method: getPlayersOnline. Server: 2. Player: 76561199704747517([OSB] фуфел шмерц). Prev online: 6794, Server Online: 767563, Online: 6854. Diff online: 60, All online: 1267940, Monday online: 500377, Thursday online: 0  
[2026-03-13 15:14:07] local.INFO: Method: getPlayersOnline. Server: 2. Player: 76561198977413624(гуль). Prev online: 3617, Server Online: 2078537, Online: 3677. Diff online: 60, All online: 2926347, Monday online: 831786, Thursday online: 0  
[2026-03-13 15:14:07] local.INFO: Method: getPlayersOnline. Server: 2. Player: 76561198744795404(Аркадий). Prev online: 2484, Server Online: 40623, Online: 2544. Diff online: 60, All online: 40623, Monday online: 0, Thursday online: 0  
[2026-03-13 15:14:07] local.INFO: Method: getPlayersOnline. Server: 2. Player: 76561199251293554(Romana_Banana #RBN). Prev online: 7848, Server Online: 645685, Online: 7908. Diff online: 60, All online: 1529629, Monday online: 883944, Thursday online: 0  
[2026-03-13 15:14:07] local.INFO: Method: getPlayersOnline. Server: 2. Player: 76561199488737519(.NB | Kasumi). Prev online: 2245, Server Online: 328074, Online: 2305. Diff online: 60, All online: 549614, Monday online: 45019, Thursday online: 0  
[2026-03-13 15:14:07] local.INFO: Method: getPlayersOnline. Server: 2. Player: 76561198979365995(SPACE TEA). Prev online: 902, Server Online: 1381, Online: 962. Diff online: 60, All online: 1381, Monday online: 0, Thursday online: 0  
[2026-03-13 15:14:07] local.INFO: Method: getPlayersOnline. Server: 2. Player: 76561199812537987(Satoru). Prev online: 8020, Server Online: 460659, Online: 8080. Diff online: 60, All online: 913531, Monday online: 452872, Thursday online: 0  
[2026-03-13 15:14:07] local.INFO: Method: getPlayersOnline. Server: 2. Player: 76561199887355862(TimkaRT). Prev online: 5256, Server Online: 9812, Online: 5316. Diff online: 60, All online: 9812, Monday online: 0, Thursday online: 0  
[2026-03-13 15:14:07] local.INFO: Method: getPlayersOnline. Server: 2. Player: 76561198858639494(CL | Yamato). Prev online: 14395, Server Online: 14665, Online: 14455. Diff online: 60, All online: 26415, Monday online: 11750, Thursday online: 0  
[2026-03-13 15:14:08] local.INFO: Method: getPlayersOnline. Server: 2. Player: 76561199486229308(MC  АМБАЛ). Prev online: 1110, Server Online: 732086, Online: 1170. Diff online: 60, All online: 1162849, Monday online: 430763, Thursday online: 0  
[2026-03-13 15:14:08] local.INFO: Method: getPlayersOnline. Server: 2. Player: 76561198845624597(КОТЭЭЭЭ). Prev online: 7368, Server Online: 1008978, Online: 7429. Diff online: 61, All online: 2555817, Monday online: 1508563, Thursday online: 0  
[2026-03-13 15:14:08] local.INFO: Method: getPlayersOnline. Server: 2. Player: 76561199497410738(Ашот). Prev online: 5899, Server Online: 129638, Online: 5959. Diff online: 60, All online: 159878, Monday online: 30240, Thursday online: 0  
[2026-03-13 15:14:09] local.INFO: Method: getPlayersOnline. Server: 2. Player: 76561199217271678(god OK!). Prev online: 2461, Server Online: 775101, Online: 2521. Diff online: 60, All online: 775101, Monday online: 0, Thursday online: 0  
[2026-03-13 15:14:09] local.INFO: Method: getPlayersOnline. Server: 2. Player: 76561199505080070(Pepega). Prev online: 7751, Server Online: 1578437, Online: 7811. Diff online: 60, All online: 2281115, Monday online: 451812, Thursday online: 0  
[2026-03-13 15:14:09] local.INFO: Method: getPlayersOnline. Server: 2. Player: 76561198812079033(swaga vo mne doxuya). Prev online: 841, Server Online: 420, Online: 901. Diff online: 60, All online: 2881, Monday online: 2461, Thursday online: 0  
[2026-03-13 15:14:10] local.INFO: Method: getPlayersOnline. Server: 2. Player: 76561198754436395(『Gaw』- D3). Prev online: 4086, Server Online: 64295, Online: 4146. Diff online: 60, All online: 144914, Monday online: 80619, Thursday online: 0  
[2026-03-13 15:14:10] local.INFO: Method: getPlayersOnline. Server: 2. Player: 76561199727554631(писякака). Prev online: 2556, Server Online: 32501, Online: 2616. Diff online: 60, All online: 32501, Monday online: 0, Thursday online: 0  
[2026-03-13 15:14:10] local.INFO: Method: getPlayersOnline. Server: 2. Player: 76561199144698786(AmyRose). Prev online: 2396, Server Online: 19267, Online: 2456. Diff online: 60, All online: 24675, Monday online: 5408, Thursday online: 0  
[2026-03-13 15:14:10] local.INFO: Method: getPlayersOnline. Server: 2. Player: 76561199246146537(【.VEX】| Violetess). Prev online: 2042, Server Online: 310542, Online: 2102. Diff online: 60, All online: 310542, Monday online: 0, Thursday online: 0  
[2026-03-13 15:14:10] local.INFO: Method: getPlayersOnline. Server: 2. Player: 76561199143161029(76561199143161029). Prev online: 358, Server Online: 137515, Online: 418. Diff online: 60, All online: 357036, Monday online: 0, Thursday online: 0  
[2026-03-13 15:14:11] local.INFO: Method: getPlayersOnline. Server: 3. Player: 76561199821262476(кава бухаетCS2BGD31.RU). Prev online: 301, Server Online: 567410, Online: 362. Diff online: 61, All online: 858959, Monday online: 567410, Thursday online: 0  
[2026-03-13 15:15:03] local.INFO: Method: getPlayersOnline. Start...  
[2026-03-13 15:15:03] local.INFO: Method: getPlayersOnline. Server: 2. Player: 76561199203821366(Xd). Prev online: 9165, Server Online: 470958, Online: 9225. Diff online: 60, All online: 911516, Monday online: 399228, Thursday online: 0  
[2026-03-13 15:15:03] local.INFO: Method: getPlayersOnline. Server: 2. Player: 76561199090783915(whxtebutterfly). Prev online: 2715, Server Online: 337456, Online: 2775. Diff online: 60, All online: 509738, Monday online: 142705, Thursday online: 0  
[2026-03-13 15:15:04] local.INFO: Method: getPlayersOnline. Server: 2. Player: 76561199743727010(werdix #ultimaterust). Prev online: 6445, Server Online: 2940, Online: 6505. Diff online: 60, All online: 62163, Monday online: 59223, Thursday online: 0  
[2026-03-13 15:15:04] local.INFO: Method: getPlayersOnline. Server: 2. Player: 76561198451931006(Tom). Prev online: 25357, Server Online: 2892208, Online: 25417. Diff online: 60, All online: 3988529, Monday online: 451948, Thursday online: 0  
[2026-03-13 15:15:04] local.INFO: Method: getPlayersOnline. Server: 2. Player: 76561199369046089(lowtab? shanyy). Prev online: 1443, Server Online: 43821, Online: 1503. Diff online: 60, All online: 77996, Monday online: 16982, Thursday online: 0  
[2026-03-13 15:15:04] local.INFO: Method: getPlayersOnline. Server: 2. Player: 76561199220024140(гнилая пизда). Prev online: 798, Server Online: 11358, Online: 858. Diff online: 60, All online: 11358, Monday online: 0, Thursday online: 0  
[2026-03-13 15:15:04] local.INFO: Method: getPlayersOnline. Server: 2. Player: 76561199091294625(lagaet na ffa). Prev online: 5051, Server Online: 843495, Online: 5111. Diff online: 60, All online: 1129238, Monday online: 164273, Thursday online: 0  
[2026-03-13 15:15:04] local.INFO: Method: getPlayersOnline. Server: 2. Player: 76561198271092183(WN & dashylya). Prev online: 1091, Server Online: 24369, Online: 1151. Diff online: 60, All online: 179199, Monday online: 77428, Thursday online: 0  
[2026-03-13 15:15:04] local.INFO: Method: getPlayersOnline. Server: 2. Player: 76561198332903750(FOG. | Окрошка)). Prev online: 23317, Server Online: 404628, Online: 23377. Diff online: 60, All online: 712396, Monday online: 307768, Thursday online: 0  
[2026-03-13 15:15:04] local.INFO: Method: getPlayersOnline. Server: 2. Player: 76561199258134981(胖他媽的). Prev online: 4454, Server Online: 6134, Online: 4514. Diff online: 60, All online: 100264, Monday online: 94130, Thursday online: 0  
[2026-03-13 15:15:04] local.INFO: Method: getPlayersOnline. Server: 2. Player: 76561199756724747(Dums#VorpalSwords). Prev online: 5361, Server Online: 10925, Online: 5421. Diff online: 60, All online: 54383, Monday online: 43458, Thursday online: 0  
[2026-03-13 15:15:05] local.INFO: Method: getPlayersOnline. Server: 2. Player: 76561199258528453(bad-f1?). Prev online: 575, Server Online: 656251, Online: 635. Diff online: 60, All online: 843995, Monday online: 120062, Thursday online: 0  
[2026-03-13 15:15:05] local.INFO: Method: getPlayersOnline. Server: 2. Player: 76561199261706104(76561199261706104). Prev online: 2604, Server Online: 331275, Online: 2664. Diff online: 60, All online: 2245602, Monday online: 714881, Thursday online: 0  
[2026-03-13 15:15:05] local.INFO: Method: getPlayersOnline. Server: 2. Player: 76561199197000922(утка). Prev online: 5852, Server Online: 2941, Online: 5912. Diff online: 60, All online: 2941, Monday online: 0, Thursday online: 0  
[2026-03-13 15:15:05] local.INFO: Method: getPlayersOnline. Server: 2. Player: 76561199704747517([OSB] фуфел шмерц). Prev online: 6854, Server Online: 767623, Online: 6914. Diff online: 60, All online: 1268000, Monday online: 500377, Thursday online: 0  
[2026-03-13 15:15:05] local.INFO: Method: getPlayersOnline. Server: 2. Player: 76561198977413624(гуль). Prev online: 3677, Server Online: 2078597, Online: 3737. Diff online: 60, All online: 2926407, Monday online: 831786, Thursday online: 0  
[2026-03-13 15:15:05] local.INFO: Method: getPlayersOnline. Server: 2. Player: 76561198744795404(Аркадий). Prev online: 2544, Server Online: 40683, Online: 2604. Diff online: 60, All online: 40683, Monday online: 0, Thursday online: 0  
[2026-03-13 15:15:05] local.INFO: Method: getPlayersOnline. Server: 2. Player: 76561199251293554(Romana_Banana #RBN). Prev online: 7908, Server Online: 645744, Online: 7967. Diff online: 59, All online: 1529688, Monday online: 883944, Thursday online: 0  
[2026-03-13 15:15:06] local.INFO: Method: getPlayersOnline. Server: 2. Player: 76561199488737519(.NB | Kasumi). Prev online: 2305, Server Online: 328134, Online: 2365. Diff online: 60, All online: 549674, Monday online: 45019, Thursday online: 0  
[2026-03-13 15:15:06] local.INFO: Method: getPlayersOnline. Server: 2. Player: 76561198979365995(SPACE TEA). Prev online: 962, Server Online: 1441, Online: 1022. Diff online: 60, All online: 1441, Monday online: 0, Thursday online: 0  
[2026-03-13 15:15:06] local.INFO: Method: getPlayersOnline. Server: 2. Player: 76561199812537987(Satoru). Prev online: 8080, Server Online: 460718, Online: 8139. Diff online: 59, All online: 913590, Monday online: 452872, Thursday online: 0  
[2026-03-13 15:15:06] local.INFO: Method: getPlayersOnline. Server: 2. Player: 76561199887355862(TimkaRT). Prev online: 5316, Server Online: 9872, Online: 5376. Diff online: 60, All online: 9872, Monday online: 0, Thursday online: 0  
[2026-03-13 15:15:06] local.INFO: Method: getPlayersOnline. Server: 2. Player: 76561198858639494(CL | Yamato). Prev online: 14455, Server Online: 14725, Online: 14515. Diff online: 60, All online: 26475, Monday online: 11750, Thursday online: 0  
[2026-03-13 15:15:07] local.INFO: Method: getPlayersOnline. Server: 2. Player: 76561199486229308(MC  АМБАЛ). Prev online: 1170, Server Online: 732146, Online: 1230. Diff online: 60, All online: 1162909, Monday online: 430763, Thursday online: 0  
[2026-03-13 15:15:07] local.INFO: Method: getPlayersOnline. Server: 2. Player: 76561198845624597(КОТЭЭЭЭ). Prev online: 7429, Server Online: 1009037, Online: 7488. Diff online: 59, All online: 2555876, Monday online: 1508563, Thursday online: 0  
[2026-03-13 15:15:07] local.INFO: Method: getPlayersOnline. Server: 2. Player: 76561199497410738(Ашот). Prev online: 5959, Server Online: 129698, Online: 6019. Diff online: 60, All online: 159938, Monday online: 30240, Thursday online: 0  
[2026-03-13 15:15:07] local.INFO: Method: getPlayersOnline. Server: 2. Player: 76561199217271678(god OK!). Prev online: 2521, Server Online: 775160, Online: 2580. Diff online: 59, All online: 775160, Monday online: 0, Thursday online: 0  
[2026-03-13 15:15:08] local.INFO: Method: getPlayersOnline. Server: 2. Player: 76561199505080070(Pepega). Prev online: 7811, Server Online: 1578497, Online: 7871. Diff online: 60, All online: 2281175, Monday online: 451812, Thursday online: 0  
[2026-03-13 15:15:09] local.INFO: Method: getPlayersOnline. Server: 2. Player: 76561198812079033(swaga vo mne doxuya). Prev online: 901, Server Online: 480, Online: 961. Diff online: 60, All online: 2941, Monday online: 2461, Thursday online: 0  
[2026-03-13 15:15:09] local.INFO: Method: getPlayersOnline. Server: 2. Player: 76561198754436395(『Gaw』- D3). Prev online: 4146, Server Online: 64355, Online: 4206. Diff online: 60, All online: 144974, Monday online: 80619, Thursday online: 0  
[2026-03-13 15:15:09] local.INFO: Method: getPlayersOnline. Server: 2. Player: 76561199727554631(писякака). Prev online: 2616, Server Online: 32560, Online: 2675. Diff online: 59, All online: 32560, Monday online: 0, Thursday online: 0  
[2026-03-13 15:15:09] local.INFO: Method: getPlayersOnline. Server: 2. Player: 76561199144698786(AmyRose). Prev online: 2456, Server Online: 19327, Online: 2516. Diff online: 60, All online: 24735, Monday online: 5408, Thursday online: 0  
[2026-03-13 15:15:09] local.INFO: Method: getPlayersOnline. Server: 2. Player: 76561199246146537(【.VEX】| Violetess). Prev online: 2102, Server Online: 310602, Online: 2162. Diff online: 60, All online: 310602, Monday online: 0, Thursday online: 0  
[2026-03-13 15:15:09] local.INFO: Method: getPlayersOnline. Server: 2. Player: 76561199143161029(76561199143161029). Prev online: 418, Server Online: 137574, Online: 477. Diff online: 59, All online: 357095, Monday online: 0, Thursday online: 0  
[2026-03-13 15:15:09] local.INFO: Method: getPlayersOnline. Server: 2. Player: 76561199549922345(bill). Prev online: 6469, Server Online: 122501, Online: 246. Diff online: 59, All online: 329935, Monday online: 128442, Thursday online: 0  
[2026-03-13 15:15:10] local.INFO: Method: getPlayersOnline. Server: 3. Player: 76561199821262476(кава бухаетCS2BGD31.RU). Prev online: 362, Server Online: 567410, Online: 362. Diff online: 0, All online: 858959, Monday online: 567410, Thursday online: 0  
[2026-03-13 15:16:08] local.INFO: Method: getPlayersOnline. Start...  
[2026-03-13 15:16:08] local.INFO: Method: getPlayersOnline. Server: 2. Player: 76561199203821366(Xd). Prev online: 9225, Server Online: 470958, Online: 9225. Diff online: 0, All online: 911516, Monday online: 399228, Thursday online: 0  
[2026-03-13 15:16:08] local.INFO: Method: getPlayersOnline. Server: 2. Player: 76561199090783915(whxtebutterfly). Prev online: 2775, Server Online: 337456, Online: 2775. Diff online: 0, All online: 509738, Monday online: 142705, Thursday online: 0  
[2026-03-13 15:16:09] local.INFO: Method: getPlayersOnline. Server: 2. Player: 76561199743727010(werdix #ultimaterust). Prev online: 6505, Server Online: 2940, Online: 6505. Diff online: 0, All online: 62163, Monday online: 59223, Thursday online: 0  
[2026-03-13 15:16:09] local.INFO: Method: getPlayersOnline. Server: 2. Player: 76561198451931006(Tom). Prev online: 25417, Server Online: 2892208, Online: 25417. Diff online: 0, All online: 3988529, Monday online: 451948, Thursday online: 0  
[2026-03-13 15:16:09] local.INFO: Method: getPlayersOnline. Server: 2. Player: 76561199369046089(lowtab? shanyy). Prev online: 1503, Server Online: 43821, Online: 1503. Diff online: 0, All online: 77996, Monday online: 16982, Thursday online: 0  
[2026-03-13 15:16:09] local.INFO: Method: getPlayersOnline. Server: 2. Player: 76561199220024140(гнилая пизда). Prev online: 858, Server Online: 11358, Online: 858. Diff online: 0, All online: 11358, Monday online: 0, Thursday online: 0  
[2026-03-13 15:16:09] local.INFO: Method: getPlayersOnline. Server: 2. Player: 76561199091294625(lagaet na ffa). Prev online: 5111, Server Online: 843495, Online: 5111. Diff online: 0, All online: 1129238, Monday online: 164273, Thursday online: 0  
[2026-03-13 15:16:09] local.INFO: Method: getPlayersOnline. Server: 2. Player: 76561198271092183(WN & dashylya). Prev online: 1151, Server Online: 24369, Online: 1151. Diff online: 0, All online: 179199, Monday online: 77428, Thursday online: 0  
[2026-03-13 15:16:09] local.INFO: Method: getPlayersOnline. Server: 2. Player: 76561198332903750(FOG. | Окрошка)). Prev online: 23377, Server Online: 404628, Online: 23377. Diff online: 0, All online: 712396, Monday online: 307768, Thursday online: 0  
[2026-03-13 15:16:10] local.INFO: Method: getPlayersOnline. Server: 2. Player: 76561199258134981(胖他媽的). Prev online: 4514, Server Online: 6134, Online: 4514. Diff online: 0, All online: 100264, Monday online: 94130, Thursday online: 0  
[2026-03-13 15:16:10] local.INFO: Method: getPlayersOnline. Server: 2. Player: 76561199756724747(Dums#VorpalSwords). Prev online: 5421, Server Online: 10925, Online: 5421. Diff online: 0, All online: 54383, Monday online: 43458, Thursday online: 0  
[2026-03-13 15:16:10] local.INFO: Method: getPlayersOnline. Server: 2. Player: 76561199258528453(bad-f1?). Prev online: 635, Server Online: 656251, Online: 635. Diff online: 0, All online: 843995, Monday online: 120062, Thursday online: 0  
[2026-03-13 15:16:10] local.INFO: Method: getPlayersOnline. Server: 2. Player: 76561199261706104(76561199261706104). Prev online: 2664, Server Online: 331275, Online: 2664. Diff online: 0, All online: 2245602, Monday online: 714881, Thursday online: 0  
[2026-03-13 15:16:10] local.INFO: Method: getPlayersOnline. Server: 2. Player: 76561199197000922(утка). Prev online: 5912, Server Online: 2941, Online: 5912. Diff online: 0, All online: 2941, Monday online: 0, Thursday online: 0  
[2026-03-13 15:16:10] local.INFO: Method: getPlayersOnline. Server: 2. Player: 76561199704747517([OSB] фуфел шмерц). Prev online: 6914, Server Online: 767623, Online: 6914. Diff online: 0, All online: 1268000, Monday online: 500377, Thursday online: 0  
[2026-03-13 15:16:10] local.INFO: Method: getPlayersOnline. Server: 2. Player: 76561198977413624(гуль). Prev online: 3737, Server Online: 2078597, Online: 3737. Diff online: 0, All online: 2926407, Monday online: 831786, Thursday online: 0  
[2026-03-13 15:16:10] local.INFO: Method: getPlayersOnline. Server: 2. Player: 76561198744795404(Аркадий). Prev online: 2604, Server Online: 40683, Online: 2604. Diff online: 0, All online: 40683, Monday online: 0, Thursday online: 0  
[2026-03-13 15:16:10] local.INFO: Method: getPlayersOnline. Server: 2. Player: 76561199251293554(Romana_Banana #RBN). Prev online: 7967, Server Online: 645744, Online: 7967. Diff online: 0, All online: 1529688, Monday online: 883944, Thursday online: 0  
[2026-03-13 15:16:11] local.INFO: Method: getPlayersOnline. Server: 2. Player: 76561199488737519(.NB | Kasumi). Prev online: 2365, Server Online: 328134, Online: 2365. Diff online: 0, All online: 549674, Monday online: 45019, Thursday online: 0  
[2026-03-13 15:16:11] local.INFO: Method: getPlayersOnline. Server: 2. Player: 76561198979365995(SPACE TEA). Prev online: 1022, Server Online: 1441, Online: 1022. Diff online: 0, All online: 1441, Monday online: 0, Thursday online: 0  
[2026-03-13 15:16:11] local.INFO: Method: getPlayersOnline. Server: 2. Player: 76561199812537987(Satoru). Prev online: 8139, Server Online: 460718, Online: 8139. Diff online: 0, All online: 913590, Monday online: 452872, Thursday online: 0  
[2026-03-13 15:16:11] local.INFO: Method: getPlayersOnline. Server: 2. Player: 76561199887355862(TimkaRT). Prev online: 5376, Server Online: 9872, Online: 5376. Diff online: 0, All online: 9872, Monday online: 0, Thursday online: 0  
[2026-03-13 15:16:11] local.INFO: Method: getPlayersOnline. Server: 2. Player: 76561198858639494(CL | Yamato). Prev online: 14515, Server Online: 14725, Online: 14515. Diff online: 0, All online: 26475, Monday online: 11750, Thursday online: 0  
[2026-03-13 15:16:11] local.INFO: Method: getPlayersOnline. Server: 2. Player: 76561199486229308(MC  АМБАЛ). Prev online: 1230, Server Online: 732146, Online: 1230. Diff online: 0, All online: 1162909, Monday online: 430763, Thursday online: 0  
[2026-03-13 15:16:12] local.INFO: Method: getPlayersOnline. Server: 2. Player: 76561198845624597(КОТЭЭЭЭ). Prev online: 7488, Server Online: 1009037, Online: 7488. Diff online: 0, All online: 2555876, Monday online: 1508563, Thursday online: 0  
[2026-03-13 15:16:12] local.INFO: Method: getPlayersOnline. Server: 2. Player: 76561199497410738(Ашот). Prev online: 6019, Server Online: 129698, Online: 6019. Diff online: 0, All online: 159938, Monday online: 30240, Thursday online: 0  
[2026-03-13 15:16:12] local.INFO: Method: getPlayersOnline. Server: 2. Player: 76561199217271678(god OK!). Prev online: 2580, Server Online: 775160, Online: 2580. Diff online: 0, All online: 775160, Monday online: 0, Thursday online: 0  
[2026-03-13 15:16:12] local.INFO: Method: getPlayersOnline. Server: 2. Player: 76561199505080070(Pepega). Prev online: 7871, Server Online: 1578497, Online: 7871. Diff online: 0, All online: 2281175, Monday online: 451812, Thursday online: 0  
[2026-03-13 15:16:13] local.INFO: Method: getPlayersOnline. Server: 2. Player: 76561198812079033(swaga vo mne doxuya). Prev online: 961, Server Online: 480, Online: 961. Diff online: 0, All online: 2941, Monday online: 2461, Thursday online: 0  
[2026-03-13 15:16:13] local.INFO: Method: getPlayersOnline. Server: 2. Player: 76561198754436395(『Gaw』- D3). Prev online: 4206, Server Online: 64355, Online: 4206. Diff online: 0, All online: 144974, Monday online: 80619, Thursday online: 0  
[2026-03-13 15:16:13] local.INFO: Method: getPlayersOnline. Server: 2. Player: 76561199727554631(писякака). Prev online: 2675, Server Online: 32560, Online: 2675. Diff online: 0, All online: 32560, Monday online: 0, Thursday online: 0  
[2026-03-13 15:16:13] local.INFO: Method: getPlayersOnline. Server: 2. Player: 76561199144698786(AmyRose). Prev online: 2516, Server Online: 19327, Online: 2516. Diff online: 0, All online: 24735, Monday online: 5408, Thursday online: 0  
[2026-03-13 15:16:13] local.INFO: Method: getPlayersOnline. Server: 2. Player: 76561199246146537(【.VEX】| Violetess). Prev online: 2162, Server Online: 310602, Online: 2162. Diff online: 0, All online: 310602, Monday online: 0, Thursday online: 0  
[2026-03-13 15:16:14] local.INFO: Method: getPlayersOnline. Server: 2. Player: 76561199143161029(76561199143161029). Prev online: 477, Server Online: 137574, Online: 477. Diff online: 0, All online: 357095, Monday online: 0, Thursday online: 0  
[2026-03-13 15:16:14] local.INFO: Method: getPlayersOnline. Server: 2. Player: 76561199549922345(bill). Prev online: 246, Server Online: 122501, Online: 246. Diff online: 0, All online: 329935, Monday online: 128442, Thursday online: 0  
[2026-03-13 15:16:14] local.INFO: Method: getPlayersOnline. Server: 3. Player: 76561199821262476(кава бухаетCS2BGD31.RU). Prev online: 362, Server Online: 567410, Online: 362. Diff online: 0, All online: 858959, Monday online: 567410, Thursday online: 0  
[2026-03-13 15:17:03] local.INFO: Method: getPlayersOnline. Start...  
[2026-03-13 15:17:04] local.INFO: Method: getPlayersOnline. Server: 2. Player: 76561199203821366(Xd). Prev online: 9225, Server Online: 470958, Online: 9225. Diff online: 0, All online: 911516, Monday online: 399228, Thursday online: 0  
[2026-03-13 15:17:04] local.INFO: Method: getPlayersOnline. Server: 2. Player: 76561199090783915(whxtebutterfly). Prev online: 2775, Server Online: 337456, Online: 2775. Diff online: 0, All online: 509738, Monday online: 142705, Thursday online: 0  
[2026-03-13 15:17:04] local.INFO: Method: getPlayersOnline. Server: 2. Player: 76561199743727010(werdix #ultimaterust). Prev online: 6505, Server Online: 2940, Online: 6505. Diff online: 0, All online: 62163, Monday online: 59223, Thursday online: 0  
[2026-03-13 15:17:04] local.INFO: Method: getPlayersOnline. Server: 2. Player: 76561198451931006(Tom). Prev online: 25417, Server Online: 2892208, Online: 25417. Diff online: 0, All online: 3988529, Monday online: 451948, Thursday online: 0  
[2026-03-13 15:17:04] local.INFO: Method: getPlayersOnline. Server: 2. Player: 76561199369046089(lowtab? shanyy). Prev online: 1503, Server Online: 43821, Online: 1503. Diff online: 0, All online: 77996, Monday online: 16982, Thursday online: 0  
[2026-03-13 15:17:04] local.INFO: Method: getPlayersOnline. Server: 2. Player: 76561199220024140(гнилая пизда). Prev online: 858, Server Online: 11358, Online: 858. Diff online: 0, All online: 11358, Monday online: 0, Thursday online: 0  
[2026-03-13 15:17:04] local.INFO: Method: getPlayersOnline. Server: 2. Player: 76561199091294625(lagaet na ffa). Prev online: 5111, Server Online: 843495, Online: 5111. Diff online: 0, All online: 1129238, Monday online: 164273, Thursday online: 0  
[2026-03-13 15:17:05] local.INFO: Method: getPlayersOnline. Server: 2. Player: 76561198271092183(WN & dashylya). Prev online: 1151, Server Online: 24369, Online: 1151. Diff online: 0, All online: 179199, Monday online: 77428, Thursday online: 0  
[2026-03-13 15:17:05] local.INFO: Method: getPlayersOnline. Server: 2. Player: 76561198332903750(FOG. | Окрошка)). Prev online: 23377, Server Online: 404628, Online: 23377. Diff online: 0, All online: 712396, Monday online: 307768, Thursday online: 0  
[2026-03-13 15:17:05] local.INFO: Method: getPlayersOnline. Server: 2. Player: 76561199258134981(胖他媽的). Prev online: 4514, Server Online: 6134, Online: 4514. Diff online: 0, All online: 100264, Monday online: 94130, Thursday online: 0  
[2026-03-13 15:17:05] local.INFO: Method: getPlayersOnline. Server: 2. Player: 76561199756724747(Dums#VorpalSwords). Prev online: 5421, Server Online: 10925, Online: 5421. Diff online: 0, All online: 54383, Monday online: 43458, Thursday online: 0  
[2026-03-13 15:17:05] local.INFO: Method: getPlayersOnline. Server: 2. Player: 76561199258528453(bad-f1?). Prev online: 635, Server Online: 656251, Online: 635. Diff online: 0, All online: 843995, Monday online: 120062, Thursday online: 0  
[2026-03-13 15:17:05] local.INFO: Method: getPlayersOnline. Server: 2. Player: 76561199261706104(76561199261706104). Prev online: 2664, Server Online: 331275, Online: 2664. Diff online: 0, All online: 2245602, Monday online: 714881, Thursday online: 0  
[2026-03-13 15:17:05] local.INFO: Method: getPlayersOnline. Server: 2. Player: 76561199197000922(утка). Prev online: 5912, Server Online: 2941, Online: 5912. Diff online: 0, All online: 2941, Monday online: 0, Thursday online: 0  
[2026-03-13 15:17:05] local.INFO: Method: getPlayersOnline. Server: 2. Player: 76561199704747517([OSB] фуфел шмерц). Prev online: 6914, Server Online: 767623, Online: 6914. Diff online: 0, All online: 1268000, Monday online: 500377, Thursday online: 0  
[2026-03-13 15:17:05] local.INFO: Method: getPlayersOnline. Server: 2. Player: 76561198977413624(гуль). Prev online: 3737, Server Online: 2078597, Online: 3737. Diff online: 0, All online: 2926407, Monday online: 831786, Thursday online: 0  
[2026-03-13 15:17:06] local.INFO: Method: getPlayersOnline. Server: 2. Player: 76561198744795404(Аркадий). Prev online: 2604, Server Online: 40683, Online: 2604. Diff online: 0, All online: 40683, Monday online: 0, Thursday online: 0  
[2026-03-13 15:17:06] local.INFO: Method: getPlayersOnline. Server: 2. Player: 76561199251293554(Romana_Banana #RBN). Prev online: 7967, Server Online: 645744, Online: 7967. Diff online: 0, All online: 1529688, Monday online: 883944, Thursday online: 0  
[2026-03-13 15:17:06] local.INFO: Method: getPlayersOnline. Server: 2. Player: 76561199488737519(.NB | Kasumi). Prev online: 2365, Server Online: 328134, Online: 2365. Diff online: 0, All online: 549674, Monday online: 45019, Thursday online: 0  
[2026-03-13 15:17:06] local.INFO: Method: getPlayersOnline. Server: 2. Player: 76561198979365995(SPACE TEA). Prev online: 1022, Server Online: 1441, Online: 1022. Diff online: 0, All online: 1441, Monday online: 0, Thursday online: 0  
[2026-03-13 15:17:06] local.INFO: Method: getPlayersOnline. Server: 2. Player: 76561199812537987(Satoru). Prev online: 8139, Server Online: 460718, Online: 8139. Diff online: 0, All online: 913590, Monday online: 452872, Thursday online: 0  
[2026-03-13 15:17:06] local.INFO: Method: getPlayersOnline. Server: 2. Player: 76561199887355862(TimkaRT). Prev online: 5376, Server Online: 9872, Online: 5376. Diff online: 0, All online: 9872, Monday online: 0, Thursday online: 0  
[2026-03-13 15:17:07] local.INFO: Method: getPlayersOnline. Server: 2. Player: 76561198858639494(CL | Yamato). Prev online: 14515, Server Online: 14725, Online: 14515. Diff online: 0, All online: 26475, Monday online: 11750, Thursday online: 0  
[2026-03-13 15:17:07] local.INFO: Method: getPlayersOnline. Server: 2. Player: 76561199486229308(MC  АМБАЛ). Prev online: 1230, Server Online: 732146, Online: 1230. Diff online: 0, All online: 1162909, Monday online: 430763, Thursday online: 0  
[2026-03-13 15:17:07] local.INFO: Method: getPlayersOnline. Server: 2. Player: 76561198845624597(КОТЭЭЭЭ). Prev online: 7488, Server Online: 1009037, Online: 7488. Diff online: 0, All online: 2555876, Monday online: 1508563, Thursday online: 0  
[2026-03-13 15:17:07] local.INFO: Method: getPlayersOnline. Server: 2. Player: 76561199497410738(Ашот). Prev online: 6019, Server Online: 129698, Online: 6019. Diff online: 0, All online: 159938, Monday online: 30240, Thursday online: 0  
[2026-03-13 15:17:08] local.INFO: Method: getPlayersOnline. Server: 2. Player: 76561199217271678(god OK!). Prev online: 2580, Server Online: 775160, Online: 2580. Diff online: 0, All online: 775160, Monday online: 0, Thursday online: 0  
[2026-03-13 15:17:08] local.INFO: Method: getPlayersOnline. Server: 2. Player: 76561199505080070(Pepega). Prev online: 7871, Server Online: 1578497, Online: 7871. Diff online: 0, All online: 2281175, Monday online: 451812, Thursday online: 0  
[2026-03-13 15:17:09] local.INFO: Method: getPlayersOnline. Server: 2. Player: 76561198812079033(swaga vo mne doxuya). Prev online: 961, Server Online: 480, Online: 961. Diff online: 0, All online: 2941, Monday online: 2461, Thursday online: 0  
[2026-03-13 15:17:09] local.INFO: Method: getPlayersOnline. Server: 2. Player: 76561198754436395(『Gaw』- D3). Prev online: 4206, Server Online: 64355, Online: 4206. Diff online: 0, All online: 144974, Monday online: 80619, Thursday online: 0  
[2026-03-13 15:17:09] local.INFO: Method: getPlayersOnline. Server: 2. Player: 76561199727554631(писякака). Prev online: 2675, Server Online: 32560, Online: 2675. Diff online: 0, All online: 32560, Monday online: 0, Thursday online: 0  
[2026-03-13 15:17:09] local.INFO: Method: getPlayersOnline. Server: 2. Player: 76561199144698786(AmyRose). Prev online: 2516, Server Online: 19327, Online: 2516. Diff online: 0, All online: 24735, Monday online: 5408, Thursday online: 0  
[2026-03-13 15:17:09] local.INFO: Method: getPlayersOnline. Server: 2. Player: 76561199246146537(【.VEX】| Violetess). Prev online: 2162, Server Online: 310602, Online: 2162. Diff online: 0, All online: 310602, Monday online: 0, Thursday online: 0  
[2026-03-13 15:17:09] local.INFO: Method: getPlayersOnline. Server: 2. Player: 76561199143161029(76561199143161029). Prev online: 477, Server Online: 137574, Online: 477. Diff online: 0, All online: 357095, Monday online: 0, Thursday online: 0  
[2026-03-13 15:17:09] local.INFO: Method: getPlayersOnline. Server: 2. Player: 76561199549922345(bill). Prev online: 246, Server Online: 122501, Online: 246. Diff online: 0, All online: 329935, Monday online: 128442, Thursday online: 0  
[2026-03-13 15:17:10] local.INFO: Method: getPlayersOnline. Server: 3. Player: 76561199821262476(кава бухаетCS2BGD31.RU). Prev online: 362, Server Online: 567590, Online: 542. Diff online: 180, All online: 859139, Monday online: 567590, Thursday online: 0  
[2026-03-13 15:18:06] local.INFO: Method: getPlayersOnline. Start...  
[2026-03-13 15:18:07] local.INFO: Method: getPlayersOnline. Server: 2. Player: 76561199203821366(Xd). Prev online: 9225, Server Online: 470958, Online: 9225. Diff online: 0, All online: 911516, Monday online: 399228, Thursday online: 0  
[2026-03-13 15:18:07] local.INFO: Method: getPlayersOnline. Server: 2. Player: 76561199090783915(whxtebutterfly). Prev online: 2775, Server Online: 337456, Online: 2775. Diff online: 0, All online: 509738, Monday online: 142705, Thursday online: 0  
[2026-03-13 15:18:07] local.INFO: Method: getPlayersOnline. Server: 2. Player: 76561199743727010(werdix #ultimaterust). Prev online: 6505, Server Online: 2940, Online: 6505. Diff online: 0, All online: 62163, Monday online: 59223, Thursday online: 0  
[2026-03-13 15:18:07] local.INFO: Method: getPlayersOnline. Server: 2. Player: 76561198451931006(Tom). Prev online: 25417, Server Online: 2892208, Online: 25417. Diff online: 0, All online: 3988529, Monday online: 451948, Thursday online: 0  
[2026-03-13 15:18:07] local.INFO: Method: getPlayersOnline. Server: 2. Player: 76561199369046089(lowtab? shanyy). Prev online: 1503, Server Online: 43821, Online: 1503. Diff online: 0, All online: 77996, Monday online: 16982, Thursday online: 0  
[2026-03-13 15:18:07] local.INFO: Method: getPlayersOnline. Server: 2. Player: 76561199220024140(гнилая пизда). Prev online: 858, Server Online: 11358, Online: 858. Diff online: 0, All online: 11358, Monday online: 0, Thursday online: 0  
[2026-03-13 15:18:07] local.INFO: Method: getPlayersOnline. Server: 2. Player: 76561199091294625(lagaet na ffa). Prev online: 5111, Server Online: 843495, Online: 5111. Diff online: 0, All online: 1129238, Monday online: 164273, Thursday online: 0  
[2026-03-13 15:18:08] local.INFO: Method: getPlayersOnline. Server: 2. Player: 76561198271092183(WN & dashylya). Prev online: 1151, Server Online: 24369, Online: 1151. Diff online: 0, All online: 179199, Monday online: 77428, Thursday online: 0  
[2026-03-13 15:18:08] local.INFO: Method: getPlayersOnline. Server: 2. Player: 76561198332903750(FOG. | Окрошка)). Prev online: 23377, Server Online: 404628, Online: 23377. Diff online: 0, All online: 712396, Monday online: 307768, Thursday online: 0  
[2026-03-13 15:18:08] local.INFO: Method: getPlayersOnline. Server: 2. Player: 76561199258134981(胖他媽的). Prev online: 4514, Server Online: 6134, Online: 4514. Diff online: 0, All online: 100264, Monday online: 94130, Thursday online: 0  
[2026-03-13 15:18:08] local.INFO: Method: getPlayersOnline. Server: 2. Player: 76561199756724747(Dums#VorpalSwords). Prev online: 5421, Server Online: 10925, Online: 5421. Diff online: 0, All online: 54383, Monday online: 43458, Thursday online: 0  
[2026-03-13 15:18:08] local.INFO: Method: getPlayersOnline. Server: 2. Player: 76561199258528453(bad-f1?). Prev online: 635, Server Online: 656251, Online: 635. Diff online: 0, All online: 843995, Monday online: 120062, Thursday online: 0  
[2026-03-13 15:18:08] local.INFO: Method: getPlayersOnline. Server: 2. Player: 76561199261706104(76561199261706104). Prev online: 2664, Server Online: 331275, Online: 2664. Diff online: 0, All online: 2245602, Monday online: 714881, Thursday online: 0  
[2026-03-13 15:18:08] local.INFO: Method: getPlayersOnline. Server: 2. Player: 76561199197000922(утка). Prev online: 5912, Server Online: 2941, Online: 5912. Diff online: 0, All online: 2941, Monday online: 0, Thursday online: 0  
[2026-03-13 15:18:08] local.INFO: Method: getPlayersOnline. Server: 2. Player: 76561199704747517([OSB] фуфел шмерц). Prev online: 6914, Server Online: 767623, Online: 6914. Diff online: 0, All online: 1268000, Monday online: 500377, Thursday online: 0  
[2026-03-13 15:18:09] local.INFO: Method: getPlayersOnline. Server: 2. Player: 76561198977413624(гуль). Prev online: 3737, Server Online: 2078597, Online: 3737. Diff online: 0, All online: 2926407, Monday online: 831786, Thursday online: 0  
[2026-03-13 15:18:09] local.INFO: Method: getPlayersOnline. Server: 2. Player: 76561198744795404(Аркадий). Prev online: 2604, Server Online: 40683, Online: 2604. Diff online: 0, All online: 40683, Monday online: 0, Thursday online: 0  
[2026-03-13 15:18:09] local.INFO: Method: getPlayersOnline. Server: 2. Player: 76561199251293554(Romana_Banana #RBN). Prev online: 7967, Server Online: 645744, Online: 7967. Diff online: 0, All online: 1529688, Monday online: 883944, Thursday online: 0  
[2026-03-13 15:18:09] local.INFO: Method: getPlayersOnline. Server: 2. Player: 76561199488737519(.NB | Kasumi). Prev online: 2365, Server Online: 328134, Online: 2365. Diff online: 0, All online: 549674, Monday online: 45019, Thursday online: 0  
[2026-03-13 15:18:09] local.INFO: Method: getPlayersOnline. Server: 2. Player: 76561198979365995(SPACE TEA). Prev online: 1022, Server Online: 1441, Online: 1022. Diff online: 0, All online: 1441, Monday online: 0, Thursday online: 0  
[2026-03-13 15:18:09] local.INFO: Method: getPlayersOnline. Server: 2. Player: 76561199812537987(Satoru). Prev online: 8139, Server Online: 460718, Online: 8139. Diff online: 0, All online: 913590, Monday online: 452872, Thursday online: 0  
[2026-03-13 15:18:09] local.INFO: Method: getPlayersOnline. Server: 2. Player: 76561199887355862(TimkaRT). Prev online: 5376, Server Online: 9872, Online: 5376. Diff online: 0, All online: 9872, Monday online: 0, Thursday online: 0  
[2026-03-13 15:18:09] local.INFO: Method: getPlayersOnline. Server: 2. Player: 76561198858639494(CL | Yamato). Prev online: 14515, Server Online: 14725, Online: 14515. Diff online: 0, All online: 26475, Monday online: 11750, Thursday online: 0  
[2026-03-13 15:18:10] local.INFO: Method: getPlayersOnline. Server: 2. Player: 76561199486229308(MC  АМБАЛ). Prev online: 1230, Server Online: 732146, Online: 1230. Diff online: 0, All online: 1162909, Monday online: 430763, Thursday online: 0  
[2026-03-13 15:18:10] local.INFO: Method: getPlayersOnline. Server: 2. Player: 76561198845624597(КОТЭЭЭЭ). Prev online: 7488, Server Online: 1009037, Online: 7488. Diff online: 0, All online: 2555876, Monday online: 1508563, Thursday online: 0  
[2026-03-13 15:18:10] local.INFO: Method: getPlayersOnline. Server: 2. Player: 76561199497410738(Ашот). Prev online: 6019, Server Online: 129698, Online: 6019. Diff online: 0, All online: 159938, Monday online: 30240, Thursday online: 0  
[2026-03-13 15:18:10] local.INFO: Method: getPlayersOnline. Server: 2. Player: 76561199217271678(god OK!). Prev online: 2580, Server Online: 775160, Online: 2580. Diff online: 0, All online: 775160, Monday online: 0, Thursday online: 0  
[2026-03-13 15:18:11] local.INFO: Method: getPlayersOnline. Server: 2. Player: 76561199505080070(Pepega). Prev online: 7871, Server Online: 1578497, Online: 7871. Diff online: 0, All online: 2281175, Monday online: 451812, Thursday online: 0  
[2026-03-13 15:18:11] local.INFO: Method: getPlayersOnline. Server: 2. Player: 76561198812079033(swaga vo mne doxuya). Prev online: 961, Server Online: 480, Online: 961. Diff online: 0, All online: 2941, Monday online: 2461, Thursday online: 0  
[2026-03-13 15:18:11] local.INFO: Method: getPlayersOnline. Server: 2. Player: 76561198754436395(『Gaw』- D3). Prev online: 4206, Server Online: 64355, Online: 4206. Diff online: 0, All online: 144974, Monday online: 80619, Thursday online: 0  
[2026-03-13 15:18:11] local.INFO: Method: getPlayersOnline. Server: 2. Player: 76561199727554631(писякака). Prev online: 2675, Server Online: 32560, Online: 2675. Diff online: 0, All online: 32560, Monday online: 0, Thursday online: 0  
[2026-03-13 15:18:11] local.INFO: Method: getPlayersOnline. Server: 2. Player: 76561199144698786(AmyRose). Prev online: 2516, Server Online: 19327, Online: 2516. Diff online: 0, All online: 24735, Monday online: 5408, Thursday online: 0  
[2026-03-13 15:18:12] local.INFO: Method: getPlayersOnline. Server: 2. Player: 76561199246146537(【.VEX】| Violetess). Prev online: 2162, Server Online: 310602, Online: 2162. Diff online: 0, All online: 310602, Monday online: 0, Thursday online: 0  
[2026-03-13 15:18:12] local.INFO: Method: getPlayersOnline. Server: 2. Player: 76561199143161029(76561199143161029). Prev online: 477, Server Online: 137574, Online: 477. Diff online: 0, All online: 357095, Monday online: 0, Thursday online: 0  
[2026-03-13 15:18:12] local.INFO: Method: getPlayersOnline. Server: 2. Player: 76561199549922345(bill). Prev online: 246, Server Online: 122501, Online: 246. Diff online: 0, All online: 329935, Monday online: 128442, Thursday online: 0  
[2026-03-13 15:18:12] local.INFO: Method: getPlayersOnline. Server: 3. Player: 76561199821262476(кава бухаетCS2BGD31.RU). Prev online: 542, Server Online: 567652, Online: 604. Diff online: 62, All online: 859201, Monday online: 567652, Thursday online: 0  
[2026-03-13 15:19:03] local.INFO: Method: getPlayersOnline. Start...  
[2026-03-13 15:19:03] local.INFO: Method: getPlayersOnline. Server: 2. Player: 76561199203821366(Xd). Prev online: 9225, Server Online: 471198, Online: 9465. Diff online: 240, All online: 911756, Monday online: 399228, Thursday online: 0  
[2026-03-13 15:19:04] local.INFO: Method: getPlayersOnline. Server: 2. Player: 76561199090783915(whxtebutterfly). Prev online: 2775, Server Online: 337696, Online: 3015. Diff online: 240, All online: 509978, Monday online: 142705, Thursday online: 0  
[2026-03-13 15:19:04] local.INFO: Method: getPlayersOnline. Server: 2. Player: 76561199743727010(werdix #ultimaterust). Prev online: 6505, Server Online: 3180, Online: 6745. Diff online: 240, All online: 62403, Monday online: 59223, Thursday online: 0  
[2026-03-13 15:19:04] local.INFO: Method: getPlayersOnline. Server: 2. Player: 76561198451931006(Tom). Prev online: 25417, Server Online: 2892448, Online: 25657. Diff online: 240, All online: 3988769, Monday online: 451948, Thursday online: 0  
[2026-03-13 15:19:04] local.INFO: Method: getPlayersOnline. Server: 2. Player: 76561199369046089(lowtab? shanyy). Prev online: 1503, Server Online: 44061, Online: 1743. Diff online: 240, All online: 78236, Monday online: 16982, Thursday online: 0  
[2026-03-13 15:19:04] local.INFO: Method: getPlayersOnline. Server: 2. Player: 76561199220024140(гнилая пизда). Prev online: 858, Server Online: 11598, Online: 1098. Diff online: 240, All online: 11598, Monday online: 0, Thursday online: 0  
[2026-03-13 15:19:04] local.INFO: Method: getPlayersOnline. Server: 2. Player: 76561199091294625(lagaet na ffa). Prev online: 5111, Server Online: 843735, Online: 5351. Diff online: 240, All online: 1129478, Monday online: 164273, Thursday online: 0  
[2026-03-13 15:19:04] local.INFO: Method: getPlayersOnline. Server: 2. Player: 76561198271092183(WN & dashylya). Prev online: 1151, Server Online: 24609, Online: 1391. Diff online: 240, All online: 179439, Monday online: 77428, Thursday online: 0  
[2026-03-13 15:19:05] local.INFO: Method: getPlayersOnline. Server: 2. Player: 76561198332903750(FOG. | Окрошка)). Prev online: 23377, Server Online: 404868, Online: 23617. Diff online: 240, All online: 712636, Monday online: 307768, Thursday online: 0  
[2026-03-13 15:19:05] local.INFO: Method: getPlayersOnline. Server: 2. Player: 76561199258134981(胖他媽的). Prev online: 4514, Server Online: 6374, Online: 4754. Diff online: 240, All online: 100504, Monday online: 94130, Thursday online: 0  
[2026-03-13 15:19:05] local.INFO: Method: getPlayersOnline. Server: 2. Player: 76561199756724747(Dums#VorpalSwords). Prev online: 5421, Server Online: 11165, Online: 5661. Diff online: 240, All online: 54623, Monday online: 43458, Thursday online: 0  
[2026-03-13 15:19:05] local.INFO: Method: getPlayersOnline. Server: 2. Player: 76561199258528453(bad-f1?). Prev online: 635, Server Online: 656491, Online: 875. Diff online: 240, All online: 844235, Monday online: 120062, Thursday online: 0  
[2026-03-13 15:19:05] local.INFO: Method: getPlayersOnline. Server: 2. Player: 76561199261706104(76561199261706104). Prev online: 2664, Server Online: 331515, Online: 2904. Diff online: 240, All online: 2245842, Monday online: 714881, Thursday online: 0  
[2026-03-13 15:19:05] local.INFO: Method: getPlayersOnline. Server: 2. Player: 76561199197000922(утка). Prev online: 5912, Server Online: 3181, Online: 6152. Diff online: 240, All online: 3181, Monday online: 0, Thursday online: 0  
[2026-03-13 15:19:05] local.INFO: Method: getPlayersOnline. Server: 2. Player: 76561199704747517([OSB] фуфел шмерц). Prev online: 6914, Server Online: 767863, Online: 7154. Diff online: 240, All online: 1268240, Monday online: 500377, Thursday online: 0  
[2026-03-13 15:19:06] local.INFO: Method: getPlayersOnline. Server: 2. Player: 76561198977413624(гуль). Prev online: 3737, Server Online: 2078837, Online: 3977. Diff online: 240, All online: 2926647, Monday online: 831786, Thursday online: 0  
[2026-03-13 15:19:06] local.INFO: Method: getPlayersOnline. Server: 2. Player: 76561198744795404(Аркадий). Prev online: 2604, Server Online: 40924, Online: 2845. Diff online: 241, All online: 40924, Monday online: 0, Thursday online: 0  
[2026-03-13 15:19:06] local.INFO: Method: getPlayersOnline. Server: 2. Player: 76561199488737519(.NB | Kasumi). Prev online: 2365, Server Online: 328374, Online: 2605. Diff online: 240, All online: 549914, Monday online: 45019, Thursday online: 0  
[2026-03-13 15:19:06] local.INFO: Method: getPlayersOnline. Server: 2. Player: 76561198979365995(SPACE TEA). Prev online: 1022, Server Online: 1681, Online: 1262. Diff online: 240, All online: 1681, Monday online: 0, Thursday online: 0  
[2026-03-13 15:19:06] local.INFO: Method: getPlayersOnline. Server: 2. Player: 76561199812537987(Satoru). Prev online: 8139, Server Online: 460959, Online: 8380. Diff online: 241, All online: 913831, Monday online: 452872, Thursday online: 0  
[2026-03-13 15:19:06] local.INFO: Method: getPlayersOnline. Server: 2. Player: 76561199887355862(TimkaRT). Prev online: 5376, Server Online: 10112, Online: 5616. Diff online: 240, All online: 10112, Monday online: 0, Thursday online: 0  
[2026-03-13 15:19:07] local.INFO: Method: getPlayersOnline. Server: 2. Player: 76561198858639494(CL | Yamato). Prev online: 14515, Server Online: 14965, Online: 14755. Diff online: 240, All online: 26715, Monday online: 11750, Thursday online: 0  
[2026-03-13 15:19:07] local.INFO: Method: getPlayersOnline. Server: 2. Player: 76561199486229308(MC  АМБАЛ). Prev online: 1230, Server Online: 732386, Online: 1470. Diff online: 240, All online: 1163149, Monday online: 430763, Thursday online: 0  
[2026-03-13 15:19:07] local.INFO: Method: getPlayersOnline. Server: 2. Player: 76561198845624597(КОТЭЭЭЭ). Prev online: 7488, Server Online: 1009278, Online: 7729. Diff online: 241, All online: 2556117, Monday online: 1508563, Thursday online: 0  
[2026-03-13 15:19:08] local.INFO: Method: getPlayersOnline. Server: 2. Player: 76561199497410738(Ашот). Prev online: 6019, Server Online: 129938, Online: 6259. Diff online: 240, All online: 160178, Monday online: 30240, Thursday online: 0  
[2026-03-13 15:19:08] local.INFO: Method: getPlayersOnline. Server: 2. Player: 76561199217271678(god OK!). Prev online: 2580, Server Online: 775401, Online: 2821. Diff online: 241, All online: 775401, Monday online: 0, Thursday online: 0  
[2026-03-13 15:19:08] local.INFO: Method: getPlayersOnline. Server: 2. Player: 76561199505080070(Pepega). Prev online: 7871, Server Online: 1578737, Online: 8111. Diff online: 240, All online: 2281415, Monday online: 451812, Thursday online: 0  
[2026-03-13 15:19:08] local.INFO: Method: getPlayersOnline. Server: 2. Player: 76561199056309111(Egorski#BloodRust). Prev online: 4074, Server Online: 397129, Online: 181. Diff online: 240, All online: 763181, Monday online: 302839, Thursday online: 0  
[2026-03-13 15:19:09] local.INFO: Method: getPlayersOnline. Server: 2. Player: 76561198812079033(swaga vo mne doxuya). Prev online: 961, Server Online: 720, Online: 1201. Diff online: 240, All online: 3181, Monday online: 2461, Thursday online: 0  
[2026-03-13 15:19:09] local.INFO: Method: getPlayersOnline. Server: 2. Player: 76561198754436395(『Gaw』- D3). Prev online: 4206, Server Online: 64595, Online: 4446. Diff online: 240, All online: 145214, Monday online: 80619, Thursday online: 0  
[2026-03-13 15:19:09] local.INFO: Method: getPlayersOnline. Server: 2. Player: 76561199727554631(писякака). Prev online: 2675, Server Online: 32801, Online: 2916. Diff online: 241, All online: 32801, Monday online: 0, Thursday online: 0  
[2026-03-13 15:19:09] local.INFO: Method: getPlayersOnline. Server: 2. Player: 76561199144698786(AmyRose). Prev online: 2516, Server Online: 19568, Online: 2757. Diff online: 241, All online: 24976, Monday online: 5408, Thursday online: 0  
[2026-03-13 15:19:09] local.INFO: Method: getPlayersOnline. Server: 2. Player: 76561199246146537(【.VEX】| Violetess). Prev online: 2162, Server Online: 310842, Online: 2402. Diff online: 240, All online: 310842, Monday online: 0, Thursday online: 0  
[2026-03-13 15:19:09] local.INFO: Method: getPlayersOnline. Server: 2. Player: 76561199143161029(76561199143161029). Prev online: 477, Server Online: 137815, Online: 718. Diff online: 241, All online: 357336, Monday online: 0, Thursday online: 0  
[2026-03-13 15:19:09] local.INFO: Method: getPlayersOnline. Server: 2. Player: 76561199549922345(bill). Prev online: 246, Server Online: 122742, Online: 487. Diff online: 241, All online: 330176, Monday online: 128442, Thursday online: 0  
[2026-03-13 15:19:10] local.INFO: Method: getPlayersOnline. Server: 3. Player: 76561199821262476(кава бухаетCS2BGD31.RU). Prev online: 604, Server Online: 567710, Online: 662. Diff online: 58, All online: 859259, Monday online: 567710, Thursday online: 0  
[2026-03-13 15:20:10] local.INFO: Method: getPlayersOnline. Start...  
[2026-03-13 15:20:10] local.INFO: Method: getPlayersOnline. Server: 2. Player: 76561199203821366(Xd). Prev online: 9465, Server Online: 471198, Online: 9465. Diff online: 0, All online: 911756, Monday online: 399228, Thursday online: 0  
[2026-03-13 15:20:10] local.INFO: Method: getPlayersOnline. Server: 2. Player: 76561199090783915(whxtebutterfly). Prev online: 3015, Server Online: 337696, Online: 3015. Diff online: 0, All online: 509978, Monday online: 142705, Thursday online: 0  
[2026-03-13 15:20:11] local.INFO: Method: getPlayersOnline. Server: 2. Player: 76561199743727010(werdix #ultimaterust). Prev online: 6745, Server Online: 3180, Online: 6745. Diff online: 0, All online: 62403, Monday online: 59223, Thursday online: 0  
[2026-03-13 15:20:11] local.INFO: Method: getPlayersOnline. Server: 2. Player: 76561198451931006(Tom). Prev online: 25657, Server Online: 2892448, Online: 25657. Diff online: 0, All online: 3988769, Monday online: 451948, Thursday online: 0  
[2026-03-13 15:20:11] local.INFO: Method: getPlayersOnline. Server: 2. Player: 76561199369046089(lowtab? shanyy). Prev online: 1743, Server Online: 44061, Online: 1743. Diff online: 0, All online: 78236, Monday online: 16982, Thursday online: 0  
[2026-03-13 15:20:11] local.INFO: Method: getPlayersOnline. Server: 2. Player: 76561199220024140(гнилая пизда). Prev online: 1098, Server Online: 11598, Online: 1098. Diff online: 0, All online: 11598, Monday online: 0, Thursday online: 0  
[2026-03-13 15:20:11] local.INFO: Method: getPlayersOnline. Server: 2. Player: 76561199091294625(lagaet na ffa). Prev online: 5351, Server Online: 843735, Online: 5351. Diff online: 0, All online: 1129478, Monday online: 164273, Thursday online: 0  
[2026-03-13 15:20:11] local.INFO: Method: getPlayersOnline. Server: 2. Player: 76561198271092183(WN & dashylya). Prev online: 1391, Server Online: 24609, Online: 1391. Diff online: 0, All online: 179439, Monday online: 77428, Thursday online: 0  
[2026-03-13 15:20:11] local.INFO: Method: getPlayersOnline. Server: 2. Player: 76561198332903750(FOG. | Окрошка)). Prev online: 23617, Server Online: 404868, Online: 23617. Diff online: 0, All online: 712636, Monday online: 307768, Thursday online: 0  
[2026-03-13 15:20:12] local.INFO: Method: getPlayersOnline. Server: 2. Player: 76561199258134981(胖他媽的). Prev online: 4754, Server Online: 6374, Online: 4754. Diff online: 0, All online: 100504, Monday online: 94130, Thursday online: 0  
[2026-03-13 15:20:12] local.INFO: Method: getPlayersOnline. Server: 2. Player: 76561199756724747(Dums#VorpalSwords). Prev online: 5661, Server Online: 11165, Online: 5661. Diff online: 0, All online: 54623, Monday online: 43458, Thursday online: 0  
[2026-03-13 15:20:12] local.INFO: Method: getPlayersOnline. Server: 2. Player: 76561199258528453(bad-f1?). Prev online: 875, Server Online: 656491, Online: 875. Diff online: 0, All online: 844235, Monday online: 120062, Thursday online: 0  
[2026-03-13 15:20:12] local.INFO: Method: getPlayersOnline. Server: 2. Player: 76561199261706104(76561199261706104). Prev online: 2904, Server Online: 331515, Online: 2904. Diff online: 0, All online: 2245842, Monday online: 714881, Thursday online: 0  
[2026-03-13 15:20:12] local.INFO: Method: getPlayersOnline. Server: 2. Player: 76561199197000922(утка). Prev online: 6152, Server Online: 3181, Online: 6152. Diff online: 0, All online: 3181, Monday online: 0, Thursday online: 0  
[2026-03-13 15:20:12] local.INFO: Method: getPlayersOnline. Server: 2. Player: 76561199704747517([OSB] фуфел шмерц). Prev online: 7154, Server Online: 767863, Online: 7154. Diff online: 0, All online: 1268240, Monday online: 500377, Thursday online: 0  
[2026-03-13 15:20:12] local.INFO: Method: getPlayersOnline. Server: 2. Player: 76561198977413624(гуль). Prev online: 3977, Server Online: 2078837, Online: 3977. Diff online: 0, All online: 2926647, Monday online: 831786, Thursday online: 0  
[2026-03-13 15:20:12] local.INFO: Method: getPlayersOnline. Server: 2. Player: 76561198744795404(Аркадий). Prev online: 2845, Server Online: 40924, Online: 2845. Diff online: 0, All online: 40924, Monday online: 0, Thursday online: 0  
[2026-03-13 15:20:13] local.INFO: Method: getPlayersOnline. Server: 2. Player: 76561199488737519(.NB | Kasumi). Prev online: 2605, Server Online: 328374, Online: 2605. Diff online: 0, All online: 549914, Monday online: 45019, Thursday online: 0  
[2026-03-13 15:20:13] local.INFO: Method: getPlayersOnline. Server: 2. Player: 76561198979365995(SPACE TEA). Prev online: 1262, Server Online: 1681, Online: 1262. Diff online: 0, All online: 1681, Monday online: 0, Thursday online: 0  
[2026-03-13 15:20:13] local.INFO: Method: getPlayersOnline. Server: 2. Player: 76561199812537987(Satoru). Prev online: 8380, Server Online: 460959, Online: 8380. Diff online: 0, All online: 913831, Monday online: 452872, Thursday online: 0  
[2026-03-13 15:20:13] local.INFO: Method: getPlayersOnline. Server: 2. Player: 76561199887355862(TimkaRT). Prev online: 5616, Server Online: 10112, Online: 5616. Diff online: 0, All online: 10112, Monday online: 0, Thursday online: 0  
[2026-03-13 15:20:13] local.INFO: Method: getPlayersOnline. Server: 2. Player: 76561198858639494(CL | Yamato). Prev online: 14755, Server Online: 14965, Online: 14755. Diff online: 0, All online: 26715, Monday online: 11750, Thursday online: 0  
[2026-03-13 15:20:13] local.INFO: Method: getPlayersOnline. Server: 2. Player: 76561199486229308(MC  АМБАЛ). Prev online: 1470, Server Online: 732386, Online: 1470. Diff online: 0, All online: 1163149, Monday online: 430763, Thursday online: 0  
[2026-03-13 15:20:13] local.INFO: Method: getPlayersOnline. Server: 2. Player: 76561198845624597(КОТЭЭЭЭ). Prev online: 7729, Server Online: 1009278, Online: 7729. Diff online: 0, All online: 2556117, Monday online: 1508563, Thursday online: 0  
[2026-03-13 15:20:14] local.INFO: Method: getPlayersOnline. Server: 2. Player: 76561199497410738(Ашот). Prev online: 6259, Server Online: 129938, Online: 6259. Diff online: 0, All online: 160178, Monday online: 30240, Thursday online: 0  
[2026-03-13 15:20:14] local.INFO: Method: getPlayersOnline. Server: 2. Player: 76561199217271678(god OK!). Prev online: 2821, Server Online: 775401, Online: 2821. Diff online: 0, All online: 775401, Monday online: 0, Thursday online: 0  
[2026-03-13 15:20:15] local.INFO: Method: getPlayersOnline. Server: 2. Player: 76561199505080070(Pepega). Prev online: 8111, Server Online: 1578737, Online: 8111. Diff online: 0, All online: 2281415, Monday online: 451812, Thursday online: 0  
[2026-03-13 15:20:15] local.INFO: Method: getPlayersOnline. Server: 2. Player: 76561199056309111(Egorski#BloodRust). Prev online: 181, Server Online: 397129, Online: 181. Diff online: 0, All online: 763181, Monday online: 302839, Thursday online: 0  
[2026-03-13 15:20:15] local.INFO: Method: getPlayersOnline. Server: 2. Player: 76561198812079033(swaga vo mne doxuya). Prev online: 1201, Server Online: 720, Online: 1201. Diff online: 0, All online: 3181, Monday online: 2461, Thursday online: 0  
[2026-03-13 15:20:15] local.INFO: Method: getPlayersOnline. Server: 2. Player: 76561198754436395(『Gaw』- D3). Prev online: 4446, Server Online: 64595, Online: 4446. Diff online: 0, All online: 145214, Monday online: 80619, Thursday online: 0  
[2026-03-13 15:20:15] local.INFO: Method: getPlayersOnline. Server: 2. Player: 76561199727554631(писякака). Prev online: 2916, Server Online: 32801, Online: 2916. Diff online: 0, All online: 32801, Monday online: 0, Thursday online: 0  
[2026-03-13 15:20:15] local.INFO: Method: getPlayersOnline. Server: 2. Player: 76561199144698786(AmyRose). Prev online: 2757, Server Online: 19568, Online: 2757. Diff online: 0, All online: 24976, Monday online: 5408, Thursday online: 0  
[2026-03-13 15:20:16] local.INFO: Method: getPlayersOnline. Server: 2. Player: 76561199246146537(【.VEX】| Violetess). Prev online: 2402, Server Online: 310842, Online: 2402. Diff online: 0, All online: 310842, Monday online: 0, Thursday online: 0  
[2026-03-13 15:20:16] local.INFO: Method: getPlayersOnline. Server: 2. Player: 76561199143161029(76561199143161029). Prev online: 718, Server Online: 137815, Online: 718. Diff online: 0, All online: 357336, Monday online: 0, Thursday online: 0  
[2026-03-13 15:20:16] local.INFO: Method: getPlayersOnline. Server: 2. Player: 76561199549922345(bill). Prev online: 487, Server Online: 122742, Online: 487. Diff online: 0, All online: 330176, Monday online: 128442, Thursday online: 0  
[2026-03-13 15:20:16] local.INFO: Method: getPlayersOnline. Server: 3. Player: 76561199821262476(кава бухаетCS2BGD31.RU). Prev online: 662, Server Online: 567710, Online: 662. Diff online: 0, All online: 859259, Monday online: 567710, Thursday online: 0  
[2026-03-13 15:21:00] local.INFO: Method: getPlayersOnline. Start...  
[2026-03-13 15:50:01] local.INFO: Method: getPlayersOnline. Start...  
[2026-03-13 15:50:01] local.INFO: Method: getPlayersOnline. Server: 2. Player: 76561199203821366(Xd). Prev online: 9465, Server Online: 473057, Online: 11324. Diff online: 1859, All online: 913615, Monday online: 399228, Thursday online: 0  
[2026-03-13 15:50:01] local.INFO: Method: getPlayersOnline. Server: 2. Player: 76561199090783915(whxtebutterfly). Prev online: 3015, Server Online: 339555, Online: 4874. Diff online: 1859, All online: 511837, Monday online: 142705, Thursday online: 0  
[2026-03-13 15:50:02] local.INFO: Method: getPlayersOnline. Server: 2. Player: 76561198451931006(Tom). Prev online: 25657, Server Online: 2894307, Online: 27516. Diff online: 1859, All online: 3990628, Monday online: 451948, Thursday online: 0  
[2026-03-13 15:50:02] local.INFO: Method: getPlayersOnline. Server: 2. Player: 76561199369046089(lowtab? shanyy). Prev online: 1743, Server Online: 45920, Online: 3602. Diff online: 1859, All online: 80095, Monday online: 16982, Thursday online: 0  
[2026-03-13 15:50:02] local.INFO: Method: getPlayersOnline. Server: 2. Player: 76561199220024140(гнилая пизда). Prev online: 1098, Server Online: 13457, Online: 2957. Diff online: 1859, All online: 13457, Monday online: 0, Thursday online: 0  
[2026-03-13 15:50:02] local.INFO: Method: getPlayersOnline. Server: 2. Player: 76561199091294625(lagaet na ffa). Prev online: 5351, Server Online: 845594, Online: 7210. Diff online: 1859, All online: 1131337, Monday online: 164273, Thursday online: 0  
[2026-03-13 15:50:02] local.INFO: Method: getPlayersOnline. Server: 2. Player: 76561198271092183(WN & dashylya). Prev online: 1391, Server Online: 26468, Online: 3250. Diff online: 1859, All online: 181298, Monday online: 77428, Thursday online: 0  
[2026-03-13 15:50:02] local.INFO: Method: getPlayersOnline. Server: 2. Player: 76561199258134981(胖他媽的). Prev online: 4754, Server Online: 8233, Online: 6613. Diff online: 1859, All online: 102363, Monday online: 94130, Thursday online: 0  
[2026-03-13 15:50:03] local.INFO: Method: getPlayersOnline. Server: 2. Player: 76561199258528453(bad-f1?). Prev online: 875, Server Online: 658350, Online: 2734. Diff online: 1859, All online: 846094, Monday online: 120062, Thursday online: 0  
[2026-03-13 15:50:03] local.INFO: Method: getPlayersOnline. Server: 2. Player: 76561199261706104(76561199261706104). Prev online: 2904, Server Online: 333374, Online: 4763. Diff online: 1859, All online: 2247701, Monday online: 714881, Thursday online: 0  
[2026-03-13 15:50:03] local.INFO: Method: getPlayersOnline. Server: 2. Player: 76561199220859349(Пожилой Питорс#Bloo). Prev online: 8043, Server Online: 631668, Online: 1799. Diff online: 1859, All online: 1191072, Monday online: 550986, Thursday online: 0  
[2026-03-13 15:50:03] local.INFO: Method: getPlayersOnline. Server: 2. Player: 76561199197000922(утка). Prev online: 6152, Server Online: 5040, Online: 8011. Diff online: 1859, All online: 5040, Monday online: 0, Thursday online: 0  
[2026-03-13 15:50:03] local.INFO: Method: getPlayersOnline. Server: 2. Player: 76561199704747517([OSB] фуфел шмерц). Prev online: 7154, Server Online: 769722, Online: 9013. Diff online: 1859, All online: 1270099, Monday online: 500377, Thursday online: 0  
[2026-03-13 15:50:03] local.INFO: Method: getPlayersOnline. Server: 2. Player: 76561198744795404(Аркадий). Prev online: 2845, Server Online: 42782, Online: 4703. Diff online: 1858, All online: 42782, Monday online: 0, Thursday online: 0  
[2026-03-13 15:50:04] local.INFO: Method: getPlayersOnline. Server: 2. Player: 76561199488737519(.NB | Kasumi). Prev online: 2605, Server Online: 330233, Online: 4464. Diff online: 1859, All online: 551773, Monday online: 45019, Thursday online: 0  
[2026-03-13 15:50:04] local.INFO: Method: getPlayersOnline. Server: 2. Player: 76561198979365995(SPACE TEA). Prev online: 1262, Server Online: 3540, Online: 3121. Diff online: 1859, All online: 3540, Monday online: 0, Thursday online: 0  
[2026-03-13 15:50:04] local.INFO: Method: getPlayersOnline. Server: 2. Player: 76561199812537987(Satoru). Prev online: 8380, Server Online: 462818, Online: 10239. Diff online: 1859, All online: 915690, Monday online: 452872, Thursday online: 0  
[2026-03-13 15:50:04] local.INFO: Method: getPlayersOnline. Server: 2. Player: 76561199486229308(MC  АМБАЛ). Prev online: 1470, Server Online: 734245, Online: 3329. Diff online: 1859, All online: 1165008, Monday online: 430763, Thursday online: 0  
[2026-03-13 15:50:05] local.INFO: Method: getPlayersOnline. Server: 2. Player: 76561198845624597(КОТЭЭЭЭ). Prev online: 7729, Server Online: 1011136, Online: 9587. Diff online: 1858, All online: 2557975, Monday online: 1508563, Thursday online: 0  
[2026-03-13 15:50:05] local.INFO: Method: getPlayersOnline. Server: 2. Player: 76561199497410738(Ашот). Prev online: 6259, Server Online: 131797, Online: 8118. Diff online: 1859, All online: 162037, Monday online: 30240, Thursday online: 0  
[2026-03-13 15:50:05] local.INFO: Method: getPlayersOnline. Server: 2. Player: 76561199217271678(god OK!). Prev online: 2821, Server Online: 777260, Online: 4680. Diff online: 1859, All online: 777260, Monday online: 0, Thursday online: 0  
[2026-03-13 15:50:06] local.INFO: Method: getPlayersOnline. Server: 2. Player: 76561198106622348(｜ββ｜ ｶMaNｲ). Prev online: 121, Server Online: 401976, Online: 1308. Diff online: 1187, All online: 1141888, Monday online: 739912, Thursday online: 0  
[2026-03-13 15:50:06] local.INFO: Method: getPlayersOnline. Server: 2. Player: 76561199780358979(алкашик). Prev online: 1795, Server Online: 5635, Online: 787. Diff online: 1187, All online: 5635, Monday online: 0, Thursday online: 0  
[2026-03-13 15:50:06] local.INFO: Method: getPlayersOnline. Server: 2. Player: 76561198754436395(『Gaw』- D3). Prev online: 4446, Server Online: 66454, Online: 6305. Diff online: 1859, All online: 147073, Monday online: 80619, Thursday online: 0  
[2026-03-13 15:50:06] local.INFO: Method: getPlayersOnline. Server: 2. Player: 76561199727554631(писякака). Prev online: 2916, Server Online: 34660, Online: 4775. Diff online: 1859, All online: 34660, Monday online: 0, Thursday online: 0  
[2026-03-13 15:50:06] local.INFO: Method: getPlayersOnline. Server: 2. Player: 76561199251293554(Romana_Banana #RBN). Prev online: 7967, Server Online: 647636, Online: 1892. Diff online: 1859, All online: 1531580, Monday online: 883944, Thursday online: 0  
[2026-03-13 15:50:07] local.INFO: Method: getPlayersOnline. Server: 2. Player: 76561199144698786(AmyRose). Prev online: 2757, Server Online: 21426, Online: 4615. Diff online: 1858, All online: 26834, Monday online: 5408, Thursday online: 0  
[2026-03-13 15:50:07] local.INFO: Method: getPlayersOnline. Server: 2. Player: 76561199143161029(76561199143161029). Prev online: 718, Server Online: 139674, Online: 2577. Diff online: 1859, All online: 359195, Monday online: 0, Thursday online: 0  
[2026-03-13 15:50:07] local.INFO: Method: getPlayersOnline. Server: 2. Player: 76561199549922345(bill). Prev online: 487, Server Online: 124601, Online: 2346. Diff online: 1859, All online: 332035, Monday online: 128442, Thursday online: 0  
[2026-03-13 15:50:07] local.INFO: Method: getPlayersOnline. Server: 2. Player: 76561199756724747(Dums#VorpalSwords). Prev online: 5661, Server Online: 12002, Online: 837. Diff online: 1859, All online: 55460, Monday online: 43458, Thursday online: 0  
[2026-03-13 15:50:07] local.INFO: Method: getPlayersOnline. Server: 2. Player: 76561199384043457([CzF] Glitersha). Prev online: 4721, Server Online: 308860, Online: 1058. Diff online: 1859, All online: 530381, Monday online: 213721, Thursday online: 0  
[2026-03-13 15:50:08] local.INFO: Method: getPlayersOnline. Server: 3. Player: 76561199821262476(кава бухаетCS2BGD31.RU). Prev online: 662, Server Online: 569567, Online: 2519. Diff online: 1857, All online: 861116, Monday online: 569567, Thursday online: 0  
[2026-03-13 15:51:01] local.INFO: Method: getPlayersOnline. Start...  
[2026-03-13 15:51:02] local.INFO: Method: getPlayersOnline. Server: 2. Player: 76561199203821366(Xd). Prev online: 11324, Server Online: 473117, Online: 11384. Diff online: 60, All online: 913675, Monday online: 399228, Thursday online: 0  
[2026-03-13 15:51:02] local.INFO: Method: getPlayersOnline. Server: 2. Player: 76561199090783915(whxtebutterfly). Prev online: 4874, Server Online: 339615, Online: 4934. Diff online: 60, All online: 511897, Monday online: 142705, Thursday online: 0  
[2026-03-13 15:51:02] local.INFO: Method: getPlayersOnline. Server: 2. Player: 76561198451931006(Tom). Prev online: 27516, Server Online: 2894367, Online: 27576. Diff online: 60, All online: 3990688, Monday online: 451948, Thursday online: 0  
[2026-03-13 15:51:02] local.INFO: Method: getPlayersOnline. Server: 2. Player: 76561199369046089(lowtab? shanyy). Prev online: 3602, Server Online: 45980, Online: 3662. Diff online: 60, All online: 80155, Monday online: 16982, Thursday online: 0  
[2026-03-13 15:51:02] local.INFO: Method: getPlayersOnline. Server: 2. Player: 76561199220024140(гнилая пизда). Prev online: 2957, Server Online: 13517, Online: 3017. Diff online: 60, All online: 13517, Monday online: 0, Thursday online: 0  
[2026-03-13 15:51:02] local.INFO: Method: getPlayersOnline. Server: 2. Player: 76561199091294625(lagaet na ffa). Prev online: 7210, Server Online: 845654, Online: 7270. Diff online: 60, All online: 1131397, Monday online: 164273, Thursday online: 0  
[2026-03-13 15:51:03] local.INFO: Method: getPlayersOnline. Server: 2. Player: 76561198271092183(WN & dashylya). Prev online: 3250, Server Online: 26528, Online: 3310. Diff online: 60, All online: 181358, Monday online: 77428, Thursday online: 0  
[2026-03-13 15:51:03] local.INFO: Method: getPlayersOnline. Server: 2. Player: 76561199258134981(胖他媽的). Prev online: 6613, Server Online: 8293, Online: 6673. Diff online: 60, All online: 102423, Monday online: 94130, Thursday online: 0  
[2026-03-13 15:51:03] local.INFO: Method: getPlayersOnline. Server: 2. Player: 76561199258528453(bad-f1?). Prev online: 2734, Server Online: 658410, Online: 2794. Diff online: 60, All online: 846154, Monday online: 120062, Thursday online: 0  
[2026-03-13 15:51:03] local.INFO: Method: getPlayersOnline. Server: 2. Player: 76561199261706104(76561199261706104). Prev online: 4763, Server Online: 333434, Online: 4823. Diff online: 60, All online: 2247761, Monday online: 714881, Thursday online: 0  
[2026-03-13 15:51:04] local.INFO: Method: getPlayersOnline. Server: 2. Player: 76561199220859349(Пожилой Питорс#Bloo). Prev online: 1799, Server Online: 631728, Online: 1859. Diff online: 60, All online: 1191132, Monday online: 550986, Thursday online: 0  
[2026-03-13 15:51:04] local.INFO: Method: getPlayersOnline. Server: 2. Player: 76561199197000922(утка). Prev online: 8011, Server Online: 5100, Online: 8071. Diff online: 60, All online: 5100, Monday online: 0, Thursday online: 0  
[2026-03-13 15:51:04] local.INFO: Method: getPlayersOnline. Server: 2. Player: 76561199704747517([OSB] фуфел шмерц). Prev online: 9013, Server Online: 769782, Online: 9073. Diff online: 60, All online: 1270159, Monday online: 500377, Thursday online: 0  
[2026-03-13 15:51:04] local.INFO: Method: getPlayersOnline. Server: 2. Player: 76561198744795404(Аркадий). Prev online: 4703, Server Online: 42843, Online: 4764. Diff online: 61, All online: 42843, Monday online: 0, Thursday online: 0  
[2026-03-13 15:51:04] local.INFO: Method: getPlayersOnline. Server: 2. Player: 76561199488737519(.NB | Kasumi). Prev online: 4464, Server Online: 330293, Online: 4524. Diff online: 60, All online: 551833, Monday online: 45019, Thursday online: 0  
[2026-03-13 15:51:04] local.INFO: Method: getPlayersOnline. Server: 2. Player: 76561198979365995(SPACE TEA). Prev online: 3121, Server Online: 3600, Online: 3181. Diff online: 60, All online: 3600, Monday online: 0, Thursday online: 0  
[2026-03-13 15:51:04] local.INFO: Method: getPlayersOnline. Server: 2. Player: 76561199812537987(Satoru). Prev online: 10239, Server Online: 462878, Online: 10299. Diff online: 60, All online: 915750, Monday online: 452872, Thursday online: 0  
[2026-03-13 15:51:05] local.INFO: Method: getPlayersOnline. Server: 2. Player: 76561199486229308(MC  АМБАЛ). Prev online: 3329, Server Online: 734305, Online: 3389. Diff online: 60, All online: 1165068, Monday online: 430763, Thursday online: 0  
[2026-03-13 15:51:05] local.INFO: Method: getPlayersOnline. Server: 2. Player: 76561198845624597(КОТЭЭЭЭ). Prev online: 9587, Server Online: 1011197, Online: 9648. Diff online: 61, All online: 2558036, Monday online: 1508563, Thursday online: 0  
[2026-03-13 15:51:05] local.INFO: Method: getPlayersOnline. Server: 2. Player: 76561199497410738(Ашот). Prev online: 8118, Server Online: 131857, Online: 8178. Diff online: 60, All online: 162097, Monday online: 30240, Thursday online: 0  
[2026-03-13 15:51:06] local.INFO: Method: getPlayersOnline. Server: 2. Player: 76561199217271678(god OK!). Prev online: 4680, Server Online: 777320, Online: 4740. Diff online: 60, All online: 777320, Monday online: 0, Thursday online: 0  
[2026-03-13 15:51:06] local.INFO: Method: getPlayersOnline. Server: 2. Player: 76561198106622348(｜ββ｜ ｶMaNｲ). Prev online: 1308, Server Online: 402036, Online: 1368. Diff online: 60, All online: 1141948, Monday online: 739912, Thursday online: 0  
[2026-03-13 15:51:06] local.INFO: Method: getPlayersOnline. Server: 2. Player: 76561199780358979(алкашик). Prev online: 787, Server Online: 5695, Online: 847. Diff online: 60, All online: 5695, Monday online: 0, Thursday online: 0  
[2026-03-13 15:51:07] local.INFO: Method: getPlayersOnline. Server: 2. Player: 76561198754436395(『Gaw』- D3). Prev online: 6305, Server Online: 66514, Online: 6365. Diff online: 60, All online: 147133, Monday online: 80619, Thursday online: 0  
[2026-03-13 15:51:07] local.INFO: Method: getPlayersOnline. Server: 2. Player: 76561199727554631(писякака). Prev online: 4775, Server Online: 34720, Online: 4835. Diff online: 60, All online: 34720, Monday online: 0, Thursday online: 0  
[2026-03-13 15:51:07] local.INFO: Method: getPlayersOnline. Server: 2. Player: 76561199251293554(Romana_Banana #RBN). Prev online: 1892, Server Online: 647697, Online: 1953. Diff online: 61, All online: 1531641, Monday online: 883944, Thursday online: 0  
[2026-03-13 15:51:07] local.INFO: Method: getPlayersOnline. Server: 2. Player: 76561199144698786(AmyRose). Prev online: 4615, Server Online: 21487, Online: 4676. Diff online: 61, All online: 26895, Monday online: 5408, Thursday online: 0  
[2026-03-13 15:51:07] local.INFO: Method: getPlayersOnline. Server: 2. Player: 76561199143161029(76561199143161029). Prev online: 2577, Server Online: 139734, Online: 2637. Diff online: 60, All online: 359255, Monday online: 0, Thursday online: 0  
[2026-03-13 15:51:07] local.INFO: Method: getPlayersOnline. Server: 2. Player: 76561199549922345(bill). Prev online: 2346, Server Online: 124661, Online: 2406. Diff online: 60, All online: 332095, Monday online: 128442, Thursday online: 0  
[2026-03-13 15:51:08] local.INFO: Method: getPlayersOnline. Server: 2. Player: 76561199756724747(Dums#VorpalSwords). Prev online: 837, Server Online: 12062, Online: 897. Diff online: 60, All online: 55520, Monday online: 43458, Thursday online: 0  
[2026-03-13 15:51:08] local.INFO: Method: getPlayersOnline. Server: 2. Player: 76561199384043457([CzF] Glitersha). Prev online: 1058, Server Online: 308920, Online: 1118. Diff online: 60, All online: 530441, Monday online: 213721, Thursday online: 0  
[2026-03-13 15:51:09] local.INFO: Method: getPlayersOnline. Server: 3. Player: 76561199821262476(кава бухаетCS2BGD31.RU). Prev online: 2519, Server Online: 569628, Online: 2580. Diff online: 61, All online: 861177, Monday online: 569628, Thursday online: 0  
[2026-03-13 15:52:04] local.INFO: Method: getPlayersOnline. Start...  
[2026-03-13 15:52:04] local.INFO: Method: getPlayersOnline. Server: 2. Player: 76561199743727010(werdix #ultimaterust). Prev online: 6745, Server Online: 3516, Online: 336. Diff online: 336, All online: 62739, Monday online: 59223, Thursday online: 0  
[2026-03-13 15:52:04] local.INFO: Method: getPlayersOnline. Server: 2. Player: 76561199203821366(Xd). Prev online: 11384, Server Online: 473178, Online: 11445. Diff online: 61, All online: 913736, Monday online: 399228, Thursday online: 0  
[2026-03-13 15:52:04] local.INFO: Method: getPlayersOnline. Server: 2. Player: 76561199090783915(whxtebutterfly). Prev online: 4934, Server Online: 339677, Online: 4996. Diff online: 62, All online: 511959, Monday online: 142705, Thursday online: 0  
[2026-03-13 15:52:05] local.INFO: Method: getPlayersOnline. Server: 2. Player: 76561198451931006(Tom). Prev online: 27576, Server Online: 2894428, Online: 27637. Diff online: 61, All online: 3990749, Monday online: 451948, Thursday online: 0  
[2026-03-13 15:52:05] local.INFO: Method: getPlayersOnline. Server: 2. Player: 76561199369046089(lowtab? shanyy). Prev online: 3662, Server Online: 46041, Online: 3723. Diff online: 61, All online: 80216, Monday online: 16982, Thursday online: 0  
[2026-03-13 15:52:05] local.INFO: Method: getPlayersOnline. Server: 2. Player: 76561199220024140(гнилая пизда). Prev online: 3017, Server Online: 13579, Online: 3079. Diff online: 62, All online: 13579, Monday online: 0, Thursday online: 0  
[2026-03-13 15:52:05] local.INFO: Method: getPlayersOnline. Server: 2. Player: 76561199091294625(lagaet na ffa). Prev online: 7270, Server Online: 845715, Online: 7331. Diff online: 61, All online: 1131458, Monday online: 164273, Thursday online: 0  
[2026-03-13 15:52:05] local.INFO: Method: getPlayersOnline. Server: 2. Player: 76561198271092183(WN & dashylya). Prev online: 3310, Server Online: 26589, Online: 3371. Diff online: 61, All online: 181419, Monday online: 77428, Thursday online: 0  
[2026-03-13 15:52:05] local.INFO: Method: getPlayersOnline. Server: 2. Player: 76561199258134981(胖他媽的). Prev online: 6673, Server Online: 8354, Online: 6734. Diff online: 61, All online: 102484, Monday online: 94130, Thursday online: 0  
[2026-03-13 15:52:06] local.INFO: Method: getPlayersOnline. Server: 2. Player: 76561199258528453(bad-f1?). Prev online: 2794, Server Online: 658472, Online: 2856. Diff online: 62, All online: 846216, Monday online: 120062, Thursday online: 0  
[2026-03-13 15:52:06] local.INFO: Method: getPlayersOnline. Server: 2. Player: 76561199261706104(76561199261706104). Prev online: 4823, Server Online: 333495, Online: 4884. Diff online: 61, All online: 2247822, Monday online: 714881, Thursday online: 0  
[2026-03-13 15:52:06] local.INFO: Method: getPlayersOnline. Server: 2. Player: 76561199220859349(Пожилой Питорс#Bloo). Prev online: 1859, Server Online: 631789, Online: 1920. Diff online: 61, All online: 1191193, Monday online: 550986, Thursday online: 0  
[2026-03-13 15:52:06] local.INFO: Method: getPlayersOnline. Server: 2. Player: 76561199197000922(утка). Prev online: 8071, Server Online: 5161, Online: 8132. Diff online: 61, All online: 5161, Monday online: 0, Thursday online: 0  
[2026-03-13 15:52:06] local.INFO: Method: getPlayersOnline. Server: 2. Player: 76561199704747517([OSB] фуфел шмерц). Prev online: 9073, Server Online: 769843, Online: 9134. Diff online: 61, All online: 1270220, Monday online: 500377, Thursday online: 0  
[2026-03-13 15:52:06] local.INFO: Method: getPlayersOnline. Server: 2. Player: 76561198744795404(Аркадий). Prev online: 4764, Server Online: 42904, Online: 4825. Diff online: 61, All online: 42904, Monday online: 0, Thursday online: 0  
[2026-03-13 15:52:07] local.INFO: Method: getPlayersOnline. Server: 2. Player: 76561199488737519(.NB | Kasumi). Prev online: 4524, Server Online: 330355, Online: 4586. Diff online: 62, All online: 551895, Monday online: 45019, Thursday online: 0  
[2026-03-13 15:52:07] local.INFO: Method: getPlayersOnline. Server: 2. Player: 76561198979365995(SPACE TEA). Prev online: 3181, Server Online: 3661, Online: 3242. Diff online: 61, All online: 3661, Monday online: 0, Thursday online: 0  
[2026-03-13 15:52:07] local.INFO: Method: getPlayersOnline. Server: 2. Player: 76561199812537987(Satoru). Prev online: 10299, Server Online: 462939, Online: 10360. Diff online: 61, All online: 915811, Monday online: 452872, Thursday online: 0  
[2026-03-13 15:52:07] local.INFO: Method: getPlayersOnline. Server: 2. Player: 76561199486229308(MC  АМБАЛ). Prev online: 3389, Server Online: 734366, Online: 3450. Diff online: 61, All online: 1165129, Monday online: 430763, Thursday online: 0  
[2026-03-13 15:52:07] local.INFO: Method: getPlayersOnline. Server: 2. Player: 76561198845624597(КОТЭЭЭЭ). Prev online: 9648, Server Online: 1011258, Online: 9709. Diff online: 61, All online: 2558097, Monday online: 1508563, Thursday online: 0  
[2026-03-13 15:52:08] local.INFO: Method: getPlayersOnline. Server: 2. Player: 76561199497410738(Ашот). Prev online: 8178, Server Online: 131918, Online: 8239. Diff online: 61, All online: 162158, Monday online: 30240, Thursday online: 0  
[2026-03-13 15:52:08] local.INFO: Method: getPlayersOnline. Server: 2. Player: 76561199217271678(god OK!). Prev online: 4740, Server Online: 777381, Online: 4801. Diff online: 61, All online: 777381, Monday online: 0, Thursday online: 0  
[2026-03-13 15:52:09] local.INFO: Method: getPlayersOnline. Server: 2. Player: 76561198106622348(｜ββ｜ ｶMaNｲ). Prev online: 1368, Server Online: 402098, Online: 1430. Diff online: 62, All online: 1142010, Monday online: 739912, Thursday online: 0  
[2026-03-13 15:52:09] local.INFO: Method: getPlayersOnline. Server: 2. Player: 76561199780358979(алкашик). Prev online: 847, Server Online: 5756, Online: 908. Diff online: 61, All online: 5756, Monday online: 0, Thursday online: 0  
[2026-03-13 15:52:10] local.INFO: Method: getPlayersOnline. Server: 2. Player: 76561198754436395(『Gaw』- D3). Prev online: 6365, Server Online: 66575, Online: 6426. Diff online: 61, All online: 147194, Monday online: 80619, Thursday online: 0  
[2026-03-13 15:52:10] local.INFO: Method: getPlayersOnline. Server: 2. Player: 76561199727554631(писякака). Prev online: 4835, Server Online: 34781, Online: 4896. Diff online: 61, All online: 34781, Monday online: 0, Thursday online: 0  
[2026-03-13 15:52:10] local.INFO: Method: getPlayersOnline. Server: 2. Player: 76561199251293554(Romana_Banana #RBN). Prev online: 1953, Server Online: 647758, Online: 2014. Diff online: 61, All online: 1531702, Monday online: 883944, Thursday online: 0  
[2026-03-13 15:52:10] local.INFO: Method: getPlayersOnline. Server: 2. Player: 76561199144698786(AmyRose). Prev online: 4676, Server Online: 21548, Online: 4737. Diff online: 61, All online: 26956, Monday online: 5408, Thursday online: 0  
[2026-03-13 15:52:10] local.INFO: Method: getPlayersOnline. Server: 2. Player: 76561199143161029(76561199143161029). Prev online: 2637, Server Online: 139795, Online: 2698. Diff online: 61, All online: 359316, Monday online: 0, Thursday online: 0  
[2026-03-13 15:52:10] local.INFO: Method: getPlayersOnline. Server: 2. Player: 76561199549922345(bill). Prev online: 2406, Server Online: 124722, Online: 2467. Diff online: 61, All online: 332156, Monday online: 128442, Thursday online: 0  
[2026-03-13 15:52:10] local.INFO: Method: getPlayersOnline. Server: 2. Player: 76561199756724747(Dums#VorpalSwords). Prev online: 897, Server Online: 12123, Online: 958. Diff online: 61, All online: 55581, Monday online: 43458, Thursday online: 0  
[2026-03-13 15:52:11] local.INFO: Method: getPlayersOnline. Server: 2. Player: 76561199384043457([CzF] Glitersha). Prev online: 1118, Server Online: 308981, Online: 1179. Diff online: 61, All online: 530502, Monday online: 213721, Thursday online: 0  
[2026-03-13 15:52:11] local.INFO: Method: getPlayersOnline. Server: 2. Player: 76561198858639494(CL | Yamato). Prev online: 14755, Server Online: 15299, Online: 334. Diff online: 61, All online: 27049, Monday online: 11750, Thursday online: 0  
[2026-03-13 15:52:11] local.INFO: Method: getPlayersOnline. Server: 3. Player: 76561199821262476(кава бухаетCS2BGD31.RU). Prev online: 2580, Server Online: 569690, Online: 2642. Diff online: 62, All online: 861239, Monday online: 569690, Thursday online: 0  
[2026-03-13 15:53:03] local.INFO: Method: getPlayersOnline. Start...  
[2026-03-13 15:53:04] local.INFO: Method: getPlayersOnline. Server: 2. Player: 76561199743727010(werdix #ultimaterust). Prev online: 336, Server Online: 3576, Online: 396. Diff online: 60, All online: 62799, Monday online: 59223, Thursday online: 0  
[2026-03-13 15:53:04] local.INFO: Method: getPlayersOnline. Server: 2. Player: 76561199203821366(Xd). Prev online: 11445, Server Online: 473238, Online: 11505. Diff online: 60, All online: 913796, Monday online: 399228, Thursday online: 0  
[2026-03-13 15:53:04] local.INFO: Method: getPlayersOnline. Server: 2. Player: 76561199090783915(whxtebutterfly). Prev online: 4996, Server Online: 339736, Online: 5055. Diff online: 59, All online: 512018, Monday online: 142705, Thursday online: 0  
[2026-03-13 15:53:04] local.INFO: Method: getPlayersOnline. Server: 2. Player: 76561198451931006(Tom). Prev online: 27637, Server Online: 2894488, Online: 27697. Diff online: 60, All online: 3990809, Monday online: 451948, Thursday online: 0  
[2026-03-13 15:53:05] local.INFO: Method: getPlayersOnline. Server: 2. Player: 76561199369046089(lowtab? shanyy). Prev online: 3723, Server Online: 46101, Online: 3783. Diff online: 60, All online: 80276, Monday online: 16982, Thursday online: 0  
[2026-03-13 15:53:05] local.INFO: Method: getPlayersOnline. Server: 2. Player: 76561199220024140(гнилая пизда). Prev online: 3079, Server Online: 13638, Online: 3138. Diff online: 59, All online: 13638, Monday online: 0, Thursday online: 0  
[2026-03-13 15:53:05] local.INFO: Method: getPlayersOnline. Server: 2. Player: 76561199091294625(lagaet na ffa). Prev online: 7331, Server Online: 845775, Online: 7391. Diff online: 60, All online: 1131518, Monday online: 164273, Thursday online: 0  
[2026-03-13 15:53:05] local.INFO: Method: getPlayersOnline. Server: 2. Player: 76561198271092183(WN & dashylya). Prev online: 3371, Server Online: 26649, Online: 3431. Diff online: 60, All online: 181479, Monday online: 77428, Thursday online: 0  
[2026-03-13 15:53:05] local.INFO: Method: getPlayersOnline. Server: 2. Player: 76561199258134981(胖他媽的). Prev online: 6734, Server Online: 8414, Online: 6794. Diff online: 60, All online: 102544, Monday online: 94130, Thursday online: 0  
[2026-03-13 15:53:05] local.INFO: Method: getPlayersOnline. Server: 2. Player: 76561199258528453(bad-f1?). Prev online: 2856, Server Online: 658531, Online: 2915. Diff online: 59, All online: 846275, Monday online: 120062, Thursday online: 0  
[2026-03-13 15:53:05] local.INFO: Method: getPlayersOnline. Server: 2. Player: 76561199261706104(76561199261706104). Prev online: 4884, Server Online: 333555, Online: 4944. Diff online: 60, All online: 2247882, Monday online: 714881, Thursday online: 0  
[2026-03-13 15:53:06] local.INFO: Method: getPlayersOnline. Server: 2. Player: 76561199220859349(Пожилой Питорс#Bloo). Prev online: 1920, Server Online: 631849, Online: 1980. Diff online: 60, All online: 1191253, Monday online: 550986, Thursday online: 0  
[2026-03-13 15:53:06] local.INFO: Method: getPlayersOnline. Server: 2. Player: 76561199197000922(утка). Prev online: 8132, Server Online: 5221, Online: 8192. Diff online: 60, All online: 5221, Monday online: 0, Thursday online: 0  
[2026-03-13 15:53:06] local.INFO: Method: getPlayersOnline. Server: 2. Player: 76561199704747517([OSB] фуфел шмерц). Prev online: 9134, Server Online: 769903, Online: 9194. Diff online: 60, All online: 1270280, Monday online: 500377, Thursday online: 0  
[2026-03-13 15:53:06] local.INFO: Method: getPlayersOnline. Server: 2. Player: 76561198744795404(Аркадий). Prev online: 4825, Server Online: 42964, Online: 4885. Diff online: 60, All online: 42964, Monday online: 0, Thursday online: 0  
[2026-03-13 15:53:06] local.INFO: Method: getPlayersOnline. Server: 2. Player: 76561199488737519(.NB | Kasumi). Prev online: 4586, Server Online: 330414, Online: 4645. Diff online: 59, All online: 551954, Monday online: 45019, Thursday online: 0  
[2026-03-13 15:53:06] local.INFO: Method: getPlayersOnline. Server: 2. Player: 76561198979365995(SPACE TEA). Prev online: 3242, Server Online: 3721, Online: 3302. Diff online: 60, All online: 3721, Monday online: 0, Thursday online: 0  
[2026-03-13 15:53:06] local.INFO: Method: getPlayersOnline. Server: 2. Player: 76561199812537987(Satoru). Prev online: 10360, Server Online: 462999, Online: 10420. Diff online: 60, All online: 915871, Monday online: 452872, Thursday online: 0  
[2026-03-13 15:53:07] local.INFO: Method: getPlayersOnline. Server: 2. Player: 76561199486229308(MC  АМБАЛ). Prev online: 3450, Server Online: 734426, Online: 3510. Diff online: 60, All online: 1165189, Monday online: 430763, Thursday online: 0  
[2026-03-13 15:53:07] local.INFO: Method: getPlayersOnline. Server: 2. Player: 76561198845624597(КОТЭЭЭЭ). Prev online: 9709, Server Online: 1011318, Online: 9769. Diff online: 60, All online: 2558157, Monday online: 1508563, Thursday online: 0  
[2026-03-13 15:53:08] local.INFO: Method: getPlayersOnline. Server: 2. Player: 76561199497410738(Ашот). Prev online: 8239, Server Online: 131978, Online: 8299. Diff online: 60, All online: 162218, Monday online: 30240, Thursday online: 0  
[2026-03-13 15:53:08] local.INFO: Method: getPlayersOnline. Server: 2. Player: 76561199217271678(god OK!). Prev online: 4801, Server Online: 777441, Online: 4861. Diff online: 60, All online: 777441, Monday online: 0, Thursday online: 0  
[2026-03-13 15:53:08] local.INFO: Method: getPlayersOnline. Server: 2. Player: 76561198106622348(｜ββ｜ ｶMaNｲ). Prev online: 1430, Server Online: 402157, Online: 1489. Diff online: 59, All online: 1142069, Monday online: 739912, Thursday online: 0  
[2026-03-13 15:53:08] local.INFO: Method: getPlayersOnline. Server: 2. Player: 76561199780358979(алкашик). Prev online: 908, Server Online: 5816, Online: 968. Diff online: 60, All online: 5816, Monday online: 0, Thursday online: 0  
[2026-03-13 15:53:09] local.INFO: Method: getPlayersOnline. Server: 2. Player: 76561198754436395(『Gaw』- D3). Prev online: 6426, Server Online: 66635, Online: 6486. Diff online: 60, All online: 147254, Monday online: 80619, Thursday online: 0  
[2026-03-13 15:53:09] local.INFO: Method: getPlayersOnline. Server: 2. Player: 76561199727554631(писякака). Prev online: 4896, Server Online: 34841, Online: 4956. Diff online: 60, All online: 34841, Monday online: 0, Thursday online: 0  
[2026-03-13 15:53:09] local.INFO: Method: getPlayersOnline. Server: 2. Player: 76561199251293554(Romana_Banana #RBN). Prev online: 2014, Server Online: 647818, Online: 2074. Diff online: 60, All online: 1531762, Monday online: 883944, Thursday online: 0  
[2026-03-13 15:53:09] local.INFO: Method: getPlayersOnline. Server: 2. Player: 76561199144698786(AmyRose). Prev online: 4737, Server Online: 21608, Online: 4797. Diff online: 60, All online: 27016, Monday online: 5408, Thursday online: 0  
[2026-03-13 15:53:09] local.INFO: Method: getPlayersOnline. Server: 2. Player: 76561199143161029(76561199143161029). Prev online: 2698, Server Online: 139855, Online: 2758. Diff online: 60, All online: 359376, Monday online: 0, Thursday online: 0  
[2026-03-13 15:53:09] local.INFO: Method: getPlayersOnline. Server: 2. Player: 76561199549922345(bill). Prev online: 2467, Server Online: 124782, Online: 2527. Diff online: 60, All online: 332216, Monday online: 128442, Thursday online: 0  
[2026-03-13 15:53:10] local.INFO: Method: getPlayersOnline. Server: 2. Player: 76561199756724747(Dums#VorpalSwords). Prev online: 958, Server Online: 12183, Online: 1018. Diff online: 60, All online: 55641, Monday online: 43458, Thursday online: 0  
[2026-03-13 15:53:10] local.INFO: Method: getPlayersOnline. Server: 2. Player: 76561199384043457([CzF] Glitersha). Prev online: 1179, Server Online: 309041, Online: 1239. Diff online: 60, All online: 530562, Monday online: 213721, Thursday online: 0  
[2026-03-13 15:53:10] local.INFO: Method: getPlayersOnline. Server: 2. Player: 76561198858639494(CL | Yamato). Prev online: 334, Server Online: 15358, Online: 393. Diff online: 59, All online: 27108, Monday online: 11750, Thursday online: 0  
[2026-03-13 15:53:10] local.INFO: Method: getPlayersOnline. Server: 3. Player: 76561199821262476(кава бухаетCS2BGD31.RU). Prev online: 2642, Server Online: 569750, Online: 2702. Diff online: 60, All online: 861299, Monday online: 569750, Thursday online: 0  
[2026-03-13 15:54:06] local.INFO: Method: getPlayersOnline. Start...  
[2026-03-13 15:54:06] local.INFO: Method: getPlayersOnline. Server: 2. Player: 76561199743727010(werdix #ultimaterust). Prev online: 396, Server Online: 3637, Online: 457. Diff online: 61, All online: 62860, Monday online: 59223, Thursday online: 0  
[2026-03-13 15:54:06] local.INFO: Method: getPlayersOnline. Server: 2. Player: 76561199203821366(Xd). Prev online: 11505, Server Online: 473299, Online: 11566. Diff online: 61, All online: 913857, Monday online: 399228, Thursday online: 0  
[2026-03-13 15:54:06] local.INFO: Method: getPlayersOnline. Server: 2. Player: 76561199090783915(whxtebutterfly). Prev online: 5055, Server Online: 339797, Online: 5116. Diff online: 61, All online: 512079, Monday online: 142705, Thursday online: 0  
[2026-03-13 15:54:07] local.INFO: Method: getPlayersOnline. Server: 2. Player: 76561198451931006(Tom). Prev online: 27697, Server Online: 2894549, Online: 27758. Diff online: 61, All online: 3990870, Monday online: 451948, Thursday online: 0  
[2026-03-13 15:54:07] local.INFO: Method: getPlayersOnline. Server: 2. Player: 76561199369046089(lowtab? shanyy). Prev online: 3783, Server Online: 46161, Online: 3843. Diff online: 60, All online: 80336, Monday online: 16982, Thursday online: 0  
[2026-03-13 15:54:07] local.INFO: Method: getPlayersOnline. Server: 2. Player: 76561199220024140(гнилая пизда). Prev online: 3138, Server Online: 13699, Online: 3199. Diff online: 61, All online: 13699, Monday online: 0, Thursday online: 0  
[2026-03-13 15:54:07] local.INFO: Method: getPlayersOnline. Server: 2. Player: 76561199091294625(lagaet na ffa). Prev online: 7391, Server Online: 845836, Online: 7452. Diff online: 61, All online: 1131579, Monday online: 164273, Thursday online: 0  
[2026-03-13 15:54:07] local.INFO: Method: getPlayersOnline. Server: 2. Player: 76561198271092183(WN & dashylya). Prev online: 3431, Server Online: 26710, Online: 3492. Diff online: 61, All online: 181540, Monday online: 77428, Thursday online: 0  
[2026-03-13 15:54:08] local.INFO: Method: getPlayersOnline. Server: 2. Player: 76561199258134981(胖他媽的). Prev online: 6794, Server Online: 8475, Online: 6855. Diff online: 61, All online: 102605, Monday online: 94130, Thursday online: 0  
[2026-03-13 15:54:08] local.INFO: Method: getPlayersOnline. Server: 2. Player: 76561199258528453(bad-f1?). Prev online: 2915, Server Online: 658592, Online: 2976. Diff online: 61, All online: 846336, Monday online: 120062, Thursday online: 0  
[2026-03-13 15:54:08] local.INFO: Method: getPlayersOnline. Server: 2. Player: 76561199261706104(76561199261706104). Prev online: 4944, Server Online: 333616, Online: 5005. Diff online: 61, All online: 2247943, Monday online: 714881, Thursday online: 0  
[2026-03-13 15:54:09] local.INFO: Method: getPlayersOnline. Server: 2. Player: 76561199220859349(Пожилой Питорс#Bloo). Prev online: 1980, Server Online: 631910, Online: 2041. Diff online: 61, All online: 1191314, Monday online: 550986, Thursday online: 0  
[2026-03-13 15:54:09] local.INFO: Method: getPlayersOnline. Server: 2. Player: 76561199197000922(утка). Prev online: 8192, Server Online: 5282, Online: 8253. Diff online: 61, All online: 5282, Monday online: 0, Thursday online: 0  
[2026-03-13 15:54:09] local.INFO: Method: getPlayersOnline. Server: 2. Player: 76561199704747517([OSB] фуфел шмерц). Prev online: 9194, Server Online: 769964, Online: 9255. Diff online: 61, All online: 1270341, Monday online: 500377, Thursday online: 0  
[2026-03-13 15:54:09] local.INFO: Method: getPlayersOnline. Server: 2. Player: 76561198744795404(Аркадий). Prev online: 4885, Server Online: 43024, Online: 4945. Diff online: 60, All online: 43024, Monday online: 0, Thursday online: 0  
[2026-03-13 15:54:09] local.INFO: Method: getPlayersOnline. Server: 2. Player: 76561199488737519(.NB | Kasumi). Prev online: 4645, Server Online: 330475, Online: 4706. Diff online: 61, All online: 552015, Monday online: 45019, Thursday online: 0  
[2026-03-13 15:54:09] local.INFO: Method: getPlayersOnline. Server: 2. Player: 76561198979365995(SPACE TEA). Prev online: 3302, Server Online: 3781, Online: 3362. Diff online: 60, All online: 3781, Monday online: 0, Thursday online: 0  
[2026-03-13 15:54:09] local.INFO: Method: getPlayersOnline. Server: 2. Player: 76561199812537987(Satoru). Prev online: 10420, Server Online: 463059, Online: 10480. Diff online: 60, All online: 915931, Monday online: 452872, Thursday online: 0  
[2026-03-13 15:54:10] local.INFO: Method: getPlayersOnline. Server: 2. Player: 76561199486229308(MC  АМБАЛ). Prev online: 3510, Server Online: 734487, Online: 3571. Diff online: 61, All online: 1165250, Monday online: 430763, Thursday online: 0  
[2026-03-13 15:54:10] local.INFO: Method: getPlayersOnline. Server: 2. Player: 76561198845624597(КОТЭЭЭЭ). Prev online: 9769, Server Online: 1011378, Online: 9829. Diff online: 60, All online: 2558217, Monday online: 1508563, Thursday online: 0  
[2026-03-13 15:54:10] local.INFO: Method: getPlayersOnline. Server: 2. Player: 76561199497410738(Ашот). Prev online: 8299, Server Online: 132039, Online: 8360. Diff online: 61, All online: 162279, Monday online: 30240, Thursday online: 0  
[2026-03-13 15:54:11] local.INFO: Method: getPlayersOnline. Server: 2. Player: 76561199217271678(god OK!). Prev online: 4861, Server Online: 777501, Online: 4921. Diff online: 60, All online: 777501, Monday online: 0, Thursday online: 0  
[2026-03-13 15:54:11] local.INFO: Method: getPlayersOnline. Server: 2. Player: 76561198106622348(｜ββ｜ ｶMaNｲ). Prev online: 1489, Server Online: 402218, Online: 1550. Diff online: 61, All online: 1142130, Monday online: 739912, Thursday online: 0  
[2026-03-13 15:54:11] local.INFO: Method: getPlayersOnline. Server: 2. Player: 76561199780358979(алкашик). Prev online: 968, Server Online: 5877, Online: 1029. Diff online: 61, All online: 5877, Monday online: 0, Thursday online: 0  
[2026-03-13 15:54:12] local.INFO: Method: getPlayersOnline. Server: 2. Player: 76561198754436395(『Gaw』- D3). Prev online: 6486, Server Online: 66696, Online: 6547. Diff online: 61, All online: 147315, Monday online: 80619, Thursday online: 0  
[2026-03-13 15:54:12] local.INFO: Method: getPlayersOnline. Server: 2. Player: 76561199727554631(писякака). Prev online: 4956, Server Online: 34901, Online: 5016. Diff online: 60, All online: 34901, Monday online: 0, Thursday online: 0  
[2026-03-13 15:54:12] local.INFO: Method: getPlayersOnline. Server: 2. Player: 76561199251293554(Romana_Banana #RBN). Prev online: 2074, Server Online: 647878, Online: 2134. Diff online: 60, All online: 1531822, Monday online: 883944, Thursday online: 0  
[2026-03-13 15:54:12] local.INFO: Method: getPlayersOnline. Server: 2. Player: 76561199144698786(AmyRose). Prev online: 4797, Server Online: 21668, Online: 4857. Diff online: 60, All online: 27076, Monday online: 5408, Thursday online: 0  
[2026-03-13 15:54:12] local.INFO: Method: getPlayersOnline. Server: 2. Player: 76561199143161029(76561199143161029). Prev online: 2758, Server Online: 139915, Online: 2818. Diff online: 60, All online: 359436, Monday online: 0, Thursday online: 0  
[2026-03-13 15:54:12] local.INFO: Method: getPlayersOnline. Server: 2. Player: 76561199549922345(bill). Prev online: 2527, Server Online: 124842, Online: 2587. Diff online: 60, All online: 332276, Monday online: 128442, Thursday online: 0  
[2026-03-13 15:54:13] local.INFO: Method: getPlayersOnline. Server: 2. Player: 76561199756724747(Dums#VorpalSwords). Prev online: 1018, Server Online: 12244, Online: 1079. Diff online: 61, All online: 55702, Monday online: 43458, Thursday online: 0  
[2026-03-13 15:54:13] local.INFO: Method: getPlayersOnline. Server: 2. Player: 76561199384043457([CzF] Glitersha). Prev online: 1239, Server Online: 309102, Online: 1300. Diff online: 61, All online: 530623, Monday online: 213721, Thursday online: 0  
[2026-03-13 15:54:13] local.INFO: Method: getPlayersOnline. Server: 2. Player: 76561198858639494(CL | Yamato). Prev online: 393, Server Online: 15419, Online: 454. Diff online: 61, All online: 27169, Monday online: 11750, Thursday online: 0  
[2026-03-13 15:54:14] local.INFO: Method: getPlayersOnline. Server: 3. Player: 76561199821262476(кава бухаетCS2BGD31.RU). Prev online: 2702, Server Online: 569812, Online: 2764. Diff online: 62, All online: 861361, Monday online: 569812, Thursday online: 0  
